{
  "poetrySlams": [
    {
      "ID": "79ceab87-300d-4b66-8cc3-f82c679b77a1",
      "number": 1,
      "maxVisitorsNumber": 2,
      "freeVisitorSeats": 0,
      "visitorsFeeAmount": 100.0,
      "visitorsFeeCurrency_code": "EUR",
      "status_code": 3,
      "createdBy": "Peter",
      "title": "Echoes of Thought: Poetry Slam Spectacle",
      "description": "A spectaculous festival of thought-provoking verses that reverberate with the power of human experience"
    },
    {
      "ID": "79ceab87-300d-4b66-8cc3-f82c679b77a2",
      "number": 2,
      "maxVisitorsNumber": 50,
      "freeVisitorSeats": 48,
      "visitorsFeeAmount": 105.0,
      "visitorsFeeCurrency_code": "CNY",
      "status_code": 2,
      "createdBy": "anonymous",
      "title": "Being Human Poetry Slam",
      "description": "Poetry Slams about human existence, revealing the beauty and complexity within"
    },
    {
      "ID": "79ceab87-300d-4b66-8cc3-f82c679b77a3",
      "number": 3,
      "maxVisitorsNumber": 75,
      "freeVisitorSeats": 75,
      "visitorsFeeAmount": 95.0,
      "visitorsFeeCurrency_code": "USD",
      "status_code": 1,
      "createdBy": "Peter",
      "title": "Stage of Words New York",
      "description": "Welcome to a stage in New York where words reign supreme"
    },
    {
      "ID": "79ceab87-300d-4b66-8cc3-f82c679b77a4",
      "number": 4,
      "maxVisitorsNumber": 75,
      "freeVisitorSeats": 74,
      "visitorsFeeAmount": 1000.0,
      "visitorsFeeCurrency_code": "INR",
      "status_code": 2,
      "createdBy": "anonymous",
      "title": "Sonnet Symphony Hamburg",
      "description": "Witness the harmonious fusion of structured verse and unrestrained emotion in this poetic symphony in Hamburg"
    },
    {
      "ID": "79ceab87-300d-4b66-8cc3-f82c679b77a5",
      "number": 5,
      "maxVisitorsNumber": 50,
      "freeVisitorSeats": 50,
      "visitorsFeeAmount": 100.0,
      "visitorsFeeCurrency_code": "EUR",
      "status_code": 1,
      "createdBy": "anonymous",
      "title": "Whispers of the Night",
      "description": "Late Night Poetry Slam: Verses that echo the secrets and desires that come alive under the moon's embrace"
    },
    {
      "ID": "79ceab87-300d-4b66-8cc3-f82c679b77a6",
      "number": 6,
      "maxVisitorsNumber": 75,
      "freeVisitorSeats": 74,
      "visitorsFeeAmount": 79.0,
      "visitorsFeeCurrency_code": "EUR",
      "status_code": 2,
      "createdBy": "anonymous",
      "title": "Poetry for Poets",
      "description": "Slamming poets summer festival"
    },
    {
      "ID": "79ceab87-300d-4b66-8cc3-f82c679b77a7",
      "number": 7,
      "maxVisitorsNumber": 3,
      "freeVisitorSeats": 0,
      "visitorsFeeAmount": 25.0,
      "visitorsFeeCurrency_code": "INR",
      "status_code": 3,
      "createdBy": "Peter",
      "title": "Poetry Slam Berlin",
      "description": "Live! Experience the electrifying Poetry Slam Convention in Berlin with powerful local and international voices"
    },
    {
      "ID": "79ceab87-300d-4b66-8cc3-f82c679b77a8",
      "number": 8,
      "maxVisitorsNumber": 20,
      "freeVisitorSeats": 20,
      "visitorsFeeAmount": 25.0,
      "visitorsFeeCurrency_code": "EUR",
      "status_code": 4,
      "createdBy": "Peter",
      "title": "London Poetry Open Air",
      "description": "Open air poetry festival in London"
    }
  ]
}
