{
  "visitors": [
    {
      "ID": "79ceab87-300d-4b66-8cc3-182c679b7c01",
      "name": "Thomas Schmidt",
      "email": "thomas.schmidt@pra.ondemand.com"
    },
    {
      "ID": "79ceab87-300d-4b66-8cc3-182c679b7c02",
      "name": "Miguel Rodriguez",
      "email": "miguel.rodriguez@pra.ondemand.com"
    },
    {
      "ID": "79ceab87-300d-4b66-8cc3-182c679b7c03",
      "name": "Nathalie Perrin",
      "email": "nathalie.perrin@pra.ondemand.com"
    },
    {
      "ID": "79ceab87-300d-4b66-8cc3-182c679b7c04",
      "name": "Alessandra Bertolini",
      "email": "alessandra.bertolini@pra.ondemand.com"
    },
    {
      "ID": "79ceab87-300d-4b66-8cc3-182c679b7c05",
      "name": "Vladimir Zhukov",
      "email": "vladimir.zhukov@pra.ondemand.com"
    },
    {
      "ID": "79ceab87-300d-4b66-8cc3-182c679b7c06",
      "name": "Takahiro Suzuki",
      "email": "takahiro.suzuki@pra.ondemand.com"
    },
    {
      "ID": "79ceab87-300d-4b66-8cc3-182c679b7c07",
      "name": "Xiao-ming Zhou",
      "email": "xiao-ming.zhou@pra.ondemand.com"
    },
    {
      "ID": "79ceab87-300d-4b66-8cc3-582c679b7c08",
      "name": "Tomoko Sato",
      "email": "tomoko.sato@pra.ondemand.com"
    },
    {
      "ID": "79ceab87-300d-4b66-8cc3-182c679b7c09",
      "name": "Aneesha Mishra",
      "email": "aneesha.mishra@pra.ondemand.com"
    },
    {
      "ID": "79ceab87-300d-4b66-8cc3-182c679b7c10",
      "name": "Elena Petrova",
      "email": "elena.petrova@pra.ondemand.com"
    },
    {
      "ID": "79ceab87-300d-4b66-8cc3-582c679b7c11",
      "name": "João Pereira",
      "email": "joão.pereira@pra.ondemand.com"
    },
    {
      "ID": "79ceab87-300d-4b66-8cc3-182c679b7c12",
      "name": "Michael Adams",
      "email": "michael.adams@pra.ondemand.com"
    }
  ]
}
