<?xml version="1.0" encoding="utf-8"?>
<edmx:Edmx Version="4.0" xmlns:edmx="http://docs.oasis-open.org/odata/ns/edmx">
  <edmx:Reference Uri="https://oasis-tcs.github.io/odata-vocabularies/vocabularies/Org.OData.Capabilities.V1.xml">
    <edmx:Include Alias="Capabilities" Namespace="Org.OData.Capabilities.V1"/>
  </edmx:Reference>
  <edmx:Reference Uri="https://sap.github.io/odata-vocabularies/vocabularies/Common.xml">
    <edmx:Include Alias="Common" Namespace="com.sap.vocabularies.Common.v1"/>
  </edmx:Reference>
  <edmx:Reference Uri="https://sap.github.io/odata-vocabularies/vocabularies/Communication.xml">
    <edmx:Include Alias="Communication" Namespace="com.sap.vocabularies.Communication.v1"/>
  </edmx:Reference>
  <edmx:Reference Uri="https://oasis-tcs.github.io/odata-vocabularies/vocabularies/Org.OData.Core.V1.xml">
    <edmx:Include Alias="Core" Namespace="Org.OData.Core.V1"/>
  </edmx:Reference>
  <edmx:Reference Uri="https://oasis-tcs.github.io/odata-vocabularies/vocabularies/Org.OData.Measures.V1.xml">
    <edmx:Include Alias="Measures" Namespace="Org.OData.Measures.V1"/>
  </edmx:Reference>
  <edmx:Reference Uri="https://sap.github.io/odata-vocabularies/vocabularies/UI.xml">
    <edmx:Include Alias="UI" Namespace="com.sap.vocabularies.UI.v1"/>
  </edmx:Reference>
  <edmx:Reference Uri="https://oasis-tcs.github.io/odata-vocabularies/vocabularies/Org.OData.Validation.V1.xml">
    <edmx:Include Alias="Validation" Namespace="Org.OData.Validation.V1"/>
  </edmx:Reference>
  <edmx:DataServices>
    <Schema Namespace="PoetrySlamService" xmlns="http://docs.oasis-open.org/odata/ns/edm">
      <Annotation Term="Core.Links">
        <Collection>
          <Record>
            <PropertyValue Property="rel" String="author"/>
            <PropertyValue Property="href" String="https://cap.cloud.sap"/>
          </Record>
        </Collection>
      </Annotation>
      <EntityContainer Name="EntityContainer">
        <EntitySet Name="PoetrySlams" EntityType="PoetrySlamService.PoetrySlams">
          <NavigationPropertyBinding Path="visitorsFeeCurrency" Target="Currencies"/>
          <NavigationPropertyBinding Path="status" Target="PoetrySlamStatusCodes"/>
          <NavigationPropertyBinding Path="visits" Target="Visits"/>
          <NavigationPropertyBinding Path="SiblingEntity" Target="PoetrySlams"/>
        </EntitySet>
        <EntitySet Name="Visitors" EntityType="PoetrySlamService.Visitors">
          <NavigationPropertyBinding Path="visits" Target="Visits"/>
        </EntitySet>
        <EntitySet Name="Visits" EntityType="PoetrySlamService.Visits">
          <NavigationPropertyBinding Path="parent" Target="PoetrySlams"/>
          <NavigationPropertyBinding Path="visitor" Target="Visitors"/>
          <NavigationPropertyBinding Path="status" Target="VisitStatusCodes"/>
          <NavigationPropertyBinding Path="SiblingEntity" Target="Visits"/>
        </EntitySet>
        <EntitySet Name="Currencies" EntityType="PoetrySlamService.Currencies">
          <NavigationPropertyBinding Path="texts" Target="Currencies_texts"/>
          <NavigationPropertyBinding Path="localized" Target="Currencies_texts"/>
        </EntitySet>
        <EntitySet Name="PoetrySlamStatusCodes" EntityType="PoetrySlamService.PoetrySlamStatusCodes">
          <NavigationPropertyBinding Path="texts" Target="PoetrySlamStatusCodes_texts"/>
          <NavigationPropertyBinding Path="localized" Target="PoetrySlamStatusCodes_texts"/>
        </EntitySet>
        <EntitySet Name="VisitStatusCodes" EntityType="PoetrySlamService.VisitStatusCodes">
          <NavigationPropertyBinding Path="texts" Target="VisitStatusCodes_texts"/>
          <NavigationPropertyBinding Path="localized" Target="VisitStatusCodes_texts"/>
        </EntitySet>
        <EntitySet Name="Currencies_texts" EntityType="PoetrySlamService.Currencies_texts"/>
        <EntitySet Name="PoetrySlamStatusCodes_texts" EntityType="PoetrySlamService.PoetrySlamStatusCodes_texts"/>
        <EntitySet Name="VisitStatusCodes_texts" EntityType="PoetrySlamService.VisitStatusCodes_texts"/>
        <FunctionImport Name="userInfo" Function="PoetrySlamService.userInfo"/>
        <ActionImport Name="createTestData" Action="PoetrySlamService.createTestData"/>
      </EntityContainer>
      <EntityType Name="PoetrySlams">
        <Key>
          <PropertyRef Name="ID"/>
          <PropertyRef Name="IsActiveEntity"/>
        </Key>
        <Property Name="ID" Type="Edm.Guid" Nullable="false"/>
        <Property Name="createdAt" Type="Edm.DateTimeOffset" Precision="7"/>
        <Property Name="createdBy" Type="Edm.String" MaxLength="255"/>
        <Property Name="modifiedAt" Type="Edm.DateTimeOffset" Precision="7"/>
        <Property Name="modifiedBy" Type="Edm.String" MaxLength="255"/>
        <Property Name="number" Type="Edm.String" MaxLength="255"/>
        <Property Name="title" Type="Edm.String" MaxLength="255"/>
        <Property Name="description" Type="Edm.String" MaxLength="1000"/>
        <Property Name="dateTime" Type="Edm.DateTimeOffset"/>
        <Property Name="maxVisitorsNumber" Type="Edm.Int32"/>
        <Property Name="freeVisitorSeats" Type="Edm.Int32"/>
        <Property Name="visitorsFeeAmount" Type="Edm.Decimal" Precision="6" Scale="2"/>
        <NavigationProperty Name="visitorsFeeCurrency" Type="PoetrySlamService.Currencies">
          <ReferentialConstraint Property="visitorsFeeCurrency_code" ReferencedProperty="code"/>
        </NavigationProperty>
        <Property Name="visitorsFeeCurrency_code" Type="Edm.String" MaxLength="3"/>
        <NavigationProperty Name="status" Type="PoetrySlamService.PoetrySlamStatusCodes">
          <ReferentialConstraint Property="status_code" ReferencedProperty="code"/>
        </NavigationProperty>
        <Property Name="status_code" Type="Edm.Int32" DefaultValue="1"/>
        <NavigationProperty Name="visits" Type="Collection(PoetrySlamService.Visits)" Partner="parent">
          <OnDelete Action="Cascade"/>
        </NavigationProperty>
        <Property Name="bookedSeats" Type="Edm.Int32"/>
        <Property Name="statusCriticality" Type="Edm.Int32"/>
        <Property Name="IsActiveEntity" Type="Edm.Boolean" Nullable="false" DefaultValue="true"/>
        <Property Name="HasActiveEntity" Type="Edm.Boolean" Nullable="false" DefaultValue="false"/>
        <Property Name="HasDraftEntity" Type="Edm.Boolean" Nullable="false" DefaultValue="false"/>
        <NavigationProperty Name="DraftAdministrativeData" Type="PoetrySlamService.DraftAdministrativeData" ContainsTarget="true"/>
        <NavigationProperty Name="SiblingEntity" Type="PoetrySlamService.PoetrySlams"/>
      </EntityType>
      <EntityType Name="Visitors">
        <Key>
          <PropertyRef Name="ID"/>
        </Key>
        <Property Name="ID" Type="Edm.Guid" Nullable="false"/>
        <Property Name="createdAt" Type="Edm.DateTimeOffset" Precision="7"/>
        <Property Name="createdBy" Type="Edm.String" MaxLength="255"/>
        <Property Name="modifiedAt" Type="Edm.DateTimeOffset" Precision="7"/>
        <Property Name="modifiedBy" Type="Edm.String" MaxLength="255"/>
        <Property Name="name" Type="Edm.String"/>
        <Property Name="email" Type="Edm.String"/>
        <NavigationProperty Name="visits" Type="Collection(PoetrySlamService.Visits)" Partner="visitor"/>
      </EntityType>
      <EntityType Name="Visits">
        <Key>
          <PropertyRef Name="ID"/>
          <PropertyRef Name="IsActiveEntity"/>
        </Key>
        <Property Name="ID" Type="Edm.Guid" Nullable="false"/>
        <Property Name="createdAt" Type="Edm.DateTimeOffset" Precision="7"/>
        <Property Name="createdBy" Type="Edm.String" MaxLength="255"/>
        <Property Name="modifiedAt" Type="Edm.DateTimeOffset" Precision="7"/>
        <Property Name="modifiedBy" Type="Edm.String" MaxLength="255"/>
        <NavigationProperty Name="parent" Type="PoetrySlamService.PoetrySlams" Partner="visits">
          <ReferentialConstraint Property="parent_ID" ReferencedProperty="ID"/>
        </NavigationProperty>
        <Property Name="parent_ID" Type="Edm.Guid"/>
        <NavigationProperty Name="visitor" Type="PoetrySlamService.Visitors" Partner="visits">
          <ReferentialConstraint Property="visitor_ID" ReferencedProperty="ID"/>
        </NavigationProperty>
        <Property Name="visitor_ID" Type="Edm.Guid"/>
        <Property Name="artistIndicator" Type="Edm.Boolean" DefaultValue="false"/>
        <NavigationProperty Name="status" Type="PoetrySlamService.VisitStatusCodes">
          <ReferentialConstraint Property="status_code" ReferencedProperty="code"/>
        </NavigationProperty>
        <Property Name="status_code" Type="Edm.Int32"/>
        <Property Name="statusCriticality" Type="Edm.Int32"/>
        <Property Name="IsActiveEntity" Type="Edm.Boolean" Nullable="false" DefaultValue="true"/>
        <Property Name="HasActiveEntity" Type="Edm.Boolean" Nullable="false" DefaultValue="false"/>
        <Property Name="HasDraftEntity" Type="Edm.Boolean" Nullable="false" DefaultValue="false"/>
        <NavigationProperty Name="DraftAdministrativeData" Type="PoetrySlamService.DraftAdministrativeData" ContainsTarget="true"/>
        <NavigationProperty Name="SiblingEntity" Type="PoetrySlamService.Visits"/>
      </EntityType>
      <EntityType Name="Currencies">
        <Key>
          <PropertyRef Name="code"/>
        </Key>
        <Property Name="name" Type="Edm.String" MaxLength="255"/>
        <Property Name="descr" Type="Edm.String" MaxLength="1000"/>
        <Property Name="code" Type="Edm.String" MaxLength="3" Nullable="false"/>
        <Property Name="symbol" Type="Edm.String" MaxLength="5"/>
        <Property Name="minorUnit" Type="Edm.Int16"/>
        <NavigationProperty Name="texts" Type="Collection(PoetrySlamService.Currencies_texts)">
          <OnDelete Action="Cascade"/>
        </NavigationProperty>
        <NavigationProperty Name="localized" Type="PoetrySlamService.Currencies_texts">
          <ReferentialConstraint Property="code" ReferencedProperty="code"/>
        </NavigationProperty>
      </EntityType>
      <EntityType Name="PoetrySlamStatusCodes">
        <Key>
          <PropertyRef Name="code"/>
        </Key>
        <Property Name="name" Type="Edm.String" MaxLength="255"/>
        <Property Name="descr" Type="Edm.String" MaxLength="1000"/>
        <Property Name="code" Type="Edm.Int32" Nullable="false" DefaultValue="1"/>
        <NavigationProperty Name="texts" Type="Collection(PoetrySlamService.PoetrySlamStatusCodes_texts)">
          <OnDelete Action="Cascade"/>
        </NavigationProperty>
        <NavigationProperty Name="localized" Type="PoetrySlamService.PoetrySlamStatusCodes_texts">
          <ReferentialConstraint Property="code" ReferencedProperty="code"/>
        </NavigationProperty>
      </EntityType>
      <EntityType Name="VisitStatusCodes">
        <Key>
          <PropertyRef Name="code"/>
        </Key>
        <Property Name="name" Type="Edm.String" MaxLength="255"/>
        <Property Name="descr" Type="Edm.String" MaxLength="1000"/>
        <Property Name="code" Type="Edm.Int32" Nullable="false"/>
        <NavigationProperty Name="texts" Type="Collection(PoetrySlamService.VisitStatusCodes_texts)">
          <OnDelete Action="Cascade"/>
        </NavigationProperty>
        <NavigationProperty Name="localized" Type="PoetrySlamService.VisitStatusCodes_texts">
          <ReferentialConstraint Property="code" ReferencedProperty="code"/>
        </NavigationProperty>
      </EntityType>
      <EntityType Name="DraftAdministrativeData">
        <Key>
          <PropertyRef Name="DraftUUID"/>
        </Key>
        <Property Name="DraftUUID" Type="Edm.Guid" Nullable="false"/>
        <Property Name="CreationDateTime" Type="Edm.DateTimeOffset" Precision="7"/>
        <Property Name="CreatedByUser" Type="Edm.String" MaxLength="256"/>
        <Property Name="DraftIsCreatedByMe" Type="Edm.Boolean"/>
        <Property Name="LastChangeDateTime" Type="Edm.DateTimeOffset" Precision="7"/>
        <Property Name="LastChangedByUser" Type="Edm.String" MaxLength="256"/>
        <Property Name="InProcessByUser" Type="Edm.String" MaxLength="256"/>
        <Property Name="DraftIsProcessedByMe" Type="Edm.Boolean"/>
      </EntityType>
      <EntityType Name="Currencies_texts">
        <Key>
          <PropertyRef Name="locale"/>
          <PropertyRef Name="code"/>
        </Key>
        <Property Name="locale" Type="Edm.String" MaxLength="14" Nullable="false"/>
        <Property Name="name" Type="Edm.String" MaxLength="255"/>
        <Property Name="descr" Type="Edm.String" MaxLength="1000"/>
        <Property Name="code" Type="Edm.String" MaxLength="3" Nullable="false"/>
      </EntityType>
      <EntityType Name="PoetrySlamStatusCodes_texts">
        <Key>
          <PropertyRef Name="locale"/>
          <PropertyRef Name="code"/>
        </Key>
        <Property Name="locale" Type="Edm.String" MaxLength="14" Nullable="false"/>
        <Property Name="name" Type="Edm.String" MaxLength="255"/>
        <Property Name="descr" Type="Edm.String" MaxLength="1000"/>
        <Property Name="code" Type="Edm.Int32" Nullable="false" DefaultValue="1"/>
      </EntityType>
      <EntityType Name="VisitStatusCodes_texts">
        <Key>
          <PropertyRef Name="locale"/>
          <PropertyRef Name="code"/>
        </Key>
        <Property Name="locale" Type="Edm.String" MaxLength="14" Nullable="false"/>
        <Property Name="name" Type="Edm.String" MaxLength="255"/>
        <Property Name="descr" Type="Edm.String" MaxLength="1000"/>
        <Property Name="code" Type="Edm.Int32" Nullable="false"/>
      </EntityType>
      <ComplexType Name="userRoles">
        <Property Name="identified" Type="Edm.Boolean"/>
        <Property Name="authenticated" Type="Edm.Boolean"/>
      </ComplexType>
      <ComplexType Name="user">
        <Property Name="id" Type="Edm.String"/>
        <Property Name="locale" Type="Edm.String"/>
        <Property Name="roles" Type="PoetrySlamService.userRoles"/>
      </ComplexType>
      <Action Name="cancel" IsBound="true" EntitySetPath="poetryslam">
        <Parameter Name="poetryslam" Type="PoetrySlamService.PoetrySlams"/>
        <ReturnType Type="PoetrySlamService.PoetrySlams"/>
      </Action>
      <Action Name="publish" IsBound="true" EntitySetPath="poetryslam">
        <Parameter Name="poetryslam" Type="PoetrySlamService.PoetrySlams"/>
        <ReturnType Type="PoetrySlamService.PoetrySlams"/>
      </Action>
      <Action Name="draftPrepare" IsBound="true" EntitySetPath="in">
        <Parameter Name="in" Type="PoetrySlamService.PoetrySlams"/>
        <Parameter Name="SideEffectsQualifier" Type="Edm.String"/>
        <ReturnType Type="PoetrySlamService.PoetrySlams"/>
      </Action>
      <Action Name="draftPrepare" IsBound="true" EntitySetPath="in">
        <Parameter Name="in" Type="PoetrySlamService.Visits"/>
        <Parameter Name="SideEffectsQualifier" Type="Edm.String"/>
        <ReturnType Type="PoetrySlamService.Visits"/>
      </Action>
      <Action Name="draftActivate" IsBound="true" EntitySetPath="in">
        <Parameter Name="in" Type="PoetrySlamService.PoetrySlams"/>
        <ReturnType Type="PoetrySlamService.PoetrySlams"/>
      </Action>
      <Action Name="draftEdit" IsBound="true" EntitySetPath="in">
        <Parameter Name="in" Type="PoetrySlamService.PoetrySlams"/>
        <Parameter Name="PreserveChanges" Type="Edm.Boolean"/>
        <ReturnType Type="PoetrySlamService.PoetrySlams"/>
      </Action>
      <Action Name="cancelVisit" IsBound="true" EntitySetPath="visits">
        <Parameter Name="visits" Type="PoetrySlamService.Visits"/>
        <ReturnType Type="PoetrySlamService.Visits"/>
      </Action>
      <Action Name="confirmVisit" IsBound="true" EntitySetPath="visits">
        <Parameter Name="visits" Type="PoetrySlamService.Visits"/>
        <ReturnType Type="PoetrySlamService.Visits"/>
      </Action>
      <Function Name="userInfo" IsBound="false" IsComposable="false">
        <ReturnType Type="PoetrySlamService.user"/>
      </Function>
      <Action Name="createTestData" IsBound="false">
        <ReturnType Type="Edm.Boolean"/>
      </Action>
      <Annotations Target="PoetrySlamService.PoetrySlams">
        <Annotation Term="Common.SemanticObject" String="poetryslams"/>
        <Annotation Term="Common.SemanticKey">
          <Collection>
            <PropertyPath>number</PropertyPath>
          </Collection>
        </Annotation>
        <Annotation Term="Common.SideEffects" Qualifier="maxVisitorsNumber">
          <Record Type="Common.SideEffectsType">
            <PropertyValue Property="SourceProperties">
              <Collection>
                <PropertyPath>maxVisitorsNumber</PropertyPath>
              </Collection>
            </PropertyValue>
            <PropertyValue Property="TargetProperties">
              <Collection>
                <String>freeVisitorSeats</String>
                <String>status_code</String>
                <String>statusCriticality</String>
              </Collection>
            </PropertyValue>
          </Record>
        </Annotation>
        <Annotation Term="Common.SideEffects" Qualifier="visits">
          <Record Type="Common.SideEffectsType">
            <PropertyValue Property="SourceEntities">
              <Collection>
                <NavigationPropertyPath>visits</NavigationPropertyPath>
              </Collection>
            </PropertyValue>
            <PropertyValue Property="TargetProperties">
              <Collection>
                <String>freeVisitorSeats</String>
                <String>status_code</String>
                <String>statusCriticality</String>
              </Collection>
            </PropertyValue>
          </Record>
        </Annotation>
        <Annotation Term="UI.DataPoint" Qualifier="bookedSeats">
          <Record Type="UI.DataPointType">
            <PropertyValue Property="Title" String="{i18n>bookedSeatsTitle}"/>
            <PropertyValue Property="Value" Path="bookedSeats"/>
            <PropertyValue Property="Visualization" EnumMember="UI.VisualizationType/Progress"/>
            <PropertyValue Property="TargetValue" Path="maxVisitorsNumber"/>
          </Record>
        </Annotation>
        <Annotation Term="UI.DataPoint" Qualifier="dateTime">
          <Record Type="UI.DataPointType">
            <PropertyValue Property="Value" Path="dateTime"/>
            <PropertyValue Property="Title" String="{i18n>dateTime}"/>
          </Record>
        </Annotation>
        <Annotation Term="UI.DataPoint" Qualifier="status_code">
          <Record Type="UI.DataPointType">
            <PropertyValue Property="Value" Path="status_code"/>
            <PropertyValue Property="Title" String="{i18n>status}"/>
            <PropertyValue Property="Criticality" Path="statusCriticality"/>
          </Record>
        </Annotation>
        <Annotation Term="UI.DataPoint" Qualifier="visitorsFeeAmount">
          <Record Type="UI.DataPointType">
            <PropertyValue Property="Value" Path="visitorsFeeAmount"/>
            <PropertyValue Property="Title" String="{i18n>visitorsFeeAmount}"/>
          </Record>
        </Annotation>
        <Annotation Term="UI.Facets">
          <Collection>
            <Record Type="UI.ReferenceFacet">
              <PropertyValue Property="ID" String="GeneralData"/>
              <PropertyValue Property="Label" String="{i18n>generalData}"/>
              <PropertyValue Property="Target" AnnotationPath="@UI.FieldGroup#GeneralData"/>
            </Record>
            <Record Type="UI.ReferenceFacet">
              <PropertyValue Property="Label" String="{i18n>visitorData}"/>
              <PropertyValue Property="ID" String="VisitorData"/>
              <PropertyValue Property="Target" AnnotationPath="visits/@UI.LineItem#VisitorData"/>
              <Annotation Term="UI.Hidden">
                <Eq>
                  <Path>status/code</Path>
                  <Int>1</Int>
                </Eq>
              </Annotation>
            </Record>
            <Record Type="UI.ReferenceFacet">
              <PropertyValue Property="Label" String="{i18n>administrativeData}"/>
              <PropertyValue Property="ID" String="AdministrativeData"/>
              <PropertyValue Property="Target" AnnotationPath="@UI.FieldGroup#AdministrativeData"/>
            </Record>
          </Collection>
        </Annotation>
        <Annotation Term="UI.FieldGroup" Qualifier="CreatedByAndOn">
          <Record Type="UI.FieldGroupType">
            <PropertyValue Property="Data">
              <Collection>
                <Record Type="UI.DataField">
                  <PropertyValue Property="Value" Path="createdBy"/>
                </Record>
                <Record Type="UI.DataField">
                  <PropertyValue Property="Value" Path="createdAt"/>
                </Record>
              </Collection>
            </PropertyValue>
          </Record>
        </Annotation>
        <Annotation Term="UI.FieldGroup" Qualifier="AdministrativeData">
          <Record Type="UI.FieldGroupType">
            <PropertyValue Property="Data">
              <Collection>
                <Record Type="UI.DataField">
                  <PropertyValue Property="Value" Path="createdBy"/>
                </Record>
                <Record Type="UI.DataField">
                  <PropertyValue Property="Value" Path="createdAt"/>
                </Record>
                <Record Type="UI.DataField">
                  <PropertyValue Property="Value" Path="modifiedBy"/>
                </Record>
                <Record Type="UI.DataField">
                  <PropertyValue Property="Value" Path="modifiedAt"/>
                </Record>
              </Collection>
            </PropertyValue>
          </Record>
        </Annotation>
        <Annotation Term="UI.FieldGroup" Qualifier="GeneralData">
          <Record Type="UI.FieldGroupType">
            <PropertyValue Property="Data">
              <Collection>
                <Record Type="UI.DataField">
                  <PropertyValue Property="Value" Path="number"/>
                </Record>
                <Record Type="UI.DataField">
                  <PropertyValue Property="Value" Path="status/code"/>
                </Record>
                <Record Type="UI.DataField">
                  <PropertyValue Property="Value" Path="title"/>
                </Record>
                <Record Type="UI.DataField">
                  <PropertyValue Property="Value" Path="description"/>
                </Record>
                <Record Type="UI.DataField">
                  <PropertyValue Property="Value" Path="dateTime"/>
                </Record>
                <Record Type="UI.DataField">
                  <PropertyValue Property="Value" Path="visitorsFeeAmount"/>
                </Record>
                <Record Type="UI.DataField">
                  <PropertyValue Property="Value" Path="visitorsFeeCurrency_code"/>
                </Record>
                <Record Type="UI.DataField">
                  <PropertyValue Property="Value" Path="maxVisitorsNumber"/>
                </Record>
                <Record Type="UI.DataField">
                  <PropertyValue Property="Value" Path="freeVisitorSeats"/>
                </Record>
              </Collection>
            </PropertyValue>
          </Record>
        </Annotation>
        <Annotation Term="UI.HeaderFacets">
          <Collection>
            <Record Type="UI.ReferenceFacet">
              <PropertyValue Property="ID" String="dateTime"/>
              <PropertyValue Property="Target" AnnotationPath="@UI.DataPoint#dateTime"/>
            </Record>
            <Record Type="UI.ReferenceFacet">
              <PropertyValue Property="ID" String="bookedSeats"/>
              <PropertyValue Property="Target" AnnotationPath="@UI.DataPoint#bookedSeats"/>
            </Record>
            <Record Type="UI.ReferenceFacet">
              <PropertyValue Property="ID" String="visitorsFeeAmount"/>
              <PropertyValue Property="Target" AnnotationPath="@UI.DataPoint#visitorsFeeAmount"/>
            </Record>
            <Record Type="UI.ReferenceFacet">
              <PropertyValue Property="ID" String="status_code"/>
              <PropertyValue Property="Target" AnnotationPath="@UI.DataPoint#status_code"/>
            </Record>
            <Record Type="UI.ReferenceFacet">
              <PropertyValue Property="ID" String="CreatedByAndOn"/>
              <PropertyValue Property="Target" AnnotationPath="@UI.FieldGroup#CreatedByAndOn"/>
            </Record>
          </Collection>
        </Annotation>
        <Annotation Term="UI.HeaderInfo">
          <Record Type="UI.HeaderInfoType">
            <PropertyValue Property="TypeName" String="{i18n>poetrySlam}"/>
            <PropertyValue Property="TypeNamePlural" String="{i18n>poetrySlam-plural}"/>
            <PropertyValue Property="Title">
              <Record Type="UI.DataField">
                <PropertyValue Property="Value" Path="number"/>
              </Record>
            </PropertyValue>
            <PropertyValue Property="Description">
              <Record Type="UI.DataField">
                <PropertyValue Property="Value" Path="description"/>
              </Record>
            </PropertyValue>
          </Record>
        </Annotation>
        <Annotation Term="UI.Identification">
          <Collection>
            <Record Type="UI.DataFieldForAction">
              <PropertyValue Property="Action" String="PoetrySlamService.publish"/>
              <PropertyValue Property="Label" String="{i18n>publish}"/>
              <Annotation Term="UI.Hidden">
                <Not>
                  <Path>IsActiveEntity</Path>
                </Not>
              </Annotation>
            </Record>
            <Record Type="UI.DataFieldForAction">
              <PropertyValue Property="Action" String="PoetrySlamService.cancel"/>
              <PropertyValue Property="Label" String="{i18n>cancel}"/>
              <Annotation Term="UI.Hidden">
                <Not>
                  <Path>IsActiveEntity</Path>
                </Not>
              </Annotation>
            </Record>
            <Record Type="UI.DataFieldForIntentBasedNavigation">
              <PropertyValue Property="SemanticObject" String="visitors"/>
              <PropertyValue Property="Action" String="display"/>
              <PropertyValue Property="Label" String="{i18n>maintainVisitors}"/>
            </Record>
          </Collection>
        </Annotation>
        <Annotation Term="UI.LineItem">
          <Collection>
            <Record Type="UI.DataFieldForAction">
              <PropertyValue Property="Action" String="PoetrySlamService.cancel"/>
              <PropertyValue Property="Label" String="{i18n>cancel}"/>
            </Record>
            <Record Type="UI.DataFieldForAction">
              <PropertyValue Property="Action" String="PoetrySlamService.publish"/>
              <PropertyValue Property="Label" String="{i18n>publish}"/>
            </Record>
            <Record Type="UI.DataField">
              <PropertyValue Property="Value" Path="number"/>
            </Record>
            <Record Type="UI.DataField">
              <PropertyValue Property="Value" Path="title"/>
            </Record>
            <Record Type="UI.DataField">
              <PropertyValue Property="Value" Path="description"/>
            </Record>
            <Record Type="UI.DataField">
              <PropertyValue Property="Value" Path="status_code"/>
              <PropertyValue Property="Criticality" Path="statusCriticality"/>
            </Record>
            <Record Type="UI.DataField">
              <PropertyValue Property="Value" Path="dateTime"/>
            </Record>
            <Record Type="UI.DataFieldForAnnotation">
              <PropertyValue Property="Target" AnnotationPath="@UI.DataPoint#bookedSeats"/>
            </Record>
            <Record Type="UI.DataFieldForAction">
              <PropertyValue Property="Action" String="PoetrySlamService.EntityContainer/createTestData"/>
              <PropertyValue Property="Label" String="{i18n>generateSampleData}"/>
            </Record>
          </Collection>
        </Annotation>
        <Annotation Term="UI.SelectionFields">
          <Collection>
            <PropertyPath>number</PropertyPath>
            <PropertyPath>title</PropertyPath>
            <PropertyPath>description</PropertyPath>
            <PropertyPath>status_code</PropertyPath>
            <PropertyPath>dateTime</PropertyPath>
          </Collection>
        </Annotation>
      </Annotations>
      <Annotations Target="PoetrySlamService.EntityContainer/PoetrySlams">
        <Annotation Term="Common.SemanticObject" String="poetryslams"/>
        <Annotation Term="Common.SideEffects" Qualifier="maxVisitorsNumber">
          <Record Type="Common.SideEffectsType">
            <PropertyValue Property="SourceProperties">
              <Collection>
                <PropertyPath>maxVisitorsNumber</PropertyPath>
              </Collection>
            </PropertyValue>
            <PropertyValue Property="TargetProperties">
              <Collection>
                <String>freeVisitorSeats</String>
                <String>status_code</String>
                <String>statusCriticality</String>
              </Collection>
            </PropertyValue>
          </Record>
        </Annotation>
        <Annotation Term="Common.SideEffects" Qualifier="visits">
          <Record Type="Common.SideEffectsType">
            <PropertyValue Property="SourceEntities">
              <Collection>
                <NavigationPropertyPath>visits</NavigationPropertyPath>
              </Collection>
            </PropertyValue>
            <PropertyValue Property="TargetProperties">
              <Collection>
                <String>freeVisitorSeats</String>
                <String>status_code</String>
                <String>statusCriticality</String>
              </Collection>
            </PropertyValue>
          </Record>
        </Annotation>
        <Annotation Term="Common.DraftRoot">
          <Record Type="Common.DraftRootType">
            <PropertyValue Property="ActivationAction" String="PoetrySlamService.draftActivate"/>
            <PropertyValue Property="EditAction" String="PoetrySlamService.draftEdit"/>
            <PropertyValue Property="PreparationAction" String="PoetrySlamService.draftPrepare"/>
          </Record>
        </Annotation>
        <Annotation Term="Capabilities.DeleteRestrictions">
          <Record Type="Capabilities.DeleteRestrictionsType">
            <PropertyValue Property="Deletable">
              <Or>
                <Eq>
                  <Path>status/code</Path>
                  <Int>1</Int>
                </Eq>
                <Eq>
                  <Path>status/code</Path>
                  <Int>4</Int>
                </Eq>
              </Or>
            </PropertyValue>
          </Record>
        </Annotation>
      </Annotations>
      <Annotations Target="PoetrySlamService.PoetrySlams/ID">
        <Annotation Term="UI.Hidden" Bool="true"/>
        <Annotation Term="Core.Computed" Bool="true"/>
        <Annotation Term="Core.ComputedDefaultValue" Bool="true"/>
        <Annotation Term="Common.Label" String="{i18n>uuid}"/>
      </Annotations>
      <Annotations Target="PoetrySlamService.PoetrySlams/createdAt">
        <Annotation Term="UI.HiddenFilter" Bool="true"/>
        <Annotation Term="UI.ExcludeFromNavigationContext" Bool="true"/>
        <Annotation Term="Core.Immutable" Bool="true"/>
        <Annotation Term="Core.Computed" Bool="true"/>
        <Annotation Term="Common.Label" String="{i18n>CreatedAt}"/>
      </Annotations>
      <Annotations Target="PoetrySlamService.PoetrySlams/createdBy">
        <Annotation Term="UI.HiddenFilter" Bool="true"/>
        <Annotation Term="UI.ExcludeFromNavigationContext" Bool="true"/>
        <Annotation Term="Core.Immutable" Bool="true"/>
        <Annotation Term="Core.Computed" Bool="true"/>
        <Annotation Term="Core.Description" String="{i18n>UserID.Description}"/>
        <Annotation Term="Common.Label" String="{i18n>CreatedBy}"/>
      </Annotations>
      <Annotations Target="PoetrySlamService.PoetrySlams/modifiedAt">
        <Annotation Term="UI.HiddenFilter" Bool="true"/>
        <Annotation Term="UI.ExcludeFromNavigationContext" Bool="true"/>
        <Annotation Term="Core.Computed" Bool="true"/>
        <Annotation Term="Common.Label" String="{i18n>ChangedAt}"/>
      </Annotations>
      <Annotations Target="PoetrySlamService.PoetrySlams/modifiedBy">
        <Annotation Term="UI.HiddenFilter" Bool="true"/>
        <Annotation Term="UI.ExcludeFromNavigationContext" Bool="true"/>
        <Annotation Term="Core.Computed" Bool="true"/>
        <Annotation Term="Core.Description" String="{i18n>UserID.Description}"/>
        <Annotation Term="Common.Label" String="{i18n>ChangedBy}"/>
      </Annotations>
      <Annotations Target="PoetrySlamService.PoetrySlams/number">
        <Annotation Term="Common.Label" String="{i18n>number}"/>
        <Annotation Term="Core.Computed" Bool="true"/>
      </Annotations>
      <Annotations Target="PoetrySlamService.PoetrySlams/title">
        <Annotation Term="Common.Label" String="{i18n>title}"/>
        <Annotation Term="Common.FieldControl" EnumMember="Common.FieldControlType/Mandatory"/>
      </Annotations>
      <Annotations Target="PoetrySlamService.PoetrySlams/description">
        <Annotation Term="UI.MultiLineText" Bool="true"/>
        <Annotation Term="Common.Label" String="{i18n>description}"/>
      </Annotations>
      <Annotations Target="PoetrySlamService.PoetrySlams/dateTime">
        <Annotation Term="Common.Label" String="{i18n>dateTime}"/>
        <Annotation Term="Common.FieldControl" EnumMember="Common.FieldControlType/Mandatory"/>
      </Annotations>
      <Annotations Target="PoetrySlamService.PoetrySlams/maxVisitorsNumber">
        <Annotation Term="Common.Label" String="{i18n>maxVisitorsNumber}"/>
        <Annotation Term="Common.FieldControl" EnumMember="Common.FieldControlType/Mandatory"/>
      </Annotations>
      <Annotations Target="PoetrySlamService.PoetrySlams/freeVisitorSeats">
        <Annotation Term="Common.Label" String="{i18n>freeVisitorSeats}"/>
        <Annotation Term="Core.Computed" Bool="true"/>
      </Annotations>
      <Annotations Target="PoetrySlamService.PoetrySlams/visitorsFeeAmount">
        <Annotation Term="Measures.ISOCurrency" Path="visitorsFeeCurrency_code"/>
        <Annotation Term="Common.Label" String="{i18n>visitorsFeeAmount}"/>
      </Annotations>
      <Annotations Target="PoetrySlamService.PoetrySlams/visitorsFeeCurrency">
        <Annotation Term="UI.Hidden" Bool="true"/>
        <Annotation Term="Common.Label" String="{i18n>visitorsFeeCurrency}"/>
      </Annotations>
      <Annotations Target="PoetrySlamService.PoetrySlams/visitorsFeeCurrency_code">
        <Annotation Term="UI.Hidden" Bool="true"/>
        <Annotation Term="Common.Label" String="{i18n>visitorsFeeCurrency}"/>
        <Annotation Term="Common.ValueList">
          <Record Type="Common.ValueListType">
            <PropertyValue Property="Label" String="{i18n>visitorsFeeCurrency}"/>
            <PropertyValue Property="CollectionPath" String="Currencies"/>
            <PropertyValue Property="Parameters">
              <Collection>
                <Record Type="Common.ValueListParameterInOut">
                  <PropertyValue Property="LocalDataProperty" PropertyPath="visitorsFeeCurrency_code"/>
                  <PropertyValue Property="ValueListProperty" String="code"/>
                </Record>
                <Record Type="Common.ValueListParameterDisplayOnly">
                  <PropertyValue Property="ValueListProperty" String="name"/>
                </Record>
              </Collection>
            </PropertyValue>
          </Record>
        </Annotation>
      </Annotations>
      <Annotations Target="PoetrySlamService.PoetrySlams/status">
        <Annotation Term="Common.Label" String="{i18n>status}"/>
      </Annotations>
      <Annotations Target="PoetrySlamService.PoetrySlams/status_code">
        <Annotation Term="Common.Text" Path="status/name">
          <Annotation Term="UI.TextArrangement" EnumMember="UI.TextArrangementType/TextOnly"/>
        </Annotation>
        <Annotation Term="Common.Label" String="{i18n>status}"/>
        <Annotation Term="Common.ValueList">
          <Record Type="Common.ValueListType">
            <PropertyValue Property="Label" String="{i18n>status}"/>
            <PropertyValue Property="CollectionPath" String="PoetrySlamStatusCodes"/>
            <PropertyValue Property="Parameters">
              <Collection>
                <Record Type="Common.ValueListParameterInOut">
                  <PropertyValue Property="LocalDataProperty" PropertyPath="status_code"/>
                  <PropertyValue Property="ValueListProperty" String="code"/>
                </Record>
                <Record Type="Common.ValueListParameterDisplayOnly">
                  <PropertyValue Property="ValueListProperty" String="name"/>
                </Record>
              </Collection>
            </PropertyValue>
          </Record>
        </Annotation>
        <Annotation Term="Core.Computed" Bool="true"/>
      </Annotations>
      <Annotations Target="PoetrySlamService.PoetrySlams/visits">
        <Annotation Term="Common.Label" String="{i18n>visits}"/>
      </Annotations>
      <Annotations Target="PoetrySlamService.PoetrySlams/bookedSeats">
        <Annotation Term="Core.Computed" Bool="true"/>
        <Annotation Term="Common.Label" String="{i18n>bookedSeats}"/>
      </Annotations>
      <Annotations Target="PoetrySlamService.PoetrySlams/statusCriticality">
        <Annotation Term="UI.Hidden" Bool="true"/>
        <Annotation Term="Core.Computed" Bool="true"/>
        <Annotation Term="Common.Label" String="{i18n>statusCriticality}"/>
      </Annotations>
      <Annotations Target="PoetrySlamService.PoetrySlams/IsActiveEntity">
        <Annotation Term="UI.Hidden" Bool="true"/>
      </Annotations>
      <Annotations Target="PoetrySlamService.PoetrySlams/HasActiveEntity">
        <Annotation Term="UI.Hidden" Bool="true"/>
      </Annotations>
      <Annotations Target="PoetrySlamService.PoetrySlams/HasDraftEntity">
        <Annotation Term="UI.Hidden" Bool="true"/>
      </Annotations>
      <Annotations Target="PoetrySlamService.PoetrySlams/DraftAdministrativeData">
        <Annotation Term="UI.Hidden" Bool="true"/>
      </Annotations>
      <Annotations Target="PoetrySlamService.cancel(PoetrySlamService.PoetrySlams)">
        <Annotation Term="Common.SideEffects">
          <Record Type="Common.SideEffectsType">
            <PropertyValue Property="TargetProperties">
              <Collection>
                <String>poetryslam/status_code</String>
                <String>poetryslam/statusCriticality</String>
              </Collection>
            </PropertyValue>
          </Record>
        </Annotation>
      </Annotations>
      <Annotations Target="PoetrySlamService.publish(PoetrySlamService.PoetrySlams)">
        <Annotation Term="Common.SideEffects">
          <Record Type="Common.SideEffectsType">
            <PropertyValue Property="TargetProperties">
              <Collection>
                <String>poetryslam/status_code</String>
                <String>poetryslam/statusCriticality</String>
              </Collection>
            </PropertyValue>
          </Record>
        </Annotation>
      </Annotations>
      <Annotations Target="PoetrySlamService.Visitors">
        <Annotation Term="Common.SemanticObject" String="visitors"/>
        <Annotation Term="Common.SemanticKey">
          <Collection>
            <PropertyPath>ID</PropertyPath>
          </Collection>
        </Annotation>
      </Annotations>
      <Annotations Target="PoetrySlamService.EntityContainer/Visitors">
        <Annotation Term="Common.SemanticObject" String="visitors"/>
        <Annotation Term="Capabilities.DeleteRestrictions">
          <Record Type="Capabilities.DeleteRestrictionsType">
            <PropertyValue Property="Deletable" Bool="false"/>
          </Record>
        </Annotation>
        <Annotation Term="Capabilities.InsertRestrictions">
          <Record Type="Capabilities.InsertRestrictionsType">
            <PropertyValue Property="Insertable" Bool="false"/>
          </Record>
        </Annotation>
        <Annotation Term="Capabilities.UpdateRestrictions">
          <Record Type="Capabilities.UpdateRestrictionsType">
            <PropertyValue Property="Updatable" Bool="false"/>
          </Record>
        </Annotation>
      </Annotations>
      <Annotations Target="PoetrySlamService.Visitors/ID">
        <Annotation Term="Common.Text" Path="email">
          <Annotation Term="UI.TextArrangement" EnumMember="UI.TextArrangementType/TextOnly"/>
        </Annotation>
        <Annotation Term="Common.Label" String="{i18n>email}"/>
        <Annotation Term="Core.Computed" Bool="true"/>
        <Annotation Term="Core.ComputedDefaultValue" Bool="true"/>
      </Annotations>
      <Annotations Target="PoetrySlamService.Visitors/createdAt">
        <Annotation Term="UI.HiddenFilter" Bool="true"/>
        <Annotation Term="UI.ExcludeFromNavigationContext" Bool="true"/>
        <Annotation Term="Core.Immutable" Bool="true"/>
        <Annotation Term="Core.Computed" Bool="true"/>
        <Annotation Term="Common.Label" String="{i18n>CreatedAt}"/>
      </Annotations>
      <Annotations Target="PoetrySlamService.Visitors/createdBy">
        <Annotation Term="UI.HiddenFilter" Bool="true"/>
        <Annotation Term="UI.ExcludeFromNavigationContext" Bool="true"/>
        <Annotation Term="Core.Immutable" Bool="true"/>
        <Annotation Term="Core.Computed" Bool="true"/>
        <Annotation Term="Core.Description" String="{i18n>UserID.Description}"/>
        <Annotation Term="Common.Label" String="{i18n>CreatedBy}"/>
      </Annotations>
      <Annotations Target="PoetrySlamService.Visitors/modifiedAt">
        <Annotation Term="UI.HiddenFilter" Bool="true"/>
        <Annotation Term="UI.ExcludeFromNavigationContext" Bool="true"/>
        <Annotation Term="Core.Computed" Bool="true"/>
        <Annotation Term="Common.Label" String="{i18n>ChangedAt}"/>
      </Annotations>
      <Annotations Target="PoetrySlamService.Visitors/modifiedBy">
        <Annotation Term="UI.HiddenFilter" Bool="true"/>
        <Annotation Term="UI.ExcludeFromNavigationContext" Bool="true"/>
        <Annotation Term="Core.Computed" Bool="true"/>
        <Annotation Term="Core.Description" String="{i18n>UserID.Description}"/>
        <Annotation Term="Common.Label" String="{i18n>ChangedBy}"/>
      </Annotations>
      <Annotations Target="PoetrySlamService.Visitors/name">
        <Annotation Term="Common.Label" String="{i18n>name}"/>
        <Annotation Term="Common.FieldControl" EnumMember="Common.FieldControlType/Mandatory"/>
        <Annotation Term="Core.Computed" Bool="true"/>
      </Annotations>
      <Annotations Target="PoetrySlamService.Visitors/email">
        <Annotation Term="Communication.IsEmailAddress" Bool="true"/>
        <Annotation Term="Common.Label" String="{i18n>email}"/>
        <Annotation Term="Validation.Pattern" String="^[\w\-\.]+@([\w-]+\.)+[\w-]{2,4}$"/>
      </Annotations>
      <Annotations Target="PoetrySlamService.Visitors/visits">
        <Annotation Term="Common.Label" String="{i18n>visits}"/>
      </Annotations>
      <Annotations Target="PoetrySlamService.Visits">
        <Annotation Term="Common.SemanticObject" String="visits"/>
        <Annotation Term="Common.SemanticKey">
          <Collection>
            <PropertyPath>ID</PropertyPath>
          </Collection>
        </Annotation>
        <Annotation Term="Common.SideEffects" Qualifier="VisitorData">
          <Record Type="Common.SideEffectsType">
            <PropertyValue Property="SourceProperties">
              <Collection>
                <PropertyPath>visitor_ID</PropertyPath>
              </Collection>
            </PropertyValue>
            <PropertyValue Property="TargetProperties">
              <Collection>
                <String>status_code</String>
                <String>statusCriticality</String>
                <String>parent/status_code</String>
                <String>parent/statusCriticality</String>
                <String>parent/freeVisitorSeats</String>
              </Collection>
            </PropertyValue>
            <PropertyValue Property="TargetEntities">
              <Collection>
                <NavigationPropertyPath>visitor</NavigationPropertyPath>
              </Collection>
            </PropertyValue>
          </Record>
        </Annotation>
        <Annotation Term="UI.UpdateHidden" Bool="true"/>
        <Annotation Term="UI.HeaderInfo">
          <Record Type="UI.HeaderInfoType">
            <PropertyValue Property="TypeName" String="{i18n>visits}"/>
            <PropertyValue Property="TypeNamePlural" String="{i18n>visits-plural}"/>
            <PropertyValue Property="Title">
              <Record Type="UI.DataField">
                <PropertyValue Property="Value" Path="parent/title"/>
              </Record>
            </PropertyValue>
          </Record>
        </Annotation>
        <Annotation Term="UI.Identification">
          <Collection>
            <Record Type="UI.DataFieldForIntentBasedNavigation">
              <PropertyValue Property="SemanticObject" String="visitors"/>
              <PropertyValue Property="Action" String="display"/>
              <PropertyValue Property="Label" String="{i18n>maintainVisitor}"/>
              <PropertyValue Property="Mapping">
                <Collection>
                  <Record Type="Common.SemanticObjectMappingType">
                    <PropertyValue Property="LocalProperty" PropertyPath="visitor/ID"/>
                    <PropertyValue Property="SemanticObjectProperty" String="ID"/>
                  </Record>
                </Collection>
              </PropertyValue>
            </Record>
          </Collection>
        </Annotation>
        <Annotation Term="UI.LineItem" Qualifier="VisitorData">
          <Collection>
            <Record Type="UI.DataField">
              <PropertyValue Property="Value" Path="visitor_ID"/>
            </Record>
            <Record Type="UI.DataField">
              <PropertyValue Property="Value" Path="visitor/email"/>
            </Record>
            <Record Type="UI.DataField">
              <PropertyValue Property="Value" Path="artistIndicator"/>
            </Record>
            <Record Type="UI.DataField">
              <PropertyValue Property="Value" Path="status_code"/>
              <PropertyValue Property="Criticality" Path="statusCriticality"/>
              <PropertyValue Property="Label" String="{i18n>status}"/>
            </Record>
            <Record Type="UI.DataFieldForAction">
              <PropertyValue Property="Action" String="PoetrySlamService.cancelVisit"/>
              <PropertyValue Property="Label" String="{i18n>cancelVisit}"/>
            </Record>
            <Record Type="UI.DataFieldForAction">
              <PropertyValue Property="Action" String="PoetrySlamService.confirmVisit"/>
              <PropertyValue Property="Label" String="{i18n>confirmVisit}"/>
            </Record>
          </Collection>
        </Annotation>
        <Annotation Term="UI.Facets">
          <Collection>
            <Record Type="UI.ReferenceFacet">
              <PropertyValue Property="Label" String="{i18n>visitor}"/>
              <PropertyValue Property="ID" String="Visitor"/>
              <PropertyValue Property="Target" AnnotationPath="@UI.FieldGroup#VisitorData"/>
            </Record>
            <Record Type="UI.ReferenceFacet">
              <PropertyValue Property="Label" String="{i18n>administrativeData}"/>
              <PropertyValue Property="ID" String="AdministrativeData"/>
              <PropertyValue Property="Target" AnnotationPath="@UI.FieldGroup#AdministrativeData"/>
            </Record>
          </Collection>
        </Annotation>
        <Annotation Term="UI.FieldGroup" Qualifier="AdministrativeData">
          <Record Type="UI.FieldGroupType">
            <PropertyValue Property="Data">
              <Collection>
                <Record Type="UI.DataField">
                  <PropertyValue Property="Value" Path="createdBy"/>
                </Record>
                <Record Type="UI.DataField">
                  <PropertyValue Property="Value" Path="createdAt"/>
                </Record>
                <Record Type="UI.DataField">
                  <PropertyValue Property="Value" Path="modifiedBy"/>
                </Record>
                <Record Type="UI.DataField">
                  <PropertyValue Property="Value" Path="modifiedAt"/>
                </Record>
              </Collection>
            </PropertyValue>
          </Record>
        </Annotation>
        <Annotation Term="UI.FieldGroup" Qualifier="VisitorData">
          <Record Type="UI.FieldGroupType">
            <PropertyValue Property="Data">
              <Collection>
                <Record Type="UI.DataField">
                  <PropertyValue Property="Value" Path="visitor/name"/>
                </Record>
                <Record Type="UI.DataField">
                  <PropertyValue Property="Value" Path="visitor/email"/>
                </Record>
                <Record Type="UI.DataField">
                  <PropertyValue Property="Value" Path="artistIndicator"/>
                </Record>
                <Record Type="UI.DataField">
                  <PropertyValue Property="Value" Path="status/code"/>
                  <PropertyValue Property="Criticality" Path="statusCriticality"/>
                </Record>
              </Collection>
            </PropertyValue>
          </Record>
        </Annotation>
      </Annotations>
      <Annotations Target="PoetrySlamService.EntityContainer/Visits">
        <Annotation Term="Common.SemanticObject" String="visits"/>
        <Annotation Term="Common.SideEffects" Qualifier="VisitorData">
          <Record Type="Common.SideEffectsType">
            <PropertyValue Property="SourceProperties">
              <Collection>
                <PropertyPath>visitor_ID</PropertyPath>
              </Collection>
            </PropertyValue>
            <PropertyValue Property="TargetProperties">
              <Collection>
                <String>status_code</String>
                <String>statusCriticality</String>
                <String>parent/status_code</String>
                <String>parent/statusCriticality</String>
                <String>parent/freeVisitorSeats</String>
              </Collection>
            </PropertyValue>
            <PropertyValue Property="TargetEntities">
              <Collection>
                <NavigationPropertyPath>visitor</NavigationPropertyPath>
              </Collection>
            </PropertyValue>
          </Record>
        </Annotation>
        <Annotation Term="Common.DraftNode">
          <Record Type="Common.DraftNodeType">
            <PropertyValue Property="PreparationAction" String="PoetrySlamService.draftPrepare"/>
          </Record>
        </Annotation>
        <Annotation Term="Capabilities.InsertRestrictions">
          <Record Type="Capabilities.InsertRestrictionsType">
            <PropertyValue Property="Insertable">
              <Eq>
                <Path>parent/status_code</Path>
                <Int>2</Int>
              </Eq>
            </PropertyValue>
          </Record>
        </Annotation>
        <Annotation Term="UI.UpdateHidden" Bool="true"/>
      </Annotations>
      <Annotations Target="PoetrySlamService.Visits/ID">
        <Annotation Term="Core.Computed" Bool="true"/>
        <Annotation Term="Core.ComputedDefaultValue" Bool="true"/>
        <Annotation Term="Common.Label" String="{i18n>uuid}"/>
      </Annotations>
      <Annotations Target="PoetrySlamService.Visits/createdAt">
        <Annotation Term="UI.HiddenFilter" Bool="true"/>
        <Annotation Term="UI.ExcludeFromNavigationContext" Bool="true"/>
        <Annotation Term="Core.Immutable" Bool="true"/>
        <Annotation Term="Core.Computed" Bool="true"/>
        <Annotation Term="Common.Label" String="{i18n>CreatedAt}"/>
      </Annotations>
      <Annotations Target="PoetrySlamService.Visits/createdBy">
        <Annotation Term="UI.HiddenFilter" Bool="true"/>
        <Annotation Term="UI.ExcludeFromNavigationContext" Bool="true"/>
        <Annotation Term="Core.Immutable" Bool="true"/>
        <Annotation Term="Core.Computed" Bool="true"/>
        <Annotation Term="Core.Description" String="{i18n>UserID.Description}"/>
        <Annotation Term="Common.Label" String="{i18n>CreatedBy}"/>
      </Annotations>
      <Annotations Target="PoetrySlamService.Visits/modifiedAt">
        <Annotation Term="UI.HiddenFilter" Bool="true"/>
        <Annotation Term="UI.ExcludeFromNavigationContext" Bool="true"/>
        <Annotation Term="Core.Computed" Bool="true"/>
        <Annotation Term="Common.Label" String="{i18n>ChangedAt}"/>
      </Annotations>
      <Annotations Target="PoetrySlamService.Visits/modifiedBy">
        <Annotation Term="UI.HiddenFilter" Bool="true"/>
        <Annotation Term="UI.ExcludeFromNavigationContext" Bool="true"/>
        <Annotation Term="Core.Computed" Bool="true"/>
        <Annotation Term="Core.Description" String="{i18n>UserID.Description}"/>
        <Annotation Term="Common.Label" String="{i18n>ChangedBy}"/>
      </Annotations>
      <Annotations Target="PoetrySlamService.Visits/parent">
        <Annotation Term="Common.Label" String="{i18n>poetrySlamUUID}"/>
      </Annotations>
      <Annotations Target="PoetrySlamService.Visits/parent_ID">
        <Annotation Term="Common.Label" String="{i18n>poetrySlamUUID}"/>
      </Annotations>
      <Annotations Target="PoetrySlamService.Visits/visitor">
        <Annotation Term="Common.Label" String="{i18n>name}"/>
      </Annotations>
      <Annotations Target="PoetrySlamService.Visits/visitor_ID">
        <Annotation Term="Common.ValueList">
          <Record Type="Common.ValueListType">
            <PropertyValue Property="CollectionPath" String="Visitors"/>
            <PropertyValue Property="Parameters">
              <Collection>
                <Record Type="Common.ValueListParameterOut">
                  <PropertyValue Property="LocalDataProperty" PropertyPath="visitor_ID"/>
                  <PropertyValue Property="ValueListProperty" String="ID"/>
                </Record>
                <Record Type="Common.ValueListParameterDisplayOnly">
                  <PropertyValue Property="ValueListProperty" String="name"/>
                </Record>
                <Record Type="Common.ValueListParameterDisplayOnly">
                  <PropertyValue Property="ValueListProperty" String="email"/>
                </Record>
              </Collection>
            </PropertyValue>
          </Record>
        </Annotation>
        <Annotation Term="Common.Text" Path="visitor/name">
          <Annotation Term="UI.TextArrangement" EnumMember="UI.TextArrangementType/TextOnly"/>
        </Annotation>
        <Annotation Term="Common.Label" String="{i18n>name}"/>
        <Annotation Term="Common.FieldControl" EnumMember="Common.FieldControlType/Mandatory"/>
      </Annotations>
      <Annotations Target="PoetrySlamService.Visits/artistIndicator">
        <Annotation Term="Common.Label" String="{i18n>artistIndicator}"/>
      </Annotations>
      <Annotations Target="PoetrySlamService.Visits/status">
        <Annotation Term="Common.Label" String="{i18n>status}"/>
      </Annotations>
      <Annotations Target="PoetrySlamService.Visits/status_code">
        <Annotation Term="Common.Text" Path="status/name">
          <Annotation Term="UI.TextArrangement" EnumMember="UI.TextArrangementType/TextOnly"/>
        </Annotation>
        <Annotation Term="Common.Label" String="{i18n>status}"/>
        <Annotation Term="Common.ValueList">
          <Record Type="Common.ValueListType">
            <PropertyValue Property="Label" String="{i18n>status}"/>
            <PropertyValue Property="CollectionPath" String="VisitStatusCodes"/>
            <PropertyValue Property="Parameters">
              <Collection>
                <Record Type="Common.ValueListParameterInOut">
                  <PropertyValue Property="LocalDataProperty" PropertyPath="status_code"/>
                  <PropertyValue Property="ValueListProperty" String="code"/>
                </Record>
                <Record Type="Common.ValueListParameterDisplayOnly">
                  <PropertyValue Property="ValueListProperty" String="name"/>
                </Record>
              </Collection>
            </PropertyValue>
          </Record>
        </Annotation>
        <Annotation Term="Core.Computed" Bool="true"/>
      </Annotations>
      <Annotations Target="PoetrySlamService.Visits/statusCriticality">
        <Annotation Term="Core.Computed" Bool="true"/>
        <Annotation Term="Common.Label" String="{i18n>statusCriticality}"/>
      </Annotations>
      <Annotations Target="PoetrySlamService.Visits/IsActiveEntity">
        <Annotation Term="UI.Hidden" Bool="true"/>
      </Annotations>
      <Annotations Target="PoetrySlamService.Visits/HasActiveEntity">
        <Annotation Term="UI.Hidden" Bool="true"/>
      </Annotations>
      <Annotations Target="PoetrySlamService.Visits/HasDraftEntity">
        <Annotation Term="UI.Hidden" Bool="true"/>
      </Annotations>
      <Annotations Target="PoetrySlamService.Visits/DraftAdministrativeData">
        <Annotation Term="UI.Hidden" Bool="true"/>
      </Annotations>
      <Annotations Target="PoetrySlamService.cancelVisit(PoetrySlamService.Visits)">
        <Annotation Term="Common.SideEffects">
          <Record Type="Common.SideEffectsType">
            <PropertyValue Property="TargetProperties">
              <Collection>
                <String>visits/statusCriticality</String>
                <String>visits/status_code</String>
                <String>visits/parent/status_code</String>
                <String>visits/parent/statusCriticality</String>
                <String>visits/parent/freeVisitorSeats</String>
                <String>visits/parent/bookedSeats</String>
              </Collection>
            </PropertyValue>
          </Record>
        </Annotation>
      </Annotations>
      <Annotations Target="PoetrySlamService.confirmVisit(PoetrySlamService.Visits)">
        <Annotation Term="Common.SideEffects">
          <Record Type="Common.SideEffectsType">
            <PropertyValue Property="TargetProperties">
              <Collection>
                <String>visits/statusCriticality</String>
                <String>visits/status_code</String>
                <String>visits/parent/status_code</String>
                <String>visits/parent/statusCriticality</String>
                <String>visits/parent/freeVisitorSeats</String>
                <String>visits/parent/bookedSeats</String>
              </Collection>
            </PropertyValue>
          </Record>
        </Annotation>
      </Annotations>
      <Annotations Target="PoetrySlamService.Currencies">
        <Annotation Term="UI.Identification">
          <Collection>
            <Record Type="UI.DataField">
              <PropertyValue Property="Value" Path="name"/>
            </Record>
          </Collection>
        </Annotation>
      </Annotations>
      <Annotations Target="PoetrySlamService.Currencies/name">
        <Annotation Term="Common.Label" String="{i18n>Name}"/>
      </Annotations>
      <Annotations Target="PoetrySlamService.Currencies/descr">
        <Annotation Term="Common.Label" String="{i18n>Description}"/>
      </Annotations>
      <Annotations Target="PoetrySlamService.Currencies/code">
        <Annotation Term="Common.Text" Path="name"/>
        <Annotation Term="Common.Label" String="{i18n>CurrencyCode}"/>
      </Annotations>
      <Annotations Target="PoetrySlamService.Currencies/symbol">
        <Annotation Term="Common.Label" String="{i18n>CurrencySymbol}"/>
      </Annotations>
      <Annotations Target="PoetrySlamService.Currencies/minorUnit">
        <Annotation Term="Common.Label" String="{i18n>CurrencyMinorUnit}"/>
      </Annotations>
      <Annotations Target="PoetrySlamService.createTestData()">
        <Annotation Term="Common.SideEffects">
          <Record Type="Common.SideEffectsType">
            <PropertyValue Property="TargetEntities">
              <Collection>
                <NavigationPropertyPath>/PoetrySlamService.EntityContainer/PoetrySlams</NavigationPropertyPath>
              </Collection>
            </PropertyValue>
          </Record>
        </Annotation>
      </Annotations>
      <Annotations Target="PoetrySlamService.PoetrySlamStatusCodes">
        <Annotation Term="UI.Identification">
          <Collection>
            <Record Type="UI.DataField">
              <PropertyValue Property="Value" Path="name"/>
            </Record>
          </Collection>
        </Annotation>
      </Annotations>
      <Annotations Target="PoetrySlamService.PoetrySlamStatusCodes/name">
        <Annotation Term="Common.Label" String="{i18n>Name}"/>
      </Annotations>
      <Annotations Target="PoetrySlamService.PoetrySlamStatusCodes/descr">
        <Annotation Term="Common.Label" String="{i18n>Description}"/>
      </Annotations>
      <Annotations Target="PoetrySlamService.PoetrySlamStatusCodes/code">
        <Annotation Term="Common.Text" Path="name">
          <Annotation Term="UI.TextArrangement" EnumMember="UI.TextArrangementType/TextOnly"/>
        </Annotation>
        <Annotation Term="Common.Label" String="{i18n>status}"/>
      </Annotations>
      <Annotations Target="PoetrySlamService.VisitStatusCodes">
        <Annotation Term="UI.Identification">
          <Collection>
            <Record Type="UI.DataField">
              <PropertyValue Property="Value" Path="name"/>
            </Record>
          </Collection>
        </Annotation>
      </Annotations>
      <Annotations Target="PoetrySlamService.VisitStatusCodes/name">
        <Annotation Term="Common.Label" String="{i18n>Name}"/>
      </Annotations>
      <Annotations Target="PoetrySlamService.VisitStatusCodes/descr">
        <Annotation Term="Common.Label" String="{i18n>Description}"/>
      </Annotations>
      <Annotations Target="PoetrySlamService.VisitStatusCodes/code">
        <Annotation Term="Common.Text" Path="name">
          <Annotation Term="UI.TextArrangement" EnumMember="UI.TextArrangementType/TextOnly"/>
        </Annotation>
        <Annotation Term="Common.Label" String="{i18n>status}"/>
      </Annotations>
      <Annotations Target="PoetrySlamService.DraftAdministrativeData">
        <Annotation Term="Common.Label" String="{i18n>Draft_DraftAdministrativeData}"/>
      </Annotations>
      <Annotations Target="PoetrySlamService.DraftAdministrativeData/DraftUUID">
        <Annotation Term="UI.Hidden" Bool="true"/>
        <Annotation Term="Common.Label" String="{i18n>Draft_DraftUUID}"/>
        <Annotation Term="Core.ComputedDefaultValue" Bool="true"/>
      </Annotations>
      <Annotations Target="PoetrySlamService.DraftAdministrativeData/CreationDateTime">
        <Annotation Term="Common.Label" String="{i18n>Draft_CreationDateTime}"/>
      </Annotations>
      <Annotations Target="PoetrySlamService.DraftAdministrativeData/CreatedByUser">
        <Annotation Term="Common.Label" String="{i18n>Draft_CreatedByUser}"/>
      </Annotations>
      <Annotations Target="PoetrySlamService.DraftAdministrativeData/DraftIsCreatedByMe">
        <Annotation Term="UI.Hidden" Bool="true"/>
        <Annotation Term="Common.Label" String="{i18n>Draft_DraftIsCreatedByMe}"/>
      </Annotations>
      <Annotations Target="PoetrySlamService.DraftAdministrativeData/LastChangeDateTime">
        <Annotation Term="Common.Label" String="{i18n>Draft_LastChangeDateTime}"/>
      </Annotations>
      <Annotations Target="PoetrySlamService.DraftAdministrativeData/LastChangedByUser">
        <Annotation Term="Common.Label" String="{i18n>Draft_LastChangedByUser}"/>
      </Annotations>
      <Annotations Target="PoetrySlamService.DraftAdministrativeData/InProcessByUser">
        <Annotation Term="Common.Label" String="{i18n>Draft_InProcessByUser}"/>
      </Annotations>
      <Annotations Target="PoetrySlamService.DraftAdministrativeData/DraftIsProcessedByMe">
        <Annotation Term="UI.Hidden" Bool="true"/>
        <Annotation Term="Common.Label" String="{i18n>Draft_DraftIsProcessedByMe}"/>
      </Annotations>
      <Annotations Target="PoetrySlamService.Currencies_texts/locale">
        <Annotation Term="Common.Label" String="{i18n>LanguageCode}"/>
      </Annotations>
      <Annotations Target="PoetrySlamService.Currencies_texts/name">
        <Annotation Term="Common.Label" String="{i18n>Name}"/>
      </Annotations>
      <Annotations Target="PoetrySlamService.Currencies_texts/descr">
        <Annotation Term="Common.Label" String="{i18n>Description}"/>
      </Annotations>
      <Annotations Target="PoetrySlamService.Currencies_texts/code">
        <Annotation Term="Common.Text" Path="name"/>
        <Annotation Term="Common.Label" String="{i18n>CurrencyCode}"/>
      </Annotations>
      <Annotations Target="PoetrySlamService.PoetrySlamStatusCodes_texts/locale">
        <Annotation Term="Common.Label" String="{i18n>LanguageCode}"/>
      </Annotations>
      <Annotations Target="PoetrySlamService.PoetrySlamStatusCodes_texts/name">
        <Annotation Term="Common.Label" String="{i18n>Name}"/>
      </Annotations>
      <Annotations Target="PoetrySlamService.PoetrySlamStatusCodes_texts/descr">
        <Annotation Term="Common.Label" String="{i18n>Description}"/>
      </Annotations>
      <Annotations Target="PoetrySlamService.PoetrySlamStatusCodes_texts/code">
        <Annotation Term="Common.Text" Path="name">
          <Annotation Term="UI.TextArrangement" EnumMember="UI.TextArrangementType/TextOnly"/>
        </Annotation>
        <Annotation Term="Common.Label" String="{i18n>status}"/>
      </Annotations>
      <Annotations Target="PoetrySlamService.VisitStatusCodes_texts/locale">
        <Annotation Term="Common.Label" String="{i18n>LanguageCode}"/>
      </Annotations>
      <Annotations Target="PoetrySlamService.VisitStatusCodes_texts/name">
        <Annotation Term="Common.Label" String="{i18n>Name}"/>
      </Annotations>
      <Annotations Target="PoetrySlamService.VisitStatusCodes_texts/descr">
        <Annotation Term="Common.Label" String="{i18n>Description}"/>
      </Annotations>
      <Annotations Target="PoetrySlamService.VisitStatusCodes_texts/code">
        <Annotation Term="Common.Text" Path="name">
          <Annotation Term="UI.TextArrangement" EnumMember="UI.TextArrangementType/TextOnly"/>
        </Annotation>
        <Annotation Term="Common.Label" String="{i18n>status}"/>
      </Annotations>
    </Schema>
  </edmx:DataServices>
</edmx:Edmx>