<?xml version="1.0" encoding="utf-8"?>
<edmx:Edmx Version="4.0" xmlns:edmx="http://docs.oasis-open.org/odata/ns/edmx">
  <edmx:Reference Uri="https://oasis-tcs.github.io/odata-vocabularies/vocabularies/Org.OData.Capabilities.V1.xml">
    <edmx:Include Alias="Capabilities" Namespace="Org.OData.Capabilities.V1"/>
  </edmx:Reference>
  <edmx:Reference Uri="https://sap.github.io/odata-vocabularies/vocabularies/Common.xml">
    <edmx:Include Alias="Common" Namespace="com.sap.vocabularies.Common.v1"/>
  </edmx:Reference>
  <edmx:Reference Uri="https://sap.github.io/odata-vocabularies/vocabularies/Communication.xml">
    <edmx:Include Alias="Communication" Namespace="com.sap.vocabularies.Communication.v1"/>
  </edmx:Reference>
  <edmx:Reference Uri="https://oasis-tcs.github.io/odata-vocabularies/vocabularies/Org.OData.Core.V1.xml">
    <edmx:Include Alias="Core" Namespace="Org.OData.Core.V1"/>
  </edmx:Reference>
  <edmx:Reference Uri="https://sap.github.io/odata-vocabularies/vocabularies/UI.xml">
    <edmx:Include Alias="UI" Namespace="com.sap.vocabularies.UI.v1"/>
  </edmx:Reference>
  <edmx:Reference Uri="https://oasis-tcs.github.io/odata-vocabularies/vocabularies/Org.OData.Validation.V1.xml">
    <edmx:Include Alias="Validation" Namespace="Org.OData.Validation.V1"/>
  </edmx:Reference>
  <edmx:DataServices>
    <Schema Namespace="VisitorService" xmlns="http://docs.oasis-open.org/odata/ns/edm">
      <Annotation Term="Core.Links">
        <Collection>
          <Record>
            <PropertyValue Property="rel" String="author"/>
            <PropertyValue Property="href" String="https://cap.cloud.sap"/>
          </Record>
        </Collection>
      </Annotation>
      <EntityContainer Name="EntityContainer">
        <EntitySet Name="Visitors" EntityType="VisitorService.Visitors">
          <NavigationPropertyBinding Path="visits" Target="Visits"/>
          <NavigationPropertyBinding Path="SiblingEntity" Target="Visitors"/>
        </EntitySet>
        <EntitySet Name="Visits" EntityType="VisitorService.Visits">
          <NavigationPropertyBinding Path="parent" Target="PoetrySlams"/>
          <NavigationPropertyBinding Path="visitor" Target="Visitors"/>
          <NavigationPropertyBinding Path="status" Target="VisitStatusCodes"/>
        </EntitySet>
        <EntitySet Name="PoetrySlams" EntityType="VisitorService.PoetrySlams"/>
        <EntitySet Name="VisitStatusCodes" EntityType="VisitorService.VisitStatusCodes">
          <NavigationPropertyBinding Path="texts" Target="VisitStatusCodes_texts"/>
          <NavigationPropertyBinding Path="localized" Target="VisitStatusCodes_texts"/>
        </EntitySet>
        <EntitySet Name="VisitStatusCodes_texts" EntityType="VisitorService.VisitStatusCodes_texts"/>
      </EntityContainer>
      <EntityType Name="Visitors">
        <Key>
          <PropertyRef Name="ID"/>
          <PropertyRef Name="IsActiveEntity"/>
        </Key>
        <Property Name="ID" Type="Edm.Guid" Nullable="false"/>
        <Property Name="createdAt" Type="Edm.DateTimeOffset" Precision="7"/>
        <Property Name="createdBy" Type="Edm.String" MaxLength="255"/>
        <Property Name="modifiedAt" Type="Edm.DateTimeOffset" Precision="7"/>
        <Property Name="modifiedBy" Type="Edm.String" MaxLength="255"/>
        <Property Name="name" Type="Edm.String"/>
        <Property Name="email" Type="Edm.String"/>
        <NavigationProperty Name="visits" Type="Collection(VisitorService.Visits)" Partner="visitor"/>
        <Property Name="IsActiveEntity" Type="Edm.Boolean" Nullable="false" DefaultValue="true"/>
        <Property Name="HasActiveEntity" Type="Edm.Boolean" Nullable="false" DefaultValue="false"/>
        <Property Name="HasDraftEntity" Type="Edm.Boolean" Nullable="false" DefaultValue="false"/>
        <NavigationProperty Name="DraftAdministrativeData" Type="VisitorService.DraftAdministrativeData" ContainsTarget="true"/>
        <NavigationProperty Name="SiblingEntity" Type="VisitorService.Visitors"/>
      </EntityType>
      <EntityType Name="Visits">
        <Key>
          <PropertyRef Name="ID"/>
        </Key>
        <Property Name="ID" Type="Edm.Guid" Nullable="false"/>
        <Property Name="createdAt" Type="Edm.DateTimeOffset" Precision="7"/>
        <Property Name="createdBy" Type="Edm.String" MaxLength="255"/>
        <Property Name="modifiedAt" Type="Edm.DateTimeOffset" Precision="7"/>
        <Property Name="modifiedBy" Type="Edm.String" MaxLength="255"/>
        <NavigationProperty Name="parent" Type="VisitorService.PoetrySlams">
          <ReferentialConstraint Property="parent_ID" ReferencedProperty="ID"/>
        </NavigationProperty>
        <Property Name="parent_ID" Type="Edm.Guid"/>
        <NavigationProperty Name="visitor" Type="VisitorService.Visitors" Partner="visits">
          <ReferentialConstraint Property="visitor_ID" ReferencedProperty="ID"/>
        </NavigationProperty>
        <Property Name="visitor_ID" Type="Edm.Guid"/>
        <Property Name="artistIndicator" Type="Edm.Boolean" DefaultValue="false"/>
        <NavigationProperty Name="status" Type="VisitorService.VisitStatusCodes">
          <ReferentialConstraint Property="status_code" ReferencedProperty="code"/>
        </NavigationProperty>
        <Property Name="status_code" Type="Edm.Int32"/>
      </EntityType>
      <EntityType Name="PoetrySlams">
        <Key>
          <PropertyRef Name="ID"/>
        </Key>
        <Property Name="ID" Type="Edm.Guid" Nullable="false"/>
        <Property Name="title" Type="Edm.String" MaxLength="255"/>
        <Property Name="dateTime" Type="Edm.DateTimeOffset"/>
      </EntityType>
      <EntityType Name="VisitStatusCodes">
        <Key>
          <PropertyRef Name="code"/>
        </Key>
        <Property Name="name" Type="Edm.String" MaxLength="255"/>
        <Property Name="descr" Type="Edm.String" MaxLength="1000"/>
        <Property Name="code" Type="Edm.Int32" Nullable="false"/>
        <NavigationProperty Name="texts" Type="Collection(VisitorService.VisitStatusCodes_texts)">
          <OnDelete Action="Cascade"/>
        </NavigationProperty>
        <NavigationProperty Name="localized" Type="VisitorService.VisitStatusCodes_texts">
          <ReferentialConstraint Property="code" ReferencedProperty="code"/>
        </NavigationProperty>
      </EntityType>
      <EntityType Name="DraftAdministrativeData">
        <Key>
          <PropertyRef Name="DraftUUID"/>
        </Key>
        <Property Name="DraftUUID" Type="Edm.Guid" Nullable="false"/>
        <Property Name="CreationDateTime" Type="Edm.DateTimeOffset" Precision="7"/>
        <Property Name="CreatedByUser" Type="Edm.String" MaxLength="256"/>
        <Property Name="DraftIsCreatedByMe" Type="Edm.Boolean"/>
        <Property Name="LastChangeDateTime" Type="Edm.DateTimeOffset" Precision="7"/>
        <Property Name="LastChangedByUser" Type="Edm.String" MaxLength="256"/>
        <Property Name="InProcessByUser" Type="Edm.String" MaxLength="256"/>
        <Property Name="DraftIsProcessedByMe" Type="Edm.Boolean"/>
      </EntityType>
      <EntityType Name="VisitStatusCodes_texts">
        <Key>
          <PropertyRef Name="locale"/>
          <PropertyRef Name="code"/>
        </Key>
        <Property Name="locale" Type="Edm.String" MaxLength="14" Nullable="false"/>
        <Property Name="name" Type="Edm.String" MaxLength="255"/>
        <Property Name="descr" Type="Edm.String" MaxLength="1000"/>
        <Property Name="code" Type="Edm.Int32" Nullable="false"/>
      </EntityType>
      <Action Name="draftPrepare" IsBound="true" EntitySetPath="in">
        <Parameter Name="in" Type="VisitorService.Visitors"/>
        <Parameter Name="SideEffectsQualifier" Type="Edm.String"/>
        <ReturnType Type="VisitorService.Visitors"/>
      </Action>
      <Action Name="draftActivate" IsBound="true" EntitySetPath="in">
        <Parameter Name="in" Type="VisitorService.Visitors"/>
        <ReturnType Type="VisitorService.Visitors"/>
      </Action>
      <Action Name="draftEdit" IsBound="true" EntitySetPath="in">
        <Parameter Name="in" Type="VisitorService.Visitors"/>
        <Parameter Name="PreserveChanges" Type="Edm.Boolean"/>
        <ReturnType Type="VisitorService.Visitors"/>
      </Action>
      <Annotations Target="VisitorService.Visitors">
        <Annotation Term="Common.SemanticObject" String="visitors"/>
        <Annotation Term="Common.SemanticKey">
          <Collection>
            <PropertyPath>ID</PropertyPath>
          </Collection>
        </Annotation>
        <Annotation Term="UI.UpdateHidden" Bool="false"/>
        <Annotation Term="UI.HeaderInfo">
          <Record Type="UI.HeaderInfoType">
            <PropertyValue Property="TypeName" String="{i18n>visitor}"/>
            <PropertyValue Property="TypeNamePlural" String="{i18n>visitor-plural}"/>
            <PropertyValue Property="Title">
              <Record Type="UI.DataField">
                <PropertyValue Property="Value" Path="name"/>
              </Record>
            </PropertyValue>
          </Record>
        </Annotation>
        <Annotation Term="UI.Identification">
          <Collection>
            <Record Type="UI.DataFieldForIntentBasedNavigation">
              <PropertyValue Property="SemanticObject" String="poetryslams"/>
              <PropertyValue Property="Action" String="display"/>
              <PropertyValue Property="Label" String="{i18n>maintainPoetrySlams}"/>
            </Record>
          </Collection>
        </Annotation>
        <Annotation Term="UI.FieldGroup" Qualifier="GeneralData">
          <Record Type="UI.FieldGroupType">
            <PropertyValue Property="Data">
              <Collection>
                <Record Type="UI.DataField">
                  <PropertyValue Property="Value" Path="name"/>
                </Record>
                <Record Type="UI.DataField">
                  <PropertyValue Property="Value" Path="email"/>
                  <Annotation Term="Common.FieldControl" EnumMember="Common.FieldControlType/Mandatory"/>
                </Record>
                <Record Type="UI.DataField">
                  <PropertyValue Property="Value" Path="ID"/>
                  <Annotation Term="UI.Hidden" Bool="true"/>
                </Record>
              </Collection>
            </PropertyValue>
          </Record>
        </Annotation>
        <Annotation Term="UI.FieldGroup" Qualifier="AdministrativeData">
          <Record Type="UI.FieldGroupType">
            <PropertyValue Property="Data">
              <Collection>
                <Record Type="UI.DataField">
                  <PropertyValue Property="Value" Path="createdBy"/>
                </Record>
                <Record Type="UI.DataField">
                  <PropertyValue Property="Value" Path="createdAt"/>
                </Record>
                <Record Type="UI.DataField">
                  <PropertyValue Property="Value" Path="modifiedBy"/>
                </Record>
                <Record Type="UI.DataField">
                  <PropertyValue Property="Value" Path="modifiedAt"/>
                </Record>
              </Collection>
            </PropertyValue>
          </Record>
        </Annotation>
        <Annotation Term="UI.Facets">
          <Collection>
            <Record Type="UI.ReferenceFacet">
              <PropertyValue Property="ID" String="GeneralData"/>
              <PropertyValue Property="Label" String="{i18n>generalData}"/>
              <PropertyValue Property="Target" AnnotationPath="@UI.FieldGroup#GeneralData"/>
            </Record>
            <Record Type="UI.ReferenceFacet">
              <PropertyValue Property="Label" String="{i18n>poetrySlamsData}"/>
              <PropertyValue Property="ID" String="PoetrySlamsData"/>
              <PropertyValue Property="Target" AnnotationPath="visits/@UI.LineItem#PoetrySlamData"/>
            </Record>
            <Record Type="UI.ReferenceFacet">
              <PropertyValue Property="Label" String="{i18n>administrativeData}"/>
              <PropertyValue Property="ID" String="AdministrativeData"/>
              <PropertyValue Property="Target" AnnotationPath="@UI.FieldGroup#AdministrativeData"/>
            </Record>
          </Collection>
        </Annotation>
        <Annotation Term="UI.LineItem">
          <Collection>
            <Record Type="UI.DataField">
              <PropertyValue Property="Value" Path="name"/>
            </Record>
            <Record Type="UI.DataField">
              <PropertyValue Property="Value" Path="email"/>
            </Record>
          </Collection>
        </Annotation>
        <Annotation Term="UI.SelectionFields">
          <Collection>
            <PropertyPath>name</PropertyPath>
            <PropertyPath>email</PropertyPath>
          </Collection>
        </Annotation>
      </Annotations>
      <Annotations Target="VisitorService.EntityContainer/Visitors">
        <Annotation Term="Common.SemanticObject" String="visitors"/>
        <Annotation Term="Common.DraftRoot">
          <Record Type="Common.DraftRootType">
            <PropertyValue Property="ActivationAction" String="VisitorService.draftActivate"/>
            <PropertyValue Property="EditAction" String="VisitorService.draftEdit"/>
            <PropertyValue Property="PreparationAction" String="VisitorService.draftPrepare"/>
          </Record>
        </Annotation>
        <Annotation Term="Capabilities.InsertRestrictions">
          <Record Type="Capabilities.InsertRestrictionsType">
            <PropertyValue Property="Insertable" Bool="true"/>
          </Record>
        </Annotation>
        <Annotation Term="Capabilities.UpdateRestrictions">
          <Record Type="Capabilities.UpdateRestrictionsType">
            <PropertyValue Property="Updatable" Bool="true"/>
          </Record>
        </Annotation>
        <Annotation Term="Capabilities.DeleteRestrictions">
          <Record Type="Capabilities.DeleteRestrictionsType">
            <PropertyValue Property="Deletable" Bool="true"/>
          </Record>
        </Annotation>
        <Annotation Term="UI.UpdateHidden" Bool="false"/>
      </Annotations>
      <Annotations Target="VisitorService.Visitors/ID">
        <Annotation Term="Core.Computed" Bool="true"/>
        <Annotation Term="Core.ComputedDefaultValue" Bool="true"/>
        <Annotation Term="Common.Label" String="{i18n>uuid}"/>
      </Annotations>
      <Annotations Target="VisitorService.Visitors/createdAt">
        <Annotation Term="UI.HiddenFilter" Bool="true"/>
        <Annotation Term="UI.ExcludeFromNavigationContext" Bool="true"/>
        <Annotation Term="Core.Immutable" Bool="true"/>
        <Annotation Term="Core.Computed" Bool="true"/>
        <Annotation Term="Common.Label" String="{i18n>CreatedAt}"/>
      </Annotations>
      <Annotations Target="VisitorService.Visitors/createdBy">
        <Annotation Term="UI.HiddenFilter" Bool="true"/>
        <Annotation Term="UI.ExcludeFromNavigationContext" Bool="true"/>
        <Annotation Term="Core.Immutable" Bool="true"/>
        <Annotation Term="Core.Computed" Bool="true"/>
        <Annotation Term="Core.Description" String="{i18n>UserID.Description}"/>
        <Annotation Term="Common.Label" String="{i18n>CreatedBy}"/>
      </Annotations>
      <Annotations Target="VisitorService.Visitors/modifiedAt">
        <Annotation Term="UI.HiddenFilter" Bool="true"/>
        <Annotation Term="UI.ExcludeFromNavigationContext" Bool="true"/>
        <Annotation Term="Core.Computed" Bool="true"/>
        <Annotation Term="Common.Label" String="{i18n>ChangedAt}"/>
      </Annotations>
      <Annotations Target="VisitorService.Visitors/modifiedBy">
        <Annotation Term="UI.HiddenFilter" Bool="true"/>
        <Annotation Term="UI.ExcludeFromNavigationContext" Bool="true"/>
        <Annotation Term="Core.Computed" Bool="true"/>
        <Annotation Term="Core.Description" String="{i18n>UserID.Description}"/>
        <Annotation Term="Common.Label" String="{i18n>ChangedBy}"/>
      </Annotations>
      <Annotations Target="VisitorService.Visitors/name">
        <Annotation Term="Common.Label" String="{i18n>name}"/>
        <Annotation Term="Common.FieldControl" EnumMember="Common.FieldControlType/Mandatory"/>
      </Annotations>
      <Annotations Target="VisitorService.Visitors/email">
        <Annotation Term="Communication.IsEmailAddress" Bool="true"/>
        <Annotation Term="Common.Label" String="{i18n>email}"/>
        <Annotation Term="Validation.Pattern" String="^[\w\-\.]+@([\w-]+\.)+[\w-]{2,4}$"/>
      </Annotations>
      <Annotations Target="VisitorService.Visitors/visits">
        <Annotation Term="Common.Label" String="{i18n>visits}"/>
      </Annotations>
      <Annotations Target="VisitorService.Visitors/IsActiveEntity">
        <Annotation Term="UI.Hidden" Bool="true"/>
      </Annotations>
      <Annotations Target="VisitorService.Visitors/HasActiveEntity">
        <Annotation Term="UI.Hidden" Bool="true"/>
      </Annotations>
      <Annotations Target="VisitorService.Visitors/HasDraftEntity">
        <Annotation Term="UI.Hidden" Bool="true"/>
      </Annotations>
      <Annotations Target="VisitorService.Visitors/DraftAdministrativeData">
        <Annotation Term="UI.Hidden" Bool="true"/>
      </Annotations>
      <Annotations Target="VisitorService.Visits">
        <Annotation Term="Common.SemanticObject" String="visits"/>
        <Annotation Term="Common.SemanticKey">
          <Collection>
            <PropertyPath>ID</PropertyPath>
          </Collection>
        </Annotation>
        <Annotation Term="UI.HeaderInfo">
          <Record Type="UI.HeaderInfoType">
            <PropertyValue Property="TypeName" String="{i18n>booking}"/>
            <PropertyValue Property="TypeNamePlural" String="{i18n>booking-plural}"/>
          </Record>
        </Annotation>
        <Annotation Term="UI.LineItem" Qualifier="PoetrySlamData">
          <Collection>
            <Record Type="UI.DataField">
              <PropertyValue Property="Value" Path="parent/title"/>
              <Annotation Term="Common.FieldControl" EnumMember="Common.FieldControlType/Optional"/>
            </Record>
            <Record Type="UI.DataField">
              <PropertyValue Property="Value" Path="parent/dateTime"/>
              <Annotation Term="Common.FieldControl" EnumMember="Common.FieldControlType/Optional"/>
            </Record>
            <Record Type="UI.DataField">
              <PropertyValue Property="Value" Path="artistIndicator"/>
            </Record>
          </Collection>
        </Annotation>
      </Annotations>
      <Annotations Target="VisitorService.EntityContainer/Visits">
        <Annotation Term="Common.SemanticObject" String="visits"/>
        <Annotation Term="Capabilities.DeleteRestrictions">
          <Record Type="Capabilities.DeleteRestrictionsType">
            <PropertyValue Property="Deletable" Bool="false"/>
          </Record>
        </Annotation>
        <Annotation Term="Capabilities.InsertRestrictions">
          <Record Type="Capabilities.InsertRestrictionsType">
            <PropertyValue Property="Insertable" Bool="false"/>
          </Record>
        </Annotation>
        <Annotation Term="Capabilities.UpdateRestrictions">
          <Record Type="Capabilities.UpdateRestrictionsType">
            <PropertyValue Property="Updatable" Bool="false"/>
          </Record>
        </Annotation>
      </Annotations>
      <Annotations Target="VisitorService.Visits/ID">
        <Annotation Term="Core.Computed" Bool="true"/>
        <Annotation Term="Core.ComputedDefaultValue" Bool="true"/>
        <Annotation Term="Common.Label" String="{i18n>uuid}"/>
      </Annotations>
      <Annotations Target="VisitorService.Visits/createdAt">
        <Annotation Term="UI.HiddenFilter" Bool="true"/>
        <Annotation Term="UI.ExcludeFromNavigationContext" Bool="true"/>
        <Annotation Term="Core.Immutable" Bool="true"/>
        <Annotation Term="Core.Computed" Bool="true"/>
        <Annotation Term="Common.Label" String="{i18n>CreatedAt}"/>
      </Annotations>
      <Annotations Target="VisitorService.Visits/createdBy">
        <Annotation Term="UI.HiddenFilter" Bool="true"/>
        <Annotation Term="UI.ExcludeFromNavigationContext" Bool="true"/>
        <Annotation Term="Core.Immutable" Bool="true"/>
        <Annotation Term="Core.Computed" Bool="true"/>
        <Annotation Term="Core.Description" String="{i18n>UserID.Description}"/>
        <Annotation Term="Common.Label" String="{i18n>CreatedBy}"/>
      </Annotations>
      <Annotations Target="VisitorService.Visits/modifiedAt">
        <Annotation Term="UI.HiddenFilter" Bool="true"/>
        <Annotation Term="UI.ExcludeFromNavigationContext" Bool="true"/>
        <Annotation Term="Core.Computed" Bool="true"/>
        <Annotation Term="Common.Label" String="{i18n>ChangedAt}"/>
      </Annotations>
      <Annotations Target="VisitorService.Visits/modifiedBy">
        <Annotation Term="UI.HiddenFilter" Bool="true"/>
        <Annotation Term="UI.ExcludeFromNavigationContext" Bool="true"/>
        <Annotation Term="Core.Computed" Bool="true"/>
        <Annotation Term="Core.Description" String="{i18n>UserID.Description}"/>
        <Annotation Term="Common.Label" String="{i18n>ChangedBy}"/>
      </Annotations>
      <Annotations Target="VisitorService.Visits/parent">
        <Annotation Term="Common.Label" String="{i18n>poetrySlamUUID}"/>
      </Annotations>
      <Annotations Target="VisitorService.Visits/parent_ID">
        <Annotation Term="Common.Label" String="{i18n>poetrySlamUUID}"/>
      </Annotations>
      <Annotations Target="VisitorService.Visits/visitor">
        <Annotation Term="Common.Label" String="{i18n>visitorUUID}"/>
      </Annotations>
      <Annotations Target="VisitorService.Visits/visitor_ID">
        <Annotation Term="Common.Label" String="{i18n>visitorUUID}"/>
        <Annotation Term="Common.FieldControl" EnumMember="Common.FieldControlType/Mandatory"/>
      </Annotations>
      <Annotations Target="VisitorService.Visits/artistIndicator">
        <Annotation Term="Common.Label" String="{i18n>artistIndicator}"/>
      </Annotations>
      <Annotations Target="VisitorService.Visits/status">
        <Annotation Term="Common.Label" String="{i18n>status}"/>
      </Annotations>
      <Annotations Target="VisitorService.Visits/status_code">
        <Annotation Term="Common.Label" String="{i18n>status}"/>
        <Annotation Term="Common.ValueList">
          <Record Type="Common.ValueListType">
            <PropertyValue Property="Label" String="{i18n>status}"/>
            <PropertyValue Property="CollectionPath" String="VisitStatusCodes"/>
            <PropertyValue Property="Parameters">
              <Collection>
                <Record Type="Common.ValueListParameterInOut">
                  <PropertyValue Property="LocalDataProperty" PropertyPath="status_code"/>
                  <PropertyValue Property="ValueListProperty" String="code"/>
                </Record>
                <Record Type="Common.ValueListParameterDisplayOnly">
                  <PropertyValue Property="ValueListProperty" String="name"/>
                </Record>
              </Collection>
            </PropertyValue>
          </Record>
        </Annotation>
      </Annotations>
      <Annotations Target="VisitorService.PoetrySlams">
        <Annotation Term="Common.SemanticObject" String="poetryslams"/>
        <Annotation Term="Common.SemanticKey">
          <Collection>
            <PropertyPath>ID</PropertyPath>
          </Collection>
        </Annotation>
      </Annotations>
      <Annotations Target="VisitorService.EntityContainer/PoetrySlams">
        <Annotation Term="Common.SemanticObject" String="poetryslams"/>
        <Annotation Term="Capabilities.DeleteRestrictions">
          <Record Type="Capabilities.DeleteRestrictionsType">
            <PropertyValue Property="Deletable" Bool="false"/>
          </Record>
        </Annotation>
        <Annotation Term="Capabilities.InsertRestrictions">
          <Record Type="Capabilities.InsertRestrictionsType">
            <PropertyValue Property="Insertable" Bool="false"/>
          </Record>
        </Annotation>
        <Annotation Term="Capabilities.UpdateRestrictions">
          <Record Type="Capabilities.UpdateRestrictionsType">
            <PropertyValue Property="Updatable" Bool="false"/>
          </Record>
        </Annotation>
      </Annotations>
      <Annotations Target="VisitorService.PoetrySlams/ID">
        <Annotation Term="Core.Computed" Bool="true"/>
        <Annotation Term="Core.ComputedDefaultValue" Bool="true"/>
        <Annotation Term="Common.Label" String="{i18n>uuid}"/>
      </Annotations>
      <Annotations Target="VisitorService.PoetrySlams/title">
        <Annotation Term="Common.Label" String="{i18n>title}"/>
        <Annotation Term="Common.FieldControl" EnumMember="Common.FieldControlType/Mandatory"/>
      </Annotations>
      <Annotations Target="VisitorService.PoetrySlams/dateTime">
        <Annotation Term="Common.Label" String="{i18n>dateTime}"/>
        <Annotation Term="Common.FieldControl" EnumMember="Common.FieldControlType/Mandatory"/>
      </Annotations>
      <Annotations Target="VisitorService.VisitStatusCodes">
        <Annotation Term="UI.Identification">
          <Collection>
            <Record Type="UI.DataField">
              <PropertyValue Property="Value" Path="name"/>
            </Record>
          </Collection>
        </Annotation>
      </Annotations>
      <Annotations Target="VisitorService.VisitStatusCodes/name">
        <Annotation Term="Common.Label" String="{i18n>Name}"/>
      </Annotations>
      <Annotations Target="VisitorService.VisitStatusCodes/descr">
        <Annotation Term="Common.Label" String="{i18n>Description}"/>
      </Annotations>
      <Annotations Target="VisitorService.VisitStatusCodes/code">
        <Annotation Term="Common.Text" Path="name">
          <Annotation Term="UI.TextArrangement" EnumMember="UI.TextArrangementType/TextOnly"/>
        </Annotation>
        <Annotation Term="Common.Label" String="{i18n>status}"/>
      </Annotations>
      <Annotations Target="VisitorService.DraftAdministrativeData">
        <Annotation Term="Common.Label" String="{i18n>Draft_DraftAdministrativeData}"/>
      </Annotations>
      <Annotations Target="VisitorService.DraftAdministrativeData/DraftUUID">
        <Annotation Term="UI.Hidden" Bool="true"/>
        <Annotation Term="Common.Label" String="{i18n>Draft_DraftUUID}"/>
        <Annotation Term="Core.ComputedDefaultValue" Bool="true"/>
      </Annotations>
      <Annotations Target="VisitorService.DraftAdministrativeData/CreationDateTime">
        <Annotation Term="Common.Label" String="{i18n>Draft_CreationDateTime}"/>
      </Annotations>
      <Annotations Target="VisitorService.DraftAdministrativeData/CreatedByUser">
        <Annotation Term="Common.Label" String="{i18n>Draft_CreatedByUser}"/>
      </Annotations>
      <Annotations Target="VisitorService.DraftAdministrativeData/DraftIsCreatedByMe">
        <Annotation Term="UI.Hidden" Bool="true"/>
        <Annotation Term="Common.Label" String="{i18n>Draft_DraftIsCreatedByMe}"/>
      </Annotations>
      <Annotations Target="VisitorService.DraftAdministrativeData/LastChangeDateTime">
        <Annotation Term="Common.Label" String="{i18n>Draft_LastChangeDateTime}"/>
      </Annotations>
      <Annotations Target="VisitorService.DraftAdministrativeData/LastChangedByUser">
        <Annotation Term="Common.Label" String="{i18n>Draft_LastChangedByUser}"/>
      </Annotations>
      <Annotations Target="VisitorService.DraftAdministrativeData/InProcessByUser">
        <Annotation Term="Common.Label" String="{i18n>Draft_InProcessByUser}"/>
      </Annotations>
      <Annotations Target="VisitorService.DraftAdministrativeData/DraftIsProcessedByMe">
        <Annotation Term="UI.Hidden" Bool="true"/>
        <Annotation Term="Common.Label" String="{i18n>Draft_DraftIsProcessedByMe}"/>
      </Annotations>
      <Annotations Target="VisitorService.VisitStatusCodes_texts/locale">
        <Annotation Term="Common.Label" String="{i18n>LanguageCode}"/>
      </Annotations>
      <Annotations Target="VisitorService.VisitStatusCodes_texts/name">
        <Annotation Term="Common.Label" String="{i18n>Name}"/>
      </Annotations>
      <Annotations Target="VisitorService.VisitStatusCodes_texts/descr">
        <Annotation Term="Common.Label" String="{i18n>Description}"/>
      </Annotations>
      <Annotations Target="VisitorService.VisitStatusCodes_texts/code">
        <Annotation Term="Common.Text" Path="name">
          <Annotation Term="UI.TextArrangement" EnumMember="UI.TextArrangementType/TextOnly"/>
        </Annotation>
        <Annotation Term="Common.Label" String="{i18n>status}"/>
      </Annotations>
    </Schema>
  </edmx:DataServices>
</edmx:Edmx>