locale,code,name,descr
"de","ADP","Peseta","Andorranische Peseta --> (Alt --> EUR)"
"de","AED","Dirham","Dirham der Vereinigten Arabischen Emirate"
"de","AFA","Afghani","Afghani (Alt)"
"de","AFN","Afghani","Afghani"
"de","ALL","Lek","Albanischer Lek"
"de","AMD","Dram","Armenischer Dram"
"de","ANG","Westind.-Gulden","Westindien-Gulden"
"de","AOA","Kwanza","Angolanischer Kwanza"
"de","AON","Neuer Kwanza","Angolanischer Neuer Kwanza (Alt)"
"de","AOR","Kwanza Reajustado","Angolanischer Kwanza Reajustado (Alt)"
"de","ARS","Argent. Peso","Argentinischer Peso"
"de","ATS","Schilling","Österreichischer Schilling"
"de","AUD","Austr. Dollar","Australischer Dollar"
"de","AWG","Aruba-Florin","Aruba-Florin"
"de","AZM","Manat","Aserbaidschan-Manat (Alt)"
"de","AZN","Manat","Aserbaidschan-Manat"
"de","BAM","Konvertible Mark","Konvertible Mark (Bosnien u. Herzegowina)"
"de","BBD","Dollar","Barbados-Dollar"
"de","BDT","Taka","Bangladesch Taka"
"de","BEF","Belgischer Franc","Belgischer Franc (Alt --> EUR)"
"de","BGN","Lew","Bulgarischer Lew"
"de","BHD","Dinar","Bahrain-Dinar"
"de","BIF","Burundi-Franc","Burundi-Franc"
"de","BMD","Bermuda-Dollar","Bermuda-Dollar"
"de","BND","Dollar","Brunei-Dollar"
"de","BOB","Boliviano","Boliviano"
"de","BRL","Real","Brasilianischer Real"
"de","BSD","Dollar","Bahama-Dollar"
"de","BTN","Ngultrum","Buthanischer Ngultrum"
"de","BWP","Pula","Botswanischer Pula"
"de","BYB","Belaruss. Rubel","Belarussischer Rubel (Alt)"
"de","BYN","Belarussischer Rubel n.","Belarussischer Rubel (Neu)"
"de","BYR","Rubel","Belarussischer Rubel"
"de","BZD","Dollar","Belize-Dollar"
"de","CAD","Kanad. Dollar","Kanadischer Dollar"
"de","CDF","Kongo-Franc","Kongo-Franc"
"de","CHF","Schw. Franken","Schweizer Franken"
"de","CLP","Peso","Chilenischer Peso"
"de","CNY","Renminbi","Chinesischer Renminbi"
"de","COP","Peso","Kolumbianischer Peso"
"de","CRC","Cos.-Rica-Colon","Costa-Rica-Colon"
"de","CSD","Serbischer Dinar","Serbischer Dinar (Alt)"
"de","CUC","Peso convert.","Peso convertible"
"de","CVE","Escudo","Kap-Verde-Escudo"
"de","CYP","Zypern-Pfund","Zypern-Pfund  (Alt -> EUR)"
"de","CZK","Krone","Tschechische Krone"
"de","DEM","Deutsche Mark","Deutsche Mark    (Alt--> EUR)"
"de","DJF","Dschibuti-Franc","Dschibuti-Franc"
"de","DKK","Dänische Krone","Dänische Krone"
"de","DOP","Dominikan. Peso","Dominikanischer Peso"
"de","DZD","Dinar","Algerischer Dinar"
"de","ECS","Sucre","Ecuadorianischer Sucre"
"de","EEK","Krone","Estnische Krone (Alt -> EUR)"
"de","EGP","Pfund","Ägyptisches Pfund"
"de","ERN","Nakfa","Eritreischer Nakfa"
"de","ESP","Peseta","Spanische Peseta --> (Alt --> EUR)"
"de","ETB","Birr","Äthiopischer Birr"
"de","EUR","Euro","Europäischer Euro"
"de","FIM","Finnische Mark","Finnische Mark (Alt -> EUR)"
"de","FJD","Dollar","Fidschi-Dollar"
"de","FKP","Falkland-Pfund","Falkland-Pfund"
"de","FRF","Französischer Franc","Französischer Franc (Alt --> EUR)"
"de","GBP","Pfund","Britisches Pfund"
"de","GEL","Lari","Georgischer Lari"
"de","GHC","Cedi","Ghanaischer Cedi (Alt)"
"de","GHS","Cedi","Ghanaischer Cedi"
"de","GIP","Gibraltar-Pfund","Gibraltar-Pfund"
"de","GMD","Dalasi","Gambia-Dalasi"
"de","GNF","Franc","Guinea-Franc"
"de","GRD","Drachme","Griechische Drachme"
"de","GTQ","Quetzal","Guatemaltekischer Quetzal"
"de","GWP","Guinea-Bissau Peso","Guinea-Bissau Peso (Alt -> SHP)"
"de","GYD","Guyana-Dollar","Guyana-Dollar"
"de","HKD","Hongkong-Dollar","Hongkong-Dollar"
"de","HNL","Lempira","Honduranische Lempira"
"de","HRK","Kuna","Kroatische Kuna (Alt --> EUR)"
"de","HTG","Gourde","Haitianische Gourde"
"de","HUF","Forint","Ungarischer Forint"
"de","IDR","Rupiah","Indonesische Rupiah"
"de","IEP","Irisches Pfund","Irisches Pfund (Alt --> EUR)"
"de","ILS","Schekel","Israelischer Schekel"
"de","INR","Rupie","Indische Rupie"
"de","IQD","Dinar","Irakischer Dinar"
"de","ISK","Krone","Isländische Krone"
"de","ITL","Lira","Italienische Lira"
"de","JMD","Jamaika-Dollar","Jamaika-Dollar"
"de","JOD","Jordan. Dinar","Jordanischer Dinar"
"de","JPY","Yen","Japanischer Yen"
"de","KES","Schilling","Kenia-Schilling"
"de","KGS","Som","Kirgisischer Som"
"de","KHR","Riel","Kambodschanischer Riel"
"de","KMF","Komoren-Franc","Komoren-Franc"
"de","KRW","Südkorean. Won","Südkoreanischer Won"
"de","KWD","Dinar","Kuwait-Dinar"
"de","KYD","Kaiman-Dollar","Kaiman-Dollar"
"de","KZT","Tenge","Kasachischer Tenge"
"de","LAK","Kip","Laotischer Kip"
"de","LBP","Libanes. Pfund","Libanesisches Pfund"
"de","LKR","Sri-Lanka-Rupie","Sri-Lanka-Rupie"
"de","LRD","Liberia. Dollar","Liberianischer Dollar"
"de","LSL","Loti","Lesothischer Loti"
"de","LTL","Litas","Litauischer Litas"
"de","LUF","Luxemburg. Franc","Luxemburgischer Franc (Alt --> EUR)"
"de","LVL","Lats","Lettischer Lats"
"de","LYD","Libyscher Dinar","Libyscher Dinar"
"de","MAD","Dirham","Marokkanischer Dirham"
"de","MDL","Leu","Moldauischer Leu"
"de","MGA","Madagass. Ariary","Madagassischer Ariary"
"de","MGF","Madagassischer Fr.","Madagassischer Franc (Alt)"
"de","MKD","Mazedon. Denar","Mazedonischer Denar"
"de","MMK","Kyat","Myanmar-Kyat"
"de","MNT","Tögrög","Mongolischer Tögrög"
"de","MOP","Pataca","Macao-Pataca"
"de","MRO","Ouguiya","Mauretanischer Ouguiya"
"de","MRU","Ouguiya","Mauretanischer Ouguiya"
"de","MTL","Lira","Maltesische Lira"
"de","MUR","Rupie","Mauritius-Rupie"
"de","MVR","Rufiyaa","Malediven-Rupie"
"de","MWK","Malawi-Kwacha","Malawi-Kwacha"
"de","MXN","Peso","Mexikanischer Peso"
"de","MYR","Ringgit","Malaysischer Ringgit"
"de","MZM","Metical","Mosambikischer Metical (Alt)"
"de","MZN","Metical","Mosambikischer Metical"
"de","NAD","Namibia-Dollar","Namibischer Dollar"
"de","NGN","Naira","Nigerianischer Naira"
"de","NIO","Córdoba Oro","Nicaraguanischer Córdoba Oro"
"de","NLG","Gulden","Niederländischer Gulden (Alt --> EUR)"
"de","NOK","Norwegische Krone","Norwegische Krone"
"de","NPR","Rupie","Nepalesische Rupie"
"de","NZD","Neuseeland-Dollar","Neuseeland-Dollar"
"de","OMR","Omanischer Rial","Omanischer Rial"
"de","PAB","Balboa","Panamaischer Balboa"
"de","PEN","Nuevo Sol","Peruanischer Nuevo Sol"
"de","PGK","Kina","Papua-Neuguinea-Kina"
"de","PHP","Peso","Philippinischer Peso"
"de","PKR","Rupie","Pakistanische Rupie"
"de","PLN","Zloty","Polnische Zloty (neu)"
"de","PTE","Escudo","Portugiesischer Escudo"
"de","PYG","Guaraní","Paraguayischer Guaraní"
"de","QAR","Rial","Katar-Riyal"
"de","ROL","Leu (Alt)","Rumänischer Leu (Alt)"
"de","RON","Leu","Rumänischer Leu"
"de","RSD","Serb. Dinar","Serbischer Dinar"
"de","RUB","Rubel","Russischer Rubel"
"de","RWF","Franc","Ruanda-Franc"
"de","SAR","Rial","Saudi-Rial"
"de","SBD","Salomonen-Dollar","Salomonen-Dollar"
"de","SCR","Rupie","Seychellen-Rupie"
"de","SDD","Dinar","Sudanesischer Dinar (Alt)"
"de","SDG","Pfund","Sudanesisches Pfund"
"de","SDP","Pfund","Sudanesisches Pfund (bis 1992)"
"de","SEK","Schwedische Krone","Schwedische Krone"
"de","SGD","Sing.-Dollar","Singapur-Dollar"
"de","SHP","St.Helena-Pfund","St.-Helena-Pfund"
"de","SIT","Tolar","Slowenische Tolar"
"de","SKK","Krone","Slowakische Krone (Alt -> EUR)"
"de","SLL","Leone","Sierra-leonischer Leone"
"de","SOS","Schilling","Somalia-Schilling"
"de","SRD","Suriname-Dollar","Suriname-Dollar"
"de","SRG","Suriname Gulden","Suriname Gulden (Alt)"
"de","SSP","Pfund","Südsudanesisches Pfund"
"de","STD","Dobra","Sao-tomeischer Dobra"
"de","SVC","Colon","El-Salvador-Colon"
"de","SZL","Lilangeni","Swasiländischer Lilangeni"
"de","THB","Thailänd. Baht","Thailändischer Baht"
"de","TJR","Rubel","Tadschikischer Rubel (Alt)"
"de","TJS","Somoni","Tadschikischer Somoni"
"de","TMM","Manat (Alt)","Turkmenistan-Manat (Alt)"
"de","TMT","Manat","Turkmenistan-Manat"
"de","TND","Dinar","Tunesischer Dinar"
"de","TOP","Pa’anga","Tongaischer Paanga"
"de","TPE","Escudo (TPE)","Escudo (TPE) --> USD"
"de","TRL","Lira (Alt)","Türkische Lira"
"de","TRY","Lira","Türkische Lira"
"de","TTD","TT-Dollar","Trinidad-und-Tobago-Dollar"
"de","TWD","Dollar","Neuer Taiwan-Dollar"
"de","TZS","Schilling","Tansania-Schilling"
"de","UAH","Hrywnja","Ukrainische Hrywnja"
"de","UGX","Schilling","Uganda-Schilling"
"de","USD","US-Dollar","US-Dollar"
"de","UYU","Peso","Uruguayischer Peso"
"de","UZS","Summe","Usbekischer Som"
"de","VEB","Bolivar (Alt)","Venezolanischer Bolívar (Alt)"
"de","VEF","Bolivar","Venezolanischer Bolívar"
"de","VES","Bolivar","Venezolanischer Bolívar"
"de","VND","Dong","Vietnamesischer Dong"
"de","VUV","Vatu","Vanuatu-Vatu"
"de","WST","Tala","Samoanischer Tala"
"de","XAF","CFA-Franc BEAC","CFA-Franc BEAC (Gabun)"
"de","XCD","Dollar","Ostkaribischer Dollar"
"de","XEU","E.W.E.","Europäische Währungseinheit (E.W.E.)"
"de","XOF","CFA-Franc BCEAO","CFA-Franc BCEAO (Benin)"
"de","XPF","Franz. Franc (Paz. Inseln)","Französischer Franc (Pazifische Inseln)"
"de","YER","Jemen-Rial","Jemen-Rial"
"de","YUM","Neuer Dinar","Neuer Jugoslawischer Dinar"
"de","ZAR","Rand","Südafrikanischer Rand"
"de","ZMK","Kwacha","Sambischer Kwacha (Alt)"
"de","ZMW","Kwacha","Sambischer Kwacha (Neu)"
"de","ZRN","Zaire","Zaire (Alt)"
"de","ZWD","Simbabwe-Dollar","Simbabwe-Dollar (Alt)"
"de","ZWL","Simbabwe-Dollar","Simbabwe-Dollar (Neu)"
"de","ZWN","Simbabwe-Dollar","Simbabwe-Dollar (Alt)"
"de","ZWR","Simbabwe-Dollar","Simbabwe-Dollar (Alt)"