locale,code,name,descr
"sl","ADP","Pezeta","Andorska peseta (zastarelo --> EUR)"
"sl","AED","Dirham","Dirham Združenih arabskih emiratov"
"sl","AFA","Afgani","Afgani (zastarelo)"
"sl","AFN","Afgani","Afgani"
"sl","ALL","Lek","Albanski lek"
"sl","AMD","Dram","Armenski dram"
"sl","ANG","Zahodni indijski gulden","Zahodnoindijski gulden"
"sl","AOA","Kvanza","Angolska kvanza"
"sl","AON","Nova kvanza","Angolska nova kvanza (zastarelo)"
"sl","AOR","Kvanza reajustado","Angolska kvanza reajustado"
"sl","ARS","Arg. peso","Argentinski peso"
"sl","ATS","Šiling","Avstrijski šiling"
"sl","AUD","Avstral. dolar","Avstralski dolar"
"sl","AWG","Arubski florin","Arubski florin"
"sl","AZM","Manat","Azerbajdžanski manat (zastarelo)"
"sl","AZN","Manat","Azerbajdžanski manat"
"sl","BAM","Konvertibilna marka","Konvertibilna marka Bosne in Hercegovine"
"sl","BBD","Dolar","Barbadoški dolar"
"sl","BDT","Taka","Bangladeški taka"
"sl","BEF","Belgijski frank","Belgijski frank (zastarelo --> EUR)"
"sl","BGN","Bolgarski lev","Bolgarski lev"
"sl","BHD","Dinar","Bahranski dinar"
"sl","BIF","Burundijski frank","Burundijski frank"
"sl","BMD","Bermudski dolar","Bermudski dolar"
"sl","BND","Dolar","Brunejski dolar"
"sl","BOB","Boliviano","Boliviano"
"sl","BRL","Real","Brazilski real"
"sl","BSD","Dolar","Bahamski dolar"
"sl","BTN","Ngultrum","Butanski ngultrum"
"sl","BWP","Pula","Bocvanska pula"
"sl","BYB","Beloruski rubelj","Beloruski rubelj (zastarelo)"
"sl","BYN","Beloruski rubelj n.","Beloruski rubelj (novo)"
"sl","BYR","Rubelj","Beloruski rubelj"
"sl","BZD","Dolar","Belizejski dolar"
"sl","CAD","Kanadski dolar","Kanadski dolar"
"sl","CDF","Kongoški frank","Kongoški frank"
"sl","CHF","Švicarski frank","Švicarski frank"
"sl","CLP","Peso","Čilski peso"
"sl","CNY","Renminbi","Kitajski renminbi"
"sl","COP","Peso","Kolumbijski peso"
"sl","CRC","Kostar. kolon","Kostariški kolon"
"sl","CSD","Srbski dinar","Srbski dinar (zastarelo)"
"sl","CUC","Konvertibilni peso","Konvertibilni peso"
"sl","CVE","Eskudo","Zelenortski eskudo"
"sl","CYP","Ciprski funt","Ciprski funt (zastarelo --> EUR)"
"sl","CZK","Krona","Češka krona"
"sl","DEM","Nemška marka","Nemška marka (zastarelo --> EUR)"
"sl","DJF","Džibutski frank","Džibutski frank"
"sl","DKK","Danska krona","Danska krona"
"sl","DOP","Dominik. peso","Dominikanski peso"
"sl","DZD","Dinar","Alžirski dinar"
"sl","ECS","Sucre","Ekvadorski sukre (zastarelo --> USD) "
"sl","EEK","Krona","Estonska krona"
"sl","EGP","Funt","Egiptovski funt"
"sl","ERN","Nakfa","Eritrejski nakfa"
"sl","ESP","Pezeta","Španska peseta (zastarelo --> EUR)"
"sl","ETB","Bir","Etiopski bir"
"sl","EUR","Evro","Evropski evro"
"sl","FIM","Finska marka","Finska marka (zastarelo --> EUR)"
"sl","FJD","Dolar","Fidžijski dolar"
"sl","FKP","Falkland. funt","Falklandski funt"
"sl","FRF","Francoski frank","Francoski frank (zastarelo --> EUR)"
"sl","GBP","Funt","Britanski funt"
"sl","GEL","Lari","Gruzijski lari"
"sl","GHC","Cedi","Ganski cedi (zastarelo)"
"sl","GHS","Cedi","Ganski cedi"
"sl","GIP","Gibraltar. funt","Gibraltarski funt"
"sl","GMD","Dalasi","Gambijski dalasi"
"sl","GNF","Frank","Gvinejski frank"
"sl","GRD","Drahma","Grška drahma (zastarelo --> EUR)"
"sl","GTQ","Kecal","Gvatemalski kecal"
"sl","GWP","Gvinejski peso","Gvinejski peso (zastarelo --> SHP)"
"sl","GYD","Gvajanski dolar","Gvajanski dolar"
"sl","HKD","Hongkon. dolar","Hongkonški dolar"
"sl","HNL","Lempira","Honduraški lempira"
"sl","HRK","Kuna","Hrvaška kuna (zastarelo --> EUR)"
"sl","HTG","Gurd","Haitski gurd"
"sl","HUF","Forint","Madžarski forint"
"sl","IDR","Rupija","Indonezijska rupija"
"sl","IEP","Irski funt","Irski funt (zastarelo --> EUR)"
"sl","ILS","Šekel","Izraelski šekel"
"sl","INR","Rupija","Indijska rupija"
"sl","IQD","Dinar","Iraški dinar"
"sl","ISK","Krona","Islandska krona"
"sl","ITL","Lira","Italijanska lira (zastarelo --> EUR)"
"sl","JMD","Jamajški dolar","Jamajški dolar"
"sl","JOD","Jordanski dinar","Jordanski dinar"
"sl","JPY","Jen","Japonski jen"
"sl","KES","Šiling","Kenijski šiling"
"sl","KGS","Som","Kirgizijski som"
"sl","KHR","Riel","Kamboški riel"
"sl","KMF","Komorski frank","Komorski frank"
"sl","KRW","Južnokor. won","Južnokorejski won"
"sl","KWD","Dinar","Kuvajtski dinar"
"sl","KYD","Kajmanski dolar","Kajmanski dolar"
"sl","KZT","Tenge","Kazahstanski tenge"
"sl","LAK","Kip","Laoški kip"
"sl","LBP","Libanonski funt","Libanonski funt"
"sl","LKR","Šrilan. rupija","Šrilanška rupija"
"sl","LRD","Liberij. dolar","Liberijski dolar"
"sl","LSL","Loti","Lesotski loti"
"sl","LTL","Litas","Litvanski litas"
"sl","LUF","Luks. frank","Luksemburški frank (zastarelo --> EUR)"
"sl","LVL","Lats","Latvijski lats"
"sl","LYD","Libijski dinar","Libijski dinar"
"sl","MAD","Dirham","Maroški dirham"
"sl","MDL","Lev","Moldavijski lev"
"sl","MGA","Madag. ariari","Madagaskarski ariary"
"sl","MGF","Madagaskarski fr.","Madagaskarski frank (zastarelo)"
"sl","MKD","Makedon. denar","Makedonski denar"
"sl","MMK","Kiat","Mjanmarski kiat"
"sl","MNT","Tugrik","Mongolski tugrik"
"sl","MOP","Pataka","Macaoški pataka"
"sl","MRO","Uguija","Mavretanska uguija"
"sl","MRU","Uguija","Mavretanska uguija"
"sl","MTL","Lira","Malteška lira (zastarelo --> EUR)"
"sl","MUR","Rupija","Mavricijska rupija"
"sl","MVR","Rufija","Maldivska rufija"
"sl","MWK","Malavijska kvača","Malavijska kvača"
"sl","MXN","Peso","Mehiški peso"
"sl","MYR","Ringgit","Malezijski ringgit"
"sl","MZM","Metikal","Mozambiški metikal (zastarelo)"
"sl","MZN","Metikal","Mozambiški metikal"
"sl","NAD","Namib. dolar","Namibijski dolar"
"sl","NGN","Naira","Nigerijska naira"
"sl","NIO","Zlata korodova","Nikaragvanska zlata kordova"
"sl","NLG","Gulden","Nizozemski gulden (zastarelo --> EUR)"
"sl","NOK","Norveška krona","Norveška krona"
"sl","NPR","Rupija","Nepalska rupija"
"sl","NZD","Novozel. dolar","Novozelandski dolar"
"sl","OMR","Omanski rial","Omanski rial"
"sl","PAB","Balboa","Panamska balboa"
"sl","PEN","Novi sol","Perujski novi sol"
"sl","PGK","Kina","Papuanska kina"
"sl","PHP","Peso","Filipinski peso"
"sl","PKR","Rupija","Pakistanska rupija"
"sl","PLN","Zlot","Poljski zlot (novo)"
"sl","PTE","Eskudo","Portugalski eskudo (zastarelo --> EUR)"
"sl","PYG","Gvarani","Paragvajski gvarani"
"sl","QAR","Rial","Katarski rial"
"sl","ROL","Lev","Romunski lev (zastarelo)"
"sl","RON","Lev","Romunski lev"
"sl","RSD","Srbski dinar","Srbski dinar"
"sl","RUB","Rubelj","Ruski rubelj"
"sl","RWF","Frank","Ruandski frank"
"sl","SAR","Rial","Savdski rial"
"sl","SBD","Salomonov. dolor","Salomonovootoški dolar"
"sl","SCR","Rupija","Sejšelska rupija"
"sl","SDD","Dinar","Stari sudanski dinar (zastarelo)"
"sl","SDG","Funt","Sudanski funt"
"sl","SDP","Funt","Sudanski funt (do 1992)"
"sl","SEK","Švedska krona","Švedska krona"
"sl","SGD","Singap. dolar","Singapurski dolar"
"sl","SHP","Funt Sv. Helene","Funt Svete Helene"
"sl","SIT","Tolar","Slovenski tolar (zastarelo --> EUR)"
"sl","SKK","Krona","Slovaška krona (zastarelo --> EUR)"
"sl","SLL","Leone","Sierraleonski leone"
"sl","SOS","Šiling","Somalski šiling"
"sl","SRD","Surinam. dolar","Surinamski dolar"
"sl","SRG","Surinamski gulden","Surinamski gulden (zastarelo)"
"sl","SSP","Funt","Južnosudanski funt"
"sl","STD","Dobra","Dobra Sao Tomeja in Principa"
"sl","SVC","Colon","Salvadorski kolon"
"sl","SZL","Lilangeni","Svazijski lilangeni"
"sl","THB","Baht","Tajski baht"
"sl","TJR","Rubelj","Tadžikistanski rubelj (zastarelo)"
"sl","TJS","Somoni","Tadžikistanski somoni"
"sl","TMM","Manat (zastarelo)","Turkmenistanski manat (zastarelo)"
"sl","TMT","Manat","Turkmenistanski manat"
"sl","TND","Dinar","Tunizijski dinar"
"sl","TOP","Pa'anga","Tonški pa'anga"
"sl","TPE","Timorski eskudo","Timorski eskudo --> USD"
"sl","TRL","Lira (zastarelo)","Turška lira (zastarelo)"
"sl","TRY","Lira","Turška lira"
"sl","TTD","Dolar Tri. in Tob.","Dolar Trinidada in Tobaga"
"sl","TWD","Dolar","Novi tajvanski dolar"
"sl","TZS","Šiling","Tanzanski šiling"
"sl","UAH","Hrivnija","Ukraj. hrivnija"
"sl","UGX","Šiling","Ugandski šiling"
"sl","USD","Ameriški dolar","Ameriški dolar"
"sl","UYU","Peso","Urugvajski peso"
"sl","UZS","Skupaj","Uzbekistanski som"
"sl","VEB","Bolivar","Venezuelski bolivar (zastarelo)"
"sl","VEF","Bolivar","Venezuelski bolivar"
"sl","VES","Bolivar","Venezuelski bolivar"
"sl","VND","Dong","Vietnamski dong"
"sl","VUV","Vatu","Vanuatujski vatu"
"sl","WST","Tala","Samoanska tala"
"sl","XAF","CFA frank BEAC","CFA frank BEAC Gabona"
"sl","XCD","Dolar","Vzhodnokaribski dolar"
"sl","XEU","Vzhodnokar. dol.","Evropska denarna enota (E.C.U.)"
"sl","XOF","CFA frank BCEAO","CFA frank BCEAO Toga"
"sl","XPF","Fr. fr. (Tihooc. ot.)","Francoski frank (Tihooceanski otoki)"
"sl","YER","Jemenski rial","Jemenski rial"
"sl","YUM","Novi dinar","Novi jugoslovanski dinar (zastarelo)"
"sl","ZAR","Rand","Južnoafriški rand"
"sl","ZMK","Kvača","Zambijska kvača (zastarelo)"
"sl","ZMW","Kvača","Zambijska kvača (novo)"
"sl","ZRN","Zaire","Zaire (zastarelo)"
"sl","ZWD","Zimbabv. dolar","Zimbabvejski dolar (zastarelo)"
"sl","ZWL","Zimbabv. dolar","Zimbabvejski dolar (novo)"
"sl","ZWN","Zimbabv. dolar","Zimbabvejski dolar (zastarelo)"
"sl","ZWR","Zimbabv. dolar","Zimbabvejski dolar (zastarelo)"