locale,code,name,descr
"ro","ADP","Pesetă","Pesetă andorrană --> (veche --> EUR)"
"ro","AED","Dirham","Dirham din Emiratele Arabe Unite"
"ro","AFA","Afgani","Afgani (vechi)"
"ro","AFN","Afgani","Afgani"
"ro","ALL","Lek","Lek albanez"
"ro","AMD","Dram","Dram armean"
"ro","ANG","Gulden Ant.Ol.","Gulden din Antilele Olandeze"
"ro","AOA","Kwanza","Kwanza angoleză"
"ro","AON","Kwanza nouă","Kwanza nouă angoleză (veche)"
"ro","AOR","Kwanza reajust.","Kwanza reajustată angoleză (veche)"
"ro","ARS","Peso arg.","Peso argentinian"
"ro","ATS","Șiling","Șiling austriac (vechi --> EUR)"
"ro","AUD","Dolar austr.","Dolar australian"
"ro","AWG","Florin din Aruba","Florin din Aruba"
"ro","AZM","Manat","Manat azer (vechi)"
"ro","AZN","Manat","Manat azer"
"ro","BAM","Marcă convert.","Marcă convertibilă Bosnia și Herțegovina"
"ro","BBD","Dolar","Dolar din Barbados"
"ro","BDT","Taka","Taka din Bangladesh"
"ro","BEF","Franc belgian","Franc belgian (vechi --> EUR)"
"ro","BGN","Leva","Leva bulgărească"
"ro","BHD","Dinar","Dinar din Bahrain"
"ro","BIF","Franc burundez","Franc din Burundi"
"ro","BMD","Dolar din Bermude","Dolar din Bermude"
"ro","BND","Dolar","Dolar din Brunei"
"ro","BOB","Boliviano","Boliviano"
"ro","BRL","Real","Real brazilian"
"ro","BSD","Dolar","Dolar din Bahamas"
"ro","BTN","Ngultrum","Ngultrum din Bhutan"
"ro","BWP","Pula","Pula botswaneză"
"ro","BYB","Rublă belarusă","Rublă belarusă (veche)"
"ro","BYN","Rublă bel. nouă","Rublă belarusă (nouă)"
"ro","BYR","Rublă","Rublă belarusă"
"ro","BZD","Dolar","Dolar din Belize"
"ro","CAD","Dolar canadian","Dolar canadian"
"ro","CDF","Franc congolez","Franc congolez"
"ro","CHF","Franc elvețian","Franc elvețian"
"ro","CLP","Peso","Peso chilian"
"ro","CNY","Renminbi","Renminbi chinezesc"
"ro","COP","Peso","Peso columbian"
"ro","CRC","ColonCostaRica","Colon Costa Rica"
"ro","CSD","Dinar sârbesc","Dinar sârbesc (vechi)"
"ro","CUC","Peso convertib.","Peso convertibil"
"ro","CVE","Escudo","Escudo din Capul Verde"
"ro","CYP","Liră cipriotă","Liră cipriotă (veche --> EUR)"
"ro","CZK","Coroană","Coroană cehă"
"ro","DEM","Marcă germană","Marcă germană (veche --> EUR)"
"ro","DJF","Franc din Djibouti","Franc din Djibouti"
"ro","DKK","Coroană daneză","Coroană daneză"
"ro","DOP","Peso dominican","Peso dominican"
"ro","DZD","Dinar","Dinar algerian"
"ro","ECS","Sucre","Sucre din Ecuador (vechi --> USD)"
"ro","EEK","Coroană","Coroană estoniană (veche --> EUR)"
"ro","EGP","Liră","Liră egipteană"
"ro","ERN","Nakfa","Nafka din Eritreea"
"ro","ESP","Pesetă","Pesetă spaniolă --> (veche --> EUR)"
"ro","ETB","Birr","Birr etiopian"
"ro","EUR","Euro","Euro european"
"ro","FIM","Mărci finlandeze","Mărci finlandeze (vechi --> EUR)"
"ro","FJD","Dolar","Dolar din Fiji"
"ro","FKP","Liră Falkland","Liră Falkland"
"ro","FRF","Franc francez","Franc francez (vechi --> EUR)"
"ro","GBP","Liră","Liră sterlină"
"ro","GEL","Lari","Lari georgian"
"ro","GHC","Cedi","Cedi ghanez (vechi)"
"ro","GHS","Cedi","Cedi ghanez"
"ro","GIP","Liră Gibraltar","Liră din Gibraltar"
"ro","GMD","Dalasi","Dalasi Gambia"
"ro","GNF","Franc","Franc Guineea"
"ro","GRD","Drahmă","Drahmă grecească (veche --> EUR)"
"ro","GTQ","Quetzal","Quetzal Guatemala"
"ro","GWP","Peso guineean","Peso guineean (vechi --> SHP)"
"ro","GYD","dolar guyanez","Dolar din Guyana"
"ro","HKD","Dolar H.K.","Dolar din Hong Kong"
"ro","HNL","Lempira","Lempira Honduras"
"ro","HRK","Kuna","Kuna croată (veche --> EUR)"
"ro","HTG","Gourde","Gourde din Haiti"
"ro","HUF","Forint","Forint maghiar"
"ro","IDR","Rupie","Rupie indoneziană"
"ro","IEP","Liră irlandeză","Liră irlandeză (veche --> EUR)"
"ro","ILS","Șechel","Șechel israelian"
"ro","INR","Rupie","Rupie indiană"
"ro","IQD","Dinar","Dinar irakian"
"ro","ISK","Coroană","Coroană islandeză"
"ro","ITL","Liră","Liră italiană (veche --> EUR)"
"ro","JMD","Dolar jamaican","Dolar jamaican"
"ro","JOD","Dinar iordanian","Dinar iordanian"
"ro","JPY","Yen","Yen japonez"
"ro","KES","Șiling","Șiling kenyan"
"ro","KGS","Som","Som kârgâz"
"ro","KHR","Riel","Riel cambodgian"
"ro","KMF","Franc comorian","Franc comorian"
"ro","KRW","Won s.coreean","Won sud-coreean"
"ro","KWD","Dinar","Dinar kuweitian"
"ro","KYD","Dolar din Cayman","Dolar din Cayman"
"ro","KZT","Tenge","Tenge kazahă"
"ro","LAK","Kip","Kip laoțian"
"ro","LBP","Liră libaneză","Liră libaneză"
"ro","LKR","Rupie Sri Lanka","Rupie srilankeză"
"ro","LRD","Dolar liberian","Dolar liberian"
"ro","LSL","Loti","Loti Lesotho"
"ro","LTL","Litas","Litas lituanian"
"ro","LUF","Franc lux.","Franc luxemburghez (vechi --> EUR)"
"ro","LVL","Lats","Lats leton"
"ro","LYD","Dinar libian","Dinar libian"
"ro","MAD","Dirham","Dirham marocan"
"ro","MDL","Leu","Leu moldovenesc"
"ro","MGA","Ariary Madagas.","Ariary Madagascar"
"ro","MGF","Franc Madagas.","Franc Madagascar (vechi)"
"ro","MKD","Dinar maced.","Dinar macedonean"
"ro","MMK","Kyat","Kyat Myanmar"
"ro","MNT","Tugrik","Tugrik mongol"
"ro","MOP","Pataca","Pataca Macao"
"ro","MRO","Ouguiya","Ouguiya Mauritania"
"ro","MRU","Ouguiya","Ouguiya Mauritania"
"ro","MTL","Liră","Liră malteză (veche --> EUR)"
"ro","MUR","Rupie","Rupie mauritiană"
"ro","MVR","Rufiyaa","Rufiyaa maldiviană"
"ro","MWK","Kwacha Malawi","Kwacha Malawi"
"ro","MXN","Peso","Pesos mexicani"
"ro","MYR","Ringgit","Ringgit malaysian"
"ro","MZM","Metical","Metical mozambican (vechi)"
"ro","MZN","Metical","Metical mozambican"
"ro","NAD","Dolar namibian","Dolar namibian"
"ro","NGN","Naira","Naira nigeriană"
"ro","NIO","Cordoba Oro","Cordoba Oro nicaraguan"
"ro","NLG","Gulden","Gulden olandez (vechi --> EUR)"
"ro","NOK","Coroană norvegiană","Coroană norvegiană"
"ro","NPR","Rupie","Rupie nepaleză"
"ro","NZD","Dolari N.Zeel.","Dolari Noua Zeelandă"
"ro","OMR","Rial omanez","Rial omanez"
"ro","PAB","Balboa","Balboa panamez"
"ro","PEN","Sol nou","Sol nou peruvian"
"ro","PGK","Kina","Kina din Papua Noua Guinee"
"ro","PHP","Peso","Peso filipinez"
"ro","PKR","Rupie","Rupie pakistaneză"
"ro","PLN","Zlot","Zlot polonez (nou)"
"ro","PTE","Escudo","Escudo portughez (vechi --> EUR)"
"ro","PYG","Guarani","Guarani paraguayan"
"ro","QAR","Rial","Rial Qatar"
"ro","ROL","Leu (vechi)","Leu românesc (vechi)"
"ro","RON","Leu","Leu românesc"
"ro","RSD","Dinar sârbesc","Dinar sârbesc"
"ro","RUB","Rublă","Rublă rusească"
"ro","RWF","Franc","Franc rwandez"
"ro","SAR","Rial","Rial saudit"
"ro","SBD","Dolar Ins. Sol.","Dolar din Insulele Solomon"
"ro","SCR","Rupie","Rupie din Seychelles"
"ro","SDD","Dinar","Dinar sudanez (vechi)"
"ro","SDG","Liră","Liră sudaneză"
"ro","SDP","Liră","Liră sudaneză (până în 1992)"
"ro","SEK","Coroană suedeză","Coroană suedeză"
"ro","SGD","Dolar Sing.","Dolar din Singapore"
"ro","SHP","Liră Sf. Helena","Liră Sf. Helena"
"ro","SIT","Tolar","Tolar sloven (vechi --> EUR)"
"ro","SKK","Coroană","Coroană slovacă (veche --> EUR)"
"ro","SLL","Leone","Leone Sierra Leone"
"ro","SOS","Șiling","Șiling somalez"
"ro","SRD","Dolar surinamez","Dolar surinamez"
"ro","SRG","Gulden surinamez","Gulden surinamez (vechi)"
"ro","SSP","Liră","Liră din Sudanul de Sud"
"ro","STD","Dobra","Dobra Sao Tome / Principe"
"ro","SVC","Colon","Colon din El Salvador"
"ro","SZL","Lilangeni","Lilangeni Swaziland"
"ro","THB","Baht","Baht Thailanda"
"ro","TJR","Rublă","Rublă Tadjikistan (veche)"
"ro","TJS","Somoni","Somoni tadjik"
"ro","TMM","Manat (vechi)","Manat turkmen (vechi)"
"ro","TMT","Manat","Manat turkmen"
"ro","TND","Dinar","Dinar tunisian"
"ro","TOP","Pa'anga","Pa'anga Tonga"
"ro","TPE","Escudo timorez","Escudo timorez --> USD"
"ro","TRL","Liră (veche)","Liră turcească (veche)"
"ro","TRY","Liră","Liră turcească"
"ro","TTD","Dolar T. + T.","Dolar din Trinidad și Tobago"
"ro","TWD","Dolar","Dolar taiwanez nou"
"ro","TZS","Șiling","Șiling tanzanian"
"ro","UAH","Grivnă","Grivnă Ucraina"
"ro","UGX","Șiling","Șiling ugandez"
"ro","USD","Dolar SUA","Dolar Statele Unite"
"ro","UYU","Peso","Peso uruguayan"
"ro","UZS","Total","Som uzbek"
"ro","VEB","Bolivar (vechi)","Bolivar venezuelean (vechi)"
"ro","VEF","Bolivar","Bolivar venezuelean"
"ro","VES","Bolivar","Bolivar venezuelean"
"ro","VND","Dong","Dong vietnamez"
"ro","VUV","Vatu","Vatu Vanuatu"
"ro","WST","Tala","Tala samoană"
"ro","XAF","Franc CFA BEAC","Franc CFA Gabon BEAC"
"ro","XCD","Dolar","Dolar est-caraib"
"ro","XEU","E.C.U.","European Currency Unit (E.C.U.)"
"ro","XOF","Franc CFA BCEAO","Franc CFA BCEAO Benin"
"ro","XPF","Franc fr. (Pac.)","Franc francez (Ins. Pacific)"
"ro","YER","Rial yemenit","Rial yemenit"
"ro","YUM","Dinar nou","Dinar iugoslav nou (vechi)"
"ro","ZAR","Rand","Rand Africa de Sud"
"ro","ZMK","Kwacha","Kwacha zambiană (veche)"
"ro","ZMW","Kwacha","Kwacha zambiană (nouă)"
"ro","ZRN","Zair","Zair (vechi)"
"ro","ZWD","Dolar Zimbabwe","Dolar din Zimbabwe (vechi)"
"ro","ZWL","Dolar Zimbabwe","Dolar din Zimbabwe (nou)"
"ro","ZWN","Dolar Zimbabwe","Dolar din Zimbabwe (vechi)"
"ro","ZWR","Dolar Zimbabwe","Dolar din Zimbabwe (vechi)"