locale,code,name,descr
"hr","ADP","Pezeta","Andorska pezeta --> (staro --> EUR)"
"hr","AED","Dirham","UAE dirham"
"hr","AFA","Afganistanski afgan","Afganistanski afgan (staro)"
"hr","AFN","Afganistanski afgan","Afganistanski afgan"
"hr","ALL","Lek","Albanski lek"
"hr","AMD","Dram","Armenski dram"
"hr","ANG","Nizozemskoantilski gulden","Nizozemskoantilski gulden"
"hr","AOA","Kvanza","Angolska kvanza"
"hr","AON","Nova kvanza","Angolska nova kvanza (staro)"
"hr","AOR","Kvanza reajustado","Angolska kvanza reajustado (staro)"
"hr","ARS","Argentinski pezo","Argentinski pezo"
"hr","ATS","Šiling","Austrijski šiling (staro --> EUR)"
"hr","AUD","Australski dolar","Australski dolar"
"hr","AWG","Arupski florin","Arupski florin"
"hr","AZM","Manat","Azerbajdžanski manat (staro)"
"hr","AZN","Manat","Azerbajdžanski manat"
"hr","BAM","Konvertibilna marka","Bosanskohercegovačka konvertibilna marka"
"hr","BBD","Dolar","Barbadoski dolar"
"hr","BDT","Taka","Bangladeška taka"
"hr","BEF","Belgijski franak","Belgijski franak (staro --> EUR)"
"hr","BGN","Lev","Bugarski lev"
"hr","BHD","Dinar","Bahreinski dinar"
"hr","BIF","Burundski franak","Burundski franak"
"hr","BMD","Bermudski dolar","Bermudski dolar"
"hr","BND","Dolar","Brunejski dolar"
"hr","BOB","Bolivijski boliviano","Bolivijski boliviano"
"hr","BRL","Real","Brazilski real"
"hr","BSD","Dolar","Bahamski dolar"
"hr","BTN","Ngultrum","Butanski ngultrum"
"hr","BWP","Pula","Bocvanska pula"
"hr","BYB","Bjeloruski rubalj","Bjeloruski rubalj (staro)"
"hr","BYN","Bjeloruski rubalj novo","Bjeloruski rubalj (novo)"
"hr","BYR","Rubalj","Bjeloruski rubalj"
"hr","BZD","Dolar","Belizeanski dolar"
"hr","CAD","Kanadski dolar","Kanadski dolar"
"hr","CDF","Kongoanski franak","Kongoanski franak"
"hr","CHF","Švicarski franak","Švicarski franak"
"hr","CLP","Pezo","Čileanski pezo"
"hr","CNY","Renminbi","Kineski renminbi"
"hr","COP","Pezo","Kolumbijski pezo"
"hr","CRC","Kostarikanski kolon","Kostarikanski kolon"
"hr","CSD","Srpski dinar","Srpski dinar (stari)"
"hr","CUC","Konvertibilni pezo","Konvertibilni pezo"
"hr","CVE","Eskudo","Zelenortski eskudo"
"hr","CYP","Ciparska funta","Ciparska funta (staro --> EUR)"
"hr","CZK","Kruna","Češka kruna"
"hr","DEM","Njemačka marka","Njemačka marka (staro --> EUR)"
"hr","DJF","Džibutski franak","Džibutski franak"
"hr","DKK","Danska kruna","Danska kruna"
"hr","DOP","Dominikanski pezo","Dominikanski pezo"
"hr","DZD","Dinar","Alžirski dinar"
"hr","ECS","Sucre","Ekvadorski sucre (staro --> USD)"
"hr","EEK","Kruna","Estonska kruna (staro --> EUR)"
"hr","EGP","Funta","Egipatska funta"
"hr","ERN","Nakfa","Eritrejska nakfa"
"hr","ESP","Pezeta","Španjolska pezeta --> (staro --> EUR)"
"hr","ETB","Bir","Etiopski bir"
"hr","EUR","Euro","Europski euro"
"hr","FIM","Finska marka","Finska marka (staro --> EUR)"
"hr","FJD","Dolar","Fidžijski dolar"
"hr","FKP","Falklandska funta","Falklandska funta"
"hr","FRF","Francuski franak","Francuski franak (staro --> EUR)"
"hr","GBP","Funta","Britanska funta"
"hr","GEL","Lari","Gruzijski lari"
"hr","GHC","Cedi","Ganski cedi (staro)"
"hr","GHS","Cedi","Ganski cedi"
"hr","GIP","Gibraltarska funta","Gibraltarska funta"
"hr","GMD","Dalasi","Gambijski dalasi"
"hr","GNF","Franak","Gvinejski franak"
"hr","GRD","Drahma","Grčka drahma (staro --> EUR)"
"hr","GTQ","Kvecal","Gvatemalski kvecal"
"hr","GWP","Gvajanski pezo","Gvajanski pezo (staro --> SHP)"
"hr","GYD","Gvajanski dolar","Gvajanski dolar"
"hr","HKD","Hongkonški dolar","Hongkonški dolar"
"hr","HNL","Lempira","Honduraška lempira"
"hr","HRK","Kuna","Hrvatska kuna (staro --> EUR)"
"hr","HTG","Gourd","Haićanski gourd"
"hr","HUF","Forinta","Mađarska forinta"
"hr","IDR","Rupija","Indonezijska rupija"
"hr","IEP","Irska funta","Irska funta (staro --> EUR)"
"hr","ILS","Šekel","Izraelski šekel"
"hr","INR","Rupija","Indijska rupija"
"hr","IQD","Dinar","Irački dinar"
"hr","ISK","Kruna","Islandska kruna"
"hr","ITL","Lira","Talijanska lira (staro --> EUR)"
"hr","JMD","Jamajčanski dolar","Jamajčanski dolar"
"hr","JOD","Jordanski dinar","Jordanski dinar"
"hr","JPY","Jen","Japanski jen"
"hr","KES","Šiling","Kenijski šiling"
"hr","KGS","Som","Kirgiski som"
"hr","KHR","Rijal","Kambodžanski rijal"
"hr","KMF","Komorski franak","Komorski franak"
"hr","KRW","Južnokorejski von","Južnokorejski von"
"hr","KWD","Dinar","Kuvajtski dinar"
"hr","KYD","Kajmanski dolar","Kajmanski dolar"
"hr","KZT","Tenge","Kazaški tenge"
"hr","LAK","Kip","Laoski kip"
"hr","LBP","Libanonska funta","Libanonska funta"
"hr","LKR","Šrilanska rupija","Šrilanska rupija"
"hr","LRD","Liberijski dolar","Liberijski dolar"
"hr","LSL","Loti","Lesotski loti"
"hr","LTL","Litas","Litavski litas"
"hr","LUF","Luksemburški franak","Luksemburški franak (staro --> EUR)"
"hr","LVL","Lat","Latvijski lat"
"hr","LYD","Libijski dinar","Libijski dinar"
"hr","MAD","Dirham","Marokanski dirham"
"hr","MDL","Lej","Moldavski lej"
"hr","MGA","Madagaskarski ariari","Madagaskarski ariari"
"hr","MGF","Madagaskarski franak","Madagaskarski franak (staro)"
"hr","MKD","Makedonski denar","Makedonski denar"
"hr","MMK","Kjat","Mjanmarski kjat"
"hr","MNT","Tugrik","Mongolski tugrik"
"hr","MOP","Pataka","Makaonska pataka"
"hr","MRO","Ouguja","Mauretanska ouguja"
"hr","MRU","Ouguja","Mauretanska ouguja"
"hr","MTL","Lira","Malteška lira (staro --> EUR)"
"hr","MUR","Rupija","Mauricijska rupija"
"hr","MVR","Rufija","Maldivijska rufija"
"hr","MWK","Malavijska kvača","Malavijska kvača"
"hr","MXN","Pezo","Meksički pezo"
"hr","MYR","Ringit","Malezijski ringit"
"hr","MZM","Metikal","Mozambički metikal (staro)"
"hr","MZN","Metikal","Mozambički metikal"
"hr","NAD","Namibijski dolar","Namibijski dolar"
"hr","NGN","Naira","Nigerijska naira"
"hr","NIO","Kordoba oro","Nikaragvanska kordoba oro"
"hr","NLG","Guilder","Nizozemski guilder (staro --> EUR)"
"hr","NOK","Norveška kruna","Norveška kruna"
"hr","NPR","Rupija","Nepalska rupija"
"hr","NZD","Novozelandski dolari","Novozelandski dolari"
"hr","OMR","Omanski rijal","Omanski rijal"
"hr","PAB","Balboa","Panamska balboa"
"hr","PEN","Novi sol","Peruanski novi sol"
"hr","PGK","Kina","Papuanska kina"
"hr","PHP","Pezo","Filipinski pezo"
"hr","PKR","Rupija","Pakistanska rupija"
"hr","PLN","Zloti","Poljski zloti (novo)"
"hr","PTE","Eskudo","Portugalski eskudo (staro --> EUR)"
"hr","PYG","Guarani","Paragvajski gvarani"
"hr","QAR","Rijal","Katarski rijal"
"hr","ROL","Lei (staro)","Rumunjski lej (staro)"
"hr","RON","Lej","Rumunjski lej"
"hr","RSD","Srpski dinar","Srpski dinar"
"hr","RUB","Rubalj","Ruski rubalj"
"hr","RWF","Franak","Ruandski franak"
"hr","SAR","Rijal","Saudijski rijal"
"hr","SBD","Salomonskootočni dolar","Salomonskootočni dolar"
"hr","SCR","Rupija","Sejšelska rupija"
"hr","SDD","Dinar","Sudanski dinar (staro)"
"hr","SDG","Funta","Sudanska funta"
"hr","SDP","Funta","Sudanska funta (do 1992.)"
"hr","SEK","Švedska kruna","Švedska kruna"
"hr","SGD","Singapurski dolar","Singapurski dolar"
"hr","SHP","Svetohelenska funta","Svetohelenska funta"
"hr","SIT","Tolar","Slovenski tolar (staro --> EUR)"
"hr","SKK","Kruna","Estonska kruna (staro --> EUR)"
"hr","SLL","Leone","Sijeraleonski leone"
"hr","SOS","Šiling","Somalijski šiling"
"hr","SRD","Surinamski dolar","Surinamski dolar"
"hr","SRG","Surinamski gulden","Surinamski gulden (staro)"
"hr","SSP","Funta","Južnosudanska funta"
"hr","STD","Dobra","Svetotomska dobra"
"hr","SVC","Kolon","Salvadorski kolon"
"hr","SZL","Lilangeni","Svazijski lilangeni"
"hr","THB","Baht","Tajlandski baht"
"hr","TJR","Rubalj","Tadžikistanski rubalj (staro)"
"hr","TJS","Somoni","Tadžikistanski somoni"
"hr","TMM","Manat (staro)","Turkmenistanski manat (staro)"
"hr","TMT","Manat","Turkmenistanski manat"
"hr","TND","Dinar","Tuniški dinar"
"hr","TOP","Pa'anga","Tongaška pa'anga"
"hr","TPE","Timorski eskudo","Timorski eskudo --> USD"
"hr","TRL","Lira (staro)","Turska lira (staro)"
"hr","TRY","Lira","Turska lira"
"hr","TTD","Trinidadtobaški dolar","Trinidadtobaški dolar"
"hr","TWD","Dolar","Novotajvanski dolar"
"hr","TZS","Šiling","Tanzanijski šiling"
"hr","UAH","Hrivnja","Ukrajinska hrivnja"
"hr","UGX","Šiling","Ugandski šiling"
"hr","USD","Američki dolar","Američki dolar"
"hr","UYU","Pezo","Urugvajski pezo"
"hr","UZS","Ukupno","Uzbekistanski som"
"hr","VEB","Bolivar (staro)","Venezuelanski bolivar (staro)"
"hr","VEF","Bolivar","Venezuelanski bolivar"
"hr","VES","Bolivar","Venezuelanski bolivar"
"hr","VND","Dong","Vijetnamski dong"
"hr","VUV","Vatu","Vanuatski vatu"
"hr","WST","Tala","Samoanska tala"
"hr","XAF","CFA franak BEAC","CFA franak BEAC"
"hr","XCD","Dolar","Istočnokaripski dolar"
"hr","XEU","Europska novčana jedinica","Europska novčana jedinica (ECU)"
"hr","XOF","CFA franak BCEAO","CFA franak BCEAO"
"hr","XPF","Francuski franak (Pacifička otočja)","Francuski franak (Pacifička otočja)"
"hr","YER","Jemenski rijal","Jemenski rijal"
"hr","YUM","Novi dinar","Novi jugoslavenski dinar (staro)"
"hr","ZAR","Rand","Južnoafrički rand"
"hr","ZMK","Kvača","Zambijska kvača"
"hr","ZMW","Kvača","Zambijska kvača (novo)"
"hr","ZRN","Zair","Zair (staro)"
"hr","ZWD","Zimbabveanski dolar","Zimbabveanski dolar (staro)"
"hr","ZWL","Zimbabveanski dolar","Zimbabveanski dolar (novo)"
"hr","ZWN","Zimbabveanski dolar","Zimbabveanski dolar (staro)"
"hr","ZWR","Zimbabveanski dolar","Zimbabveanski dolar (staro)"