locale,code,name,descr
"ms","ADP","Peseta","Andorran Peseta --> (Lama --> EUR)"
"ms","AED","Dirham","Dirham Emiriah Arab Bersatu"
"ms","AFA","Afghani","Afghani (Lama)"
"ms","AFN","Afghani","Afghani"
"ms","ALL","Lek","Lek Albania"
"ms","AMD","Dram","Dram Armenia"
"ms","ANG","Guilder India Barat","Guilder India Barat"
"ms","AOA","Kwansa","Kwanza Angola"
"ms","AON","Kwanza Baharu","Kwanza Angola Baharu (Lama)"
"ms","AOR","Kwanza Dilaraskan Semula","Kwanza Angola Dilaraskan Semula (Lama)"
"ms","ARS","Peso Argentina","Peso Argentina"
"ms","ATS","Shilling","Schilling Austria (Lama --> EUR)"
"ms","AUD","Dolar Australia","Dolar Australia"
"ms","AWG","Florin Aruba","Florin Aruba"
"ms","AZM","Manat","Manat Azerbaijan (Lama)"
"ms","AZN","Manat","Manat Azerbaijan"
"ms","BAM","Mark Boleh Tukar","Mark Boleh Tukar Bosnia dan Herzegovina"
"ms","BBD","Dolar","Dolar Barbados"
"ms","BDT","Taka","Taka Bangladesh"
"ms","BEF","Franc Belgium","Franc Belgium (Lama --> EUR)"
"ms","BGN","Lev","Lev Bulgaria"
"ms","BHD","Dinar","Dinar Bahrain"
"ms","BIF","Franc Burundi","Franc Burundi"
"ms","BMD","Dolar Bermuda","Dolar Bermuda"
"ms","BND","Dolar","Dolar Brunei"
"ms","BOB","Boliviano","Boliviano"
"ms","BRL","Real","Real Brazil"
"ms","BSD","Dolar","Dolar Bahaman"
"ms","BTN","Ngultrum","Ngultrum Bhutan"
"ms","BWP","Pula","Pula Botswana"
"ms","BYB","Rubel Belarus","Rubel Belarus (Lama)"
"ms","BYN","Rubel Belarus B.","Rubel Belarus (Baharu)"
"ms","BYR","Rubel","Rubel Belarus"
"ms","BZD","Dolar","Dolar Belize"
"ms","CAD","Dolar Kanada","Dolar Kanada"
"ms","CDF","Franc Congo","Franc Congo"
"ms","CHF","Franc Swiss.","Franc Switzerland"
"ms","CLP","Peso","Peso Chile"
"ms","CNY","Renminbi","Renminbi China"
"ms","COP","Peso","Peso Colombia"
"ms","CRC","Colon Cost.Rica","Colon Costa Rica"
"ms","CSD","Dinar Serbia","Dinar Serbia (Lama)"
"ms","CUC","Peso Boleh Tukar","Peso Boleh Tukar"
"ms","CVE","Escudo","Escudo Cape Verde"
"ms","CYP","Paun Cyprus","Paun Cyprus  (Lama --> EUR)"
"ms","CZK","Krona","Krona Czech"
"ms","DEM","Mark Jerman","Mark Jerman    (Lama --> EUR)"
"ms","DJF","Franc Djibouti","Franc Djibouti"
"ms","DKK","Krone Denmark","Krone Denmark"
"ms","DOP","Peso Dominica","Peso Dominica"
"ms","DZD","Dinar","Dinar Algeria"
"ms","ECS","Sucre","Sucre Ecuador (Lama --> USD)"
"ms","EEK","Krona","Krone Estonia (Lama --> EUR)"
"ms","EGP","Paun","Paun Mesir"
"ms","ERN","Nakfa","Nafka Eritrea"
"ms","ESP","Peseta","Peseta Sepanyol (Lama --> EUR)"
"ms","ETB","Birr","Birr Ethiopia"
"ms","EUR","Euro","Euro Eropah"
"ms","FIM","Markka Finland","Markka Finland (Lama --> EUR)"
"ms","FJD","Dolar","Dolar Fiji"
"ms","FKP","Paun Falkland","Paun Falkland"
"ms","FRF","Franc Perancis","Franc Perancis (Lama --> EUR)"
"ms","GBP","Paun","Paun British"
"ms","GEL","Lari","Lari Georgia"
"ms","GHC","Cedi","Cedi Ghana (Lama)"
"ms","GHS","Cedi","Cedi Ghana"
"ms","GIP","Paun Gibraltar","Paun Gibraltar"
"ms","GMD","Dalasi","Dalasi Gambia"
"ms","GNF","Franc","Franc Guinea"
"ms","GRD","Drachma","Drachma Greek (Lama --> EUR)"
"ms","GTQ","Quetzal","Quetzal Guatemala"
"ms","GWP","Peso Guinea","Peso Guinea (Lama --> SHP)"
"ms","GYD","Dolar Guyana","Dolar Guyana"
"ms","HKD","Dolar Hong Kong","Dolar Hong Kong"
"ms","HNL","Lempira","Lempira Honduras"
"ms","HRK","Kuna","Kuna Crotia (Lama --> EUR)"
"ms","HTG","Gourde","Gourde Haiti"
"ms","HUF","Forint","Forint Hungary"
"ms","IDR","Rupiah","Rupiah Indonesia"
"ms","IEP","Punt Irish","Punt Irish (Lama --> EUR)"
"ms","ILS","Syekel","Syekel Israel"
"ms","INR","Rupee","Rupee India"
"ms","IQD","Dinar","Dinar Iraq"
"ms","ISK","Krona","Krona Iceland"
"ms","ITL","Lire","Lira Itali (Lama --> EUR)"
"ms","JMD","Dolar Jamaica","Dolar Jamaica"
"ms","JOD","Dinar Jordan","Dinar Jordan"
"ms","JPY","Yen","Yen Jepun"
"ms","KES","Shilling","Shilling Kenya"
"ms","KGS","Som","Som Kyrgyzstan"
"ms","KHR","Riel","Riel Kemboja"
"ms","KMF","Franc Comoros","Franc Comoros"
"ms","KRW","Won Korea Selatan","Won Korea Selatan"
"ms","KWD","Dinar","Dinar Kuwait"
"ms","KYD","Dolar Cayman","Dolar Cayman"
"ms","KZT","Tenge","Tenge Kazakh"
"ms","LAK","Kip","Kip Laos"
"ms","LBP","Paun Lubnan","Paun Lubnan"
"ms","LKR","Rupee Sri Lanka","Rupee Sri Lanka"
"ms","LRD","Dolar Liberia","Dolar Liberia"
"ms","LSL","Loti","Loti Lesotho"
"ms","LTL","Lita","Lita Lithuania"
"ms","LUF","Franc Lux.","Franc Luxembourg (Lama --> EUR)"
"ms","LVL","Lat","Lat Latvia"
"ms","LYD","Dinar Libya","Dinar Libya"
"ms","MAD","Dirham","Dirham Maghribi"
"ms","MDL","Leu","Leu Moldova"
"ms","MGA","Ariary Mada.","Ariary Madagascar"
"ms","MGF","Franc Madagascar","Franc Madagascar (Lama)"
"ms","MKD","Denar Macedonia","Denar Macedonia"
"ms","MMK","Kyat","Kyat Myanmar"
"ms","MNT","Tugrik","Tugrik Mongolia"
"ms","MOP","Pataca","Pataca Macao"
"ms","MRO","Ouguiya","Ouguiya Mauritania"
"ms","MRU","Ouguiya","Ouguiya Mauritania"
"ms","MTL","Lira District","Lira Malta (Lama --> EUR)"
"ms","MUR","Rupee","Rupee Mauritius"
"ms","MVR","Rufiyaa","Rufiyaa Maldives"
"ms","MWK","Kwacha Malawi","Kwacha Malawi"
"ms","MXN","Peso","Peso Mexico"
"ms","MYR","Ringgit","Ringgit Malaysia"
"ms","MZM","Metical","Metical Mozambique (Lama)"
"ms","MZN","Metical","Metical Mozambique"
"ms","NAD","Dolar Namibia","Dolar Namibia"
"ms","NGN","Naira","Naira Nigeria"
"ms","NIO","Cordoba Oro","Cordoba Oro Nicaragua"
"ms","NLG","Guilder","Guilder Belanda (Lama --> EUR)"
"ms","NOK","Krone Norway","Krone Norway"
"ms","NPR","Rupee","Rupee Nepal"
"ms","NZD","Dolar New Zealand","Dolar New Zealand"
"ms","OMR","Rial Oman","Rial Oman"
"ms","PAB","Balboa","Balboa Panama"
"ms","PEN","Sol Baru","Sol Baru Peru"
"ms","PGK","Kina","Kina Papua New Guinea"
"ms","PHP","Peso","Peso Filipina"
"ms","PKR","Rupee","Rupee Pakistan"
"ms","PLN","Zloty","Zloty Poland (baharu)"
"ms","PTE","Escudo","Escudo Portugis (Lama --> EUR)"
"ms","PYG","Guarani","Guarani Paraguay"
"ms","QAR","Rial","Rial Qatar"
"ms","ROL","Leu (Lama)","Leu Romania (Lama)"
"ms","RON","Leu","Leu Romania"
"ms","RSD","Dinar Serbia","Dinar Serbia"
"ms","RUB","Rubel","Ruble Rusia"
"ms","RWF","Franc","Franc Rwanda"
"ms","SAR","Rial","Riyal Saudi"
"ms","SBD","Dolar Solomon Islands","Dolar Solomon Islands"
"ms","SCR","Rupee","Rupee Seychelles"
"ms","SDD","Dinar","Dinar Sudan (Lama)"
"ms","SDG","Paun","Paun Sudan"
"ms","SDP","Paun","Paun Sudan (sehingga 1992)"
"ms","SEK","Krona Sweden","Krona Sweden"
"ms","SGD","Dolar Singapura","Dolar Singapura"
"ms","SHP","Paun St.Helena","Paun St.Helena"
"ms","SIT","Tolar","Tolar Slovenia (Lama --> EUR)"
"ms","SKK","Krona","Krona Slovakia (Lama --> EUR)"
"ms","SLL","Leone","Leone Sierra Leone"
"ms","SOS","Shilling","Shilling Somalia"
"ms","SRD","Dolar Surinam","Dolar Surinam"
"ms","SRG","Guilder Surinam","Guilder Surinam (Lama)"
"ms","SSP","Paun","Paun Sudan Selatan"
"ms","STD","Dobra","Dobra Sao Tome / Principe"
"ms","SVC","Colon","Colon El Salvador"
"ms","SZL","Lilangeni","Lilangeni Swaziland"
"ms","THB","Baht","Baht Thailand"
"ms","TJR","Rubel","Rubel Tajikistan (Lama)"
"ms","TJS","Somoni","Somoni Tajikistan"
"ms","TMM","Manat (Lama)","Manat Turkmenistan (Lama)"
"ms","TMT","Manat","Manat Turkmenistan"
"ms","TND","Dinar","Dinar Tunisia"
"ms","TOP","Pa'anga","Pa'anga Tonga"
"ms","TPE","Escudo Timor","Escudo Timor --> USD"
"ms","TRL","Lira (Lama)","Lira Turki (Lama)"
"ms","TRY","Lira District","Lira Turki"
"ms","TTD","Dolar T. + T.","Dolar Trinidad dan Tobago"
"ms","TWD","Dolar","Dolar Taiwan Baharu"
"ms","TZS","Shilling","Shilling Tanzania"
"ms","UAH","Hryvnia","Hryvnia Ukraine"
"ms","UGX","Shilling","Shilling Uganda"
"ms","USD","Dolar AS","Dolar Amerika Syarikat"
"ms","UYU","Peso","Peso Uruguay"
"ms","UZS","Jumlah","Som Uzbekistan"
"ms","VEB","Bolivar (Lama)","Bolivar Venezuela (Lama)"
"ms","VEF","Bolivar","Bolivar Venezuela"
"ms","VES","Bolivar","Bolivar Venezuela"
"ms","VND","Dong","Dong Vietnam"
"ms","VUV","Vatu","Vatu Vanuatu"
"ms","WST","Tala","Tala Samoa"
"ms","XAF","CFA Franc BEAC","Gabon CFA Franc BEAC"
"ms","XCD","Dolar","Dolar Caribbean Timur"
"ms","XEU","U.M.W.E.","Unit Mata Wang Eropah (U.M.W.E.)"
"ms","XOF","CFA Franc BCEAO","Benin CFA Franc BCEAO"
"ms","XPF","Franc Perancis (Pasifik)","Franc Perancis (Kepulauan Pasifik)"
"ms","YER","Rial Yaman","Rial Yaman"
"ms","YUM","Dinar Baharu","Dinar Yugoslavia Baharu (Lama)"
"ms","ZAR","Rand","Rand Afrika Selatan"
"ms","ZMK","Kwacha","Kwacha Zambia (Lama)"
"ms","ZMW","Kwacha","Kwacha Zambia (Baharu)"
"ms","ZRN","Zaire","Zaire (Lama)"
"ms","ZWD","Dolar Zimbabwe","Dolar Zimbabwe (Lama)"
"ms","ZWL","Dolar Zimbabwe","Dolar Zimbabwe (Baharu)"
"ms","ZWN","Dolar Zimbabwe","Dolar Zimbabwe (Lama)"
"ms","ZWR","Dolar Zimbabwe","Dolar Zimbabwe (Lama)"