locale,code,name,descr
"da","ADP","Peseta","Andorransk peseta --> (Gammel --> EUR)"
"da","AED","Dirham","Arabiske Emirater dirham"
"da","AFA","Afghani","Afghani (gammel)"
"da","AFN","Afghani","Afghani"
"da","ALL","Lek","Albansk lek"
"da","AMD","Dram","Armensk dram"
"da","ANG","Vestindisk gylden","Vestindisk gylden"
"da","AOA","Kwanza","Angolan. kwanza"
"da","AON","Ny kwanza","Angolansk ny kwanza (gammel)"
"da","AOR","Kwanza reajust.","Angolansk kwanza reajustado (gammel)"
"da","ARS","Arg. peso","Argentinsk peso"
"da","ATS","Shilling","Østrigsk schilling (gammel --> EUR)"
"da","AUD","Austr. dollar","Australsk dollar"
"da","AWG","Arubansk gylden","Arubansk gylden"
"da","AZM","Manat","Aserbajdsjansk manat (gammel)"
"da","AZN","Manat","Aserbajdsjansk manat"
"da","BAM","Konvertibel mark","Konvertibel mark Bosnien-Herzegovina"
"da","BBD","Dollar","Barbadisk dollar"
"da","BDT","Taka","Banglades. taka"
"da","BEF","Belgisk franc","Belgisk franc (gammel --> EUR)"
"da","BGN","Lev","Bulgarsk lev"
"da","BHD","Dinar","Bahrainsk dinar"
"da","BIF","Burundisk franc","Burundisk franc"
"da","BMD","Bermuda. dollar","Bermudansk dollar"
"da","BND","Dollar","Bruneisk dollar"
"da","BOB","Boliviano","Boliviano"
"da","BRL","Real","Brasiliansk real"
"da","BSD","Dollar","Bahaman. dollar"
"da","BTN","Ngultrum","Bhutansk ngultrum"
"da","BWP","Pula","Botswansk pula"
"da","BYB","Hviderus. rubel","Hviderussisk rubel (gammel)"
"da","BYN","Hviderus. rubel ny","Hviderussisk rubel (ny)"
"da","BYR","Rubel","Hviderussisk rubel"
"da","BZD","Dollar","Belizisk dollar"
"da","CAD","Canadisk dollar","Canadisk dollar"
"da","CDF","Congoles. franc","Congolesisk franc"
"da","CHF","Schweiz. franc","Schweizisk franc"
"da","CLP","Peso","Chilensk peso"
"da","CNY","Renminbi","Kinesiske renminbi"
"da","COP","Peso","Colombiansk peso"
"da","CRC","CostRica. colón","Costaricansk colón"
"da","CSD","Serbisk dinar","Serbisk dinar (gammel)"
"da","CUC","Konvertib. peso","Konvertibel peso"
"da","CVE","Escudo","Kapverdisk escudo"
"da","CYP","Cypriotisk pund","Cypriotisk pund (gammel --> EUR)"
"da","CZK","Koruna","Tjekkisk koruna"
"da","DEM","Tysk mark","Tysk mark    (gammel --> EUR)"
"da","DJF","Djiboutisk franc","Djiboutisk franc"
"da","DKK","Dansk krone","Dansk krone"
"da","DOP","Dominikan. peso","Dominikansk peso"
"da","DZD","Dinar","Algerisk dinar"
"da","ECS","Sucre","Ecuadoriansk sucre (gammel --> USD)"
"da","EEK","Koruna","Estisk kroon (gammel --> EUR)"
"da","EGP","Pund","Egyptisk pund"
"da","ERN","Nafka","Eritreisk nafka"
"da","ESP","Peseta","Spansk peseta --> (gammel --> EUR)"
"da","ETB","Birr","Etiopisk birr"
"da","EUR","Euro","Europæisk euro"
"da","FIM","Finsk mark","Finsk mark (gammel --> EUR)"
"da","FJD","Dollar","Fijiansk dollar"
"da","FKP","Falklands pund","Falklands pund"
"da","FRF","Fransk franc","Fransk franc (gammel --> EUR)"
"da","GBP","Pund","Britisk pund"
"da","GEL","Lari","Georgisk lari"
"da","GHC","Cedi","Ghanesisk cedi (gammel)"
"da","GHS","Cedi","Ghanesisk cedi"
"da","GIP","Gibraltar-pund","Gibraltar-pund"
"da","GMD","Dalasi","Gambisk dalasi"
"da","GNF","Franc","Guineansk franc"
"da","GRD","Drakme","Græsk drakme (gammel --> EUR)"
"da","GTQ","Quetzal","Guatemalansk quetzal"
"da","GWP","Guineansk peso","Guineansk peso (gammel --> SHP)"
"da","GYD","Guyansk dollar","Guyansk dollar"
"da","HKD","Hongkong-dollar","Hongkong-dollar"
"da","HNL","Lempira","Honduriansk lempira"
"da","HRK","Kuna","Kroatisk kuna (gammel --> EUR)"
"da","HTG","Gourde","Haitisk gourde"
"da","HUF","Forint","Ungarsk forint"
"da","IDR","Rupiah","Indonesisk rupiah"
"da","IEP","Irsk pund","Irsk pund (gammel --> EUR)"
"da","ILS","Scheckel","Israelsk scheckel"
"da","INR","Rupee","Indisk rupee"
"da","IQD","Dinar","Irakisk dinar"
"da","ISK","Koruna","Islandsk krone"
"da","ITL","Lire","Italiensk lire (gammel --> EUR)"
"da","JMD","Jamaicansk dollar","Jamaicansk dollar"
"da","JOD","Jordansk dinar","Jordansk dinar"
"da","JPY","Yen","Japansk yen"
"da","KES","Shilling","Kenyansk shilling"
"da","KGS","Som","Kirgisisk som"
"da","KHR","Riel","Cambodjansk riel"
"da","KMF","Comorisk franc","Comorisk franc"
"da","KRW","Sydkoreansk won","Sydkoreansk won"
"da","KWD","Dinar","Kuwaitisk dinar"
"da","KYD","Caymansk dollar","Caymansk dollar"
"da","KZT","Tenge","Kasakhisk tenge"
"da","LAK","Kip","Laotisk kip"
"da","LBP","Libanesisk pund","Libanesisk pund"
"da","LKR","Srilanka. rupee","Srilankansk rupee"
"da","LRD","Liberia. dollar","Liberiansk dollar"
"da","LSL","Loti","Lesothisk loti"
"da","LTL","Lita","Litauisk lita"
"da","LUF","Lux. franc","Luxembourgsk franc (gammel --> EUR)"
"da","LVL","Lat","Lettisk lat"
"da","LYD","Libysk dinar","Libysk dinar"
"da","MAD","Dirham","Marokkansk dirham"
"da","MDL","Leu","Moldovisk leu"
"da","MGA","Madagas. ariary","Madagaskisk ariary"
"da","MGF","Madagaskisk franc","Madagaskisk franc (gammel)"
"da","MKD","Makedonsk denar","Makedonsk denar"
"da","MMK","Kyat","Myanmarsk kyat"
"da","MNT","Tugrik","Mongolsk tugrik"
"da","MOP","Pataca","Macaosk pataca"
"da","MRO","Ouguiya","Mauretansk ouguiya"
"da","MRU","Ouguiya","Mauretansk ouguiya"
"da","MTL","Lira","Maltetisk lire (gammel --> EUR)"
"da","MUR","Rupee","Mauritisk rupi"
"da","MVR","Rufiyaa","Maldivisk rufiyaa"
"da","MWK","Malawisk kwacha","Malawisk kwacha"
"da","MXN","Peso","Mexicanske pesos"
"da","MYR","Ringgit","Malaysisk ringgit"
"da","MZM","Metical","Mozambiquisk metical (gammel)"
"da","MZN","Metical","Mozambiquisk metical"
"da","NAD","Namibisk dollar","Namibisk dollar"
"da","NGN","Aira","Nigeriansk aira"
"da","NIO","Cordoba oro","Nicaraguansk cordoba oro"
"da","NLG","Gylden","Nederlandsk gylden (gammel --> EUR)"
"da","NOK","Norsk krone","Norsk krone"
"da","NPR","Rupee","Nepalesisk rupi"
"da","NZD","Newzealandske dollars","Newzealandske dollars"
"da","OMR","Omansk rial","Omansk rial"
"da","PAB","Balboa","Panamansk balboa"
"da","PEN","Ny sol","Peruviansk ny sol"
"da","PGK","Kina","Papua Ny Guinea kina"
"da","PHP","Peso","Filippinsk peso"
"da","PKR","Rupee","Pakistansk rupi"
"da","PLN","Zloty","Polske zloty (ny)"
"da","PTE","Escudo","Portugisisk escudo (gammel --> EUR)"
"da","PYG","Guarani","Paraguayansk guarani"
"da","QAR","Rial","Qatarsk rial"
"da","ROL","Leu (gammel)","Rumænsk leu (gammel)"
"da","RON","Leu","Rumænsk leu"
"da","RSD","Serbisk dinar","Serbisk dinar"
"da","RUB","Rubel","Russisk rubel"
"da","RWF","Franc","Rwandisk franc"
"da","SAR","Rial","Saudiarabisk riyal"
"da","SBD","Salomonsk dollar","Salomonsk dollar"
"da","SCR","Rupee","Seychellisk rupi"
"da","SDD","Dinar","Sudansk dinar (gammel)"
"da","SDG","Pund","Sudansk pund"
"da","SDP","Pund","Sudansk pund (indtil 1992)"
"da","SEK","Svensk krone","Svensk krone"
"da","SGD","Sing. dollar","Singaporeansk dollar"
"da","SHP","St. Helena pund","St. Helena pund"
"da","SIT","Tolar","Slovensk tolar (gammel --> EUR)"
"da","SKK","Koruna","Slovakisk krone (gammel --> EUR)"
"da","SLL","Leone","Sierraleonsk leone"
"da","SOS","Shilling","Somalisk shilling"
"da","SRD","Surinam. dollar","Surinamsk dollar"
"da","SRG","Surinamsk guilder","Surinamsk guilder (gammel)"
"da","SSP","Pund","Sydsudansk pund"
"da","STD","Dobra","São Tomé og Príncipe dobra"
"da","SVC","Colon","Salvadoransk colón"
"da","SZL","Lilangeni","Swaziland lilangeni"
"da","THB","Baht","Thailandsk baht"
"da","TJR","Rubel","Tadsjikisk rubel"
"da","TJS","Somoni","Tadsjikisk somoni"
"da","TMM","Manat (gammel)","Turkmensk manat (gammel)"
"da","TMT","Manat","Turkmensk manat"
"da","TND","Dinar","Tunesisk dinar"
"da","TOP","Pa'anga","Tongansk pa'anga"
"da","TPE","TPE","TPE --> USD"
"da","TRL","Lire (gammel)","Tyrkisk lire (gammel)"
"da","TRY","Lire","Tyrkisk lire"
"da","TTD","Trinida. dollar","Trinidadisk dollar"
"da","TWD","Dollar","Ny taiwansk dollar"
"da","TZS","Shilling","Tanzaniansk shilling"
"da","UAH","Gryvnia","Ukrainsk gryvnia"
"da","UGX","Shilling","Ugandisk shilling"
"da","USD","US dollar","Amerikansk dollar"
"da","UYU","Peso","Uruguayansk peso"
"da","UZS","Total","Usbekisk som"
"da","VEB","Bolivar (gammel)","Venezuelansk bolivar (gammel)"
"da","VEF","Bolivar","Venezuelansk bolivar"
"da","VES","Bolivar","Venezuelansk bolivar"
"da","VND","Dong","Vietnamesisk dong"
"da","VUV","Vatu","Vanuatisk vatu"
"da","WST","Tala","Samoansk tala"
"da","XAF","CFA-franc BEAC","Gabonesisk CFA-franc BEAC"
"da","XCD","Dollar","Østkaribisk dollar"
"da","XEU","ECU","Europæisk valutaenhed (ECU)"
"da","XOF","CFA-franc BCEAO","Beninsk CFA-franc BCEAO"
"da","XPF","Fr. franc (Stillehavsøerne)","Fransk franc (Stillehavsøerne)"
"da","YER","Yemenitisk ryal","Yemenitisk ryal"
"da","YUM","Ny dinar","Ny jugoslavisk dinar (gammel)"
"da","ZAR","Rand","Sydafrikansk rand"
"da","ZMK","Kwacha","Zambiansk kwacha (gammel)"
"da","ZMW","Kwacha","Zambiansk kwacha (ny)"
"da","ZRN","Zaire","Zaire (gammel)"
"da","ZWD","Zimbabw. dollar","Zimbabwisk dollar (gammel)"
"da","ZWL","Zimbabw. dollar","Zimbabwisk dollar (ny)"
"da","ZWN","Zimbabw. dollar","Zimbabwisk dollar (gammel)"
"da","ZWR","Zimbabw. dollar","Zimbabwisk dollar (gammel)"