locale,code,name,descr
"pt","ADP","Peseta","Peseta de Andorra --> (Antigo --> EUR)"
"pt","AED","Dirrã","Dirrã dos Emirados Árabes Unidos"
"pt","AFA","Afegane","Afegane (antigo)"
"pt","AFN","Afegane","Afegane"
"pt","ALL","Lek","Lek albanês"
"pt","AMD","Dram","Dram armênio"
"pt","ANG","Florim antilh.","Florim antilhano"
"pt","AOA","Kwanza","Kwanza angolano"
"pt","AON","Novo Kwanza","Novo Kwanza angolano (antigo)"
"pt","AOR","Kwanza Reajust.","Kwanza Reajustado angolano (antigo)"
"pt","ARS","Peso arg.","Peso argentino"
"pt","ATS","Xelim","Xelim austríaco (Antigo --> EUR)"
"pt","AUD","Dólar austr.","Dólar australiano"
"pt","AWG","Florim arubano","Florim arubano"
"pt","AZM","Manat","Manat azerbaijano (antigo)"
"pt","AZN","Manat","Manat azerbaijano"
"pt","BAM","Marco conv.","Marco convertível da Bósnia e Herzegovina"
"pt","BBD","Dólar","Dólar dos Barbados"
"pt","BDT","Taka","Taka bangladexense"
"pt","BEF","Franco belga","Franco belga (Antigo --> EUR)"
"pt","BGN","Lev","Lev búlgaro"
"pt","BHD","Dinar","Dinar bareinita"
"pt","BIF","Franco burundiano","Franco burundiano"
"pt","BMD","Dólar bermudense","Dólar bermudense"
"pt","BND","Dólar","Dólar do Brunei"
"pt","BOB","Boliviano","Boliviano"
"pt","BRL","Real","Real brasileiro"
"pt","BSD","Dólar","Dólar baamiano"
"pt","BTN","Ngultrum","Ngultrum butanês"
"pt","BWP","Pula","Pula do Botsuana"
"pt","BYB","Rublo bielor.","Rublo bielorrusso (antigo)"
"pt","BYN","NvRublBielor","Rublo bielorrusso (novo)"
"pt","BYR","Rublo","Rublo bielorrusso"
"pt","BZD","Dólar","Dólar do Belize"
"pt","CAD","Dólar canadense","Dólar canadense"
"pt","CDF","Franco congolês","Franco congolês"
"pt","CHF","Franco suíço","Franco suíço"
"pt","CLP","Peso","Peso chileno"
"pt","CNY","Renminbi","Renmimbi chinês"
"pt","COP","Peso","Peso colombiano"
"pt","CRC","Colón costa-riq.","Colón costa-riquenho"
"pt","CSD","Dinar sérvio","Dinar sérvio (antigo)"
"pt","CUC","Peso convert.","Peso convertível"
"pt","CVE","Escudo","Escudo cabo-verdiano"
"pt","CYP","Libra cipriota","Libra cipriota  (Antigo --> EUR)"
"pt","CZK","Coroa","Coroa checa"
"pt","DEM","Marco alemão","Marco alemão    (Antigo --> EUR)"
"pt","DJF","Franco jibut.","Franco jibutiano"
"pt","DKK","Coroa dinam.","Coroa dinamarquesa"
"pt","DOP","Peso dominicano","Peso dominicano"
"pt","DZD","Dinar","Dinar argelino"
"pt","ECS","Sucre","Sucre equatoriano (Antigo --> USD)"
"pt","EEK","Coroa","Coroa estoniana (Antigo --> EUR)"
"pt","EGP","Libra","Libra egípcia"
"pt","ERN","Nakfa","Nakfa eritreia"
"pt","ESP","Peseta","Peseta espanhola --> (Antigo --> EUR)"
"pt","ETB","Birr","Birr etíope"
"pt","EUR","Euro","Euro"
"pt","FIM","Marco finlandês","Marco finlandês (Antigo --> EUR)"
"pt","FJD","Dólar","Dólar fijiano"
"pt","FKP","Libra Malvinas","Libra das Ilhas Malvinas"
"pt","FRF","Franco francês","Franco francês (Antigo --> EUR)"
"pt","GBP","Libra","Libra britânica"
"pt","GEL","Lari","Lari georgiano"
"pt","GHC","Cedi","Cedi do Gana (antigo)"
"pt","GHS","Cedi","Cedi do Gana"
"pt","GIP","Libra Gibraltar","Libra de Gibraltar"
"pt","GMD","Dalasi","Dalasi gambiano"
"pt","GNF","Franco","Franco da Guiné"
"pt","GRD","Dracma","Dragma grego (Antigo --> EUR)"
"pt","GTQ","Quetzal","Quetzal guatemalteco"
"pt","GWP","Peso da Guiné","Peso da Guiné (Antigo --> SHP)"
"pt","GYD","Dólar guian.","Dólar guianense"
"pt","HKD","Dólar Hong Kong","Dólar de Hong Kong"
"pt","HNL","Lempira","Lempira hondurenha"
"pt","HRK","Kuna","Kuna croata (Antigo --> EUR)"
"pt","HTG","Gourde","Gourde haitiano"
"pt","HUF","Florim","Florim húngaro"
"pt","IDR","Rupia","Rupia indonésia"
"pt","IEP","Libra irlandesa","Libra irlandesa (Antigo --> EUR)"
"pt","ILS","Shekel","Shekel israelense"
"pt","INR","Rupia","Rupia indiana"
"pt","IQD","Dinar","Dinar iraquiano"
"pt","ISK","Coroa","Coroa islandesa"
"pt","ITL","Lira","Lira italiana (Antiga --> EUR)"
"pt","JMD","Dólar jamaicano","Dólar jamaicano"
"pt","JOD","Dinar jordano","Dinar jordano"
"pt","JPY","Iene","Iene japonês"
"pt","KES","Xelim","Xelim queniano"
"pt","KGS","Som","Som quirguiz"
"pt","KHR","Riel","Riel cambojano"
"pt","KMF","Franco Comores","Franco das Comores"
"pt","KRW","WonSCoreano","Won sul coreano"
"pt","KWD","Dinar","Dinar kuwaitiano"
"pt","KYD","Dólar Caimão","Dólar das Ilhas Caimão"
"pt","KZT","Tenge","Tenge cazaque"
"pt","LAK","Kip","Kip laosiano"
"pt","LBP","Libra libanesa","Libra libanesa"
"pt","LKR","Rupia Sri Lanka","Rupia do Sri Lanka"
"pt","LRD","Dólar Libéria","Dólar da Libéria"
"pt","LSL","Loti","Loti de Lesoto"
"pt","LTL","Litas","Litas lituano"
"pt","LUF","Franc.lux.","Franco luxemburgo (Antigo --> EUR)"
"pt","LVL","Lats","Lats letão"
"pt","LYD","Dinar líbio","Dinar líbio"
"pt","MAD","Dirrã","Dirrã marroquino"
"pt","MDL","Leu","Leu moldávio"
"pt","MGA","Ariári malgaxe","Ariári malgaxe"
"pt","MGF","Fr.Madagascar","Franco de Madagascar (antigo)"
"pt","MKD","Dinar maced.","Dinar macedónio"
"pt","MMK","Quiate","Quiate de Myanmar"
"pt","MNT","Tugrik","Tugrik mongol"
"pt","MOP","Pataca","Pataca macaense"
"pt","MRO","Uguia","Uguia mauritana"
"pt","MRU","Uguia","Uguia mauritana"
"pt","MTL","Lira","Lira maltesa (Antiga --> EUR)"
"pt","MUR","Rupia","Rupia Mauriciana"
"pt","MVR","Rupia","Rupia maldívia"
"pt","MWK","Kwacha Maláui","Kwacha do Maláui"
"pt","MXN","Peso","Pesos mexicanos"
"pt","MYR","Ringuite","Ringuite malaio"
"pt","MZM","Metical","Metical moçambicano (antigo)"
"pt","MZN","Metical","Metical moçambicano"
"pt","NAD","Dólar Namíbia","Dólar da Namíbia"
"pt","NGN","Naira","Naira nigeriano"
"pt","NIO","Córdoba","Córdoba nicaraguano"
"pt","NLG","Florim","Florim neerlandês (Antigo --> EUR)"
"pt","NOK","Coroa norueg.","Coroa norueguesa"
"pt","NPR","Rupia","Rupia nepalesa"
"pt","NZD","Dólar NZL","Dólar da Nova Zelândia"
"pt","OMR","Rial Omani","Rial Omani"
"pt","PAB","Balboa","Balboa panamense"
"pt","PEN","Novo Sol","Novo Sol peruano"
"pt","PGK","Kina","Kina papuásia"
"pt","PHP","Peso","Peso filipino"
"pt","PKR","Rupia","Rupia paquistanesa"
"pt","PLN","Zloty","Zloty polaco (novo)"
"pt","PTE","Escudo","Escudo português (Antigo --> EUR)"
"pt","PYG","Guarani","Guarani do Paraguai"
"pt","QAR","Rial","Rial catarense"
"pt","ROL","Leu (antigo)","Leu romeno (antigo)"
"pt","RON","Leu","Leu romeno"
"pt","RSD","Dinar sérvio","Dinar sérvio"
"pt","RUB","Rublo","Rublo russo"
"pt","RWF","Franco","Franco ruandês"
"pt","SAR","Rial","Rial saudita"
"pt","SBD","Dólar Ilh.Sal.","Dólar das Ilhas Salomão"
"pt","SCR","Rupia","Rúpia das Seychelles"
"pt","SDD","Dinar","Dinar sudanês"
"pt","SDG","Libra","Libra sudanesa"
"pt","SDP","Libra","Libra sudanesa (até 1992)"
"pt","SEK","Coroa sueca","Coroa sueca"
"pt","SGD","Dólar Sing.","Dólar de Singapura"
"pt","SHP","Libra Sta.Hel.","Libra de Santa Helena"
"pt","SIT","Tolar","Tolar esloveno (Arquivo --> EUR)"
"pt","SKK","Coroa","Coroa eslovaca (Antigo --> EUR)"
"pt","SLL","Leone","Leone serra-leonino"
"pt","SOS","Xelim","Xelim somali"
"pt","SRD","Dólar Suriname","Dólar do Suriname"
"pt","SRG","Florim Suriname","Florim do Suriname (antigo)"
"pt","SSP","Libra","Libra sul-sudanesa"
"pt","STD","Dobra","Dobra de São Tomé e Príncipe"
"pt","SVC","Colón","Colón do El Salvador"
"pt","SZL","Lilangeni","Lilangeni suazi"
"pt","THB","Baht","Baht da Tailândia"
"pt","TJR","Rublo","Rublo do Tajiquistão"
"pt","TJS","Somoni","Somoni do Tajiquistão"
"pt","TMM","Manat (antigo)","Manat turcomano (antigo)"
"pt","TMT","Manat","Manat turcomano"
"pt","TND","Dinar","Dinar tunisino"
"pt","TOP","Pa'anga","Pa'anga tonganesa"
"pt","TPE","Escudo timorense","Escudo timorense --> USD"
"pt","TRL","Lira (antiga)","Lira turca (antiga)"
"pt","TRY","Lira","Lira turca"
"pt","TTD","Dólar de TRI","Dólar de Trindade e Tobago"
"pt","TWD","Dólar","Novo Dólar de Taiwan"
"pt","TZS","Xelim","Xelim tanzaniano"
"pt","UAH","Grívnia","Grívnia ucraniana"
"pt","UGX","Xelim","Xelim ugandês"
"pt","USD","Dólar Americano","Dólar Americano"
"pt","UYU","Peso","Peso uruguaio"
"pt","UZS","Total","Som uzbeque"
"pt","VEB","Bolívar (antigo)","Bolívar venezuelano (antigo)"
"pt","VEF","Bolívar","Bolivar venezuelano"
"pt","VES","Bolívar","Bolivar venezuelano"
"pt","VND","Dong","Dong vietnamita"
"pt","VUV","Vatu","Vatu do Vanuatu"
"pt","WST","Tala","Tala samoana"
"pt","XAF","Franco CFA BEAC","Franco CFA BEAC do Gabão"
"pt","XCD","Dólar","Dólar do Caribe Oriental"
"pt","XEU","U.M.E.","Unidade Monetária Europeia"
"pt","XOF","Franco CFA BCEA","Franco CFA BCEAO do Benim"
"pt","XPF","Franc.fr.(Pac)","Franco francês (Ilhas do Pacífico)"
"pt","YER","Rial iemenita","Rial iemenita"
"pt","YUM","Novo Dinar","Novo Dinar iugoslavo (antigo)"
"pt","ZAR","Rand","Rand sul-africano"
"pt","ZMK","Kwacha","Kwacha zambiano (antigo)"
"pt","ZMW","Kwacha","Kwacha zambiano (novo)"
"pt","ZRN","Zaire","Zaire (antigo)"
"pt","ZWD","Dólar Zimbabwe","Dólar do Zimbabwe (antigo)"
"pt","ZWL","Dólar Zimbabwe","Dólar do Zimbabwe (novo)"
"pt","ZWN","Dólar Zimbabwe","Dólar do Zimbabwe (antigo)"
"pt","ZWR","Dólar Zimbabwe","Dólar do Zimbabwe (antigo)"