locale,code,name,descr
"bg","ADP","Песета","Андорска песета --> (старо --> EUR)"
"bg","AED","Дирхам","Обединени Арабски Емирства - дирхам"
"bg","AFA","Афганист. афган","Афганистански афган (старо)"
"bg","AFN","Афганистански афган","Афганистански афган"
"bg","ALL","Лек","Албански лек"
"bg","AMD","Драм","Арменски драм"
"bg","ANG","Антилски гулден","Антилски гулден"
"bg","AOA","Кванза","Анголска кванза"
"bg","AON","Нова кванза","Анголска нова кванза (старо)"
"bg","AOR","Кванза (деномин.)","Анголска деноминирана кванза (старо)"
"bg","ARS","Аржентинско песо","Аржентинско песо"
"bg","ATS","Шилинг","Австрийски шилинг (Old --> EUR)"
"bg","AUD","Австрал. долар","Австралийски долар"
"bg","AWG","Аруб. флорин","Арубийски флорин"
"bg","AZM","Манат","Азербайджански манат (старо)"
"bg","AZN","Манат","Азербайджански манат"
"bg","BAM","Конверт. марка","Босна и Херцеговина - конвертируема марка"
"bg","BBD","Долар","Барбадоски долар"
"bg","BDT","Така","Бангладешка така"
"bg","BEF","Белгийски франк","Белгийски франк (старо --> EUR)"
"bg","BGN","Лев","Български лев"
"bg","BHD","Динар","Бахрейнски динар"
"bg","BIF","Бурундски франк","Бурундски франк"
"bg","BMD","Бермудски долар","Бермудски долар"
"bg","BND","Долар","Брунейски долар"
"bg","BOB","Боливиано","Боливийско боливиано"
"bg","BRL","Реал","Бразилски реал"
"bg","BSD","Долар","Бахамски долар"
"bg","BTN","Нгултрум","Бутански нгултрум"
"bg","BWP","Пула","Ботсванска пула"
"bg","BYB","Беларуска рубла","Беларуска рубла (старо)"
"bg","BYN","Беларуска рубла (ново)","Беларуска рубла (ново)"
"bg","BYR","Рубла","Беларуска рубла"
"bg","BZD","Долар","Белизки долар"
"bg","CAD","Канадски долар","Канадски долар"
"bg","CDF","Конголез. франк","Конголезки франк"
"bg","CHF","Швейц. франк","Швейцарски франк"
"bg","CLP","Песо","Чилийско песо"
"bg","CNY","Юан","Китайски юан"
"bg","COP","Песо","Колумбийско песо"
"bg","CRC","Костарик. колон","Костарикански колон"
"bg","CSD","Сръбски динар","Сръбски динар (старо)"
"bg","CUC","Конверт. песо","Конвертируемо песо"
"bg","CVE","Ескудо","Кабо Верде - ескудо"
"bg","CYP","Кипърска лира","Кипърска лира  (старо --> EUR)"
"bg","CZK","Крона","Чешка крона"
"bg","DEM","Германска марка","Германска марка    (старо --> EUR)"
"bg","DJF","Джибутски франк","Джибутски франк"
"bg","DKK","Датска крона","Датска крона"
"bg","DOP","Доминик. песо","Доминиканско песо"
"bg","DZD","Динар","Алжирски динар"
"bg","ECS","Сукре","Еквадорско сукре (старо --> USD)"
"bg","EEK","Крона","Естонска крона (старо --> EUR)"
"bg","EGP","Лира","Египетска лира"
"bg","ERN","Накфа","Еритрейска накфа"
"bg","ESP","Песета","Испанска песета (старо --> EUR)"
"bg","ETB","Бир","Етиопски бир"
"bg","EUR","Евро","Европейско евро"
"bg","FIM","Финландска марка","Финландска марка (старо --> EUR)"
"bg","FJD","Долар","Фиджийски долар"
"bg","FKP","Фолкланд.лира","Фолкландска лира"
"bg","FRF","Френски франк","Френски франк (старо --> EUR)"
"bg","GBP","Лира","Британска лира"
"bg","GEL","Лари","Грузинско лари"
"bg","GHC","Седи","Ганайско седи (старо)"
"bg","GHS","Седи","Ганайско седи"
"bg","GIP","Гибралт. лира","Гибралт. лира"
"bg","GMD","Даласи","Гамбийско даласи"
"bg","GNF","Франк","Гвинейски франк"
"bg","GRD","Драхма","Гръцка драхма (старо --> EUR)"
"bg","GTQ","Кетцал","Гватемалски кетцал"
"bg","GWP","Гвинейско песо","Гвинейско песо (старо --> SHP)"
"bg","GYD","Гвиански долар","Гвиански долар"
"bg","HKD","Хонконски долар","Хонконски долар"
"bg","HNL","Лемпира","Хондураска лемпира"
"bg","HRK","Куна","Хърватска куна (старо --> EUR)"
"bg","HTG","Гурд","Хаитско гурде"
"bg","HUF","Форинт","Унгарски форинт"
"bg","IDR","Рупия","Индонезийска рупия"
"bg","IEP","Ирландски фунт","Ирландски фунт (старо --> EUR)"
"bg","ILS","Шекел","Израелски шекел"
"bg","INR","Рупия","Индийска рупия"
"bg","IQD","Динар","Иракски динар"
"bg","ISK","Крона","Исландска крона"
"bg","ITL","Лира","Италианска лира (старо --> EUR)"
"bg","JMD","Ямайски долар","Ямайски долар"
"bg","JOD","Йордански динар","Йордански динар"
"bg","JPY","Йена","Японска йена"
"bg","KES","Шилинг","Кенийски шилинг"
"bg","KGS","Сом","Киргизки сом"
"bg","KHR","Риел","Камбоджански риел"
"bg","KMF","Коморски франк","Коморски франк"
"bg","KRW","Южнокорейски вон","Южнокорейски вон"
"bg","KWD","Динар","Кувейтски динар"
"bg","KYD","Каймански долар","Каймански долар"
"bg","KZT","Тенге","Казахстанско тенге"
"bg","LAK","Кип","Лаоски кип"
"bg","LBP","Ливанска лира","Ливанска лира"
"bg","LKR","Шриланк. рупия","Шриланкийска рупия"
"bg","LRD","Либер. долар","Либерийски долар"
"bg","LSL","Лоти","Лесото - лоти"
"bg","LTL","Лита","Литвенска лита"
"bg","LUF","Люксембургски франк","Люксембургски франк (старо --> EUR)"
"bg","LVL","Лат","Латвийски лат"
"bg","LYD","Либийски динар","Либийски динар"
"bg","MAD","Дирхам","Марокански дирхам"
"bg","MDL","Лея","Молдовска лея"
"bg","MGA","Мадаг. ариари","Мадагаскарски ариари"
"bg","MGF","Мадагаскарски франк","Мадагаскарски франк (старо)"
"bg","MKD","Макед. денар","Македонски денар"
"bg","MMK","Кият","Мианмарски кият"
"bg","MNT","Тугрик","Монголски тугрик"
"bg","MOP","Патака","Патака на Макао"
"bg","MRO","Угия","Мавританска угия"
"bg","MRU","Угия","Мавританска угия"
"bg","MTL","Лира","Малтийска лира (старо --> EUR)"
"bg","MUR","Рупия","Маврицийска рупия"
"bg","MVR","Руфия","Малдивска руфия"
"bg","MWK","Малавийска куача","Малавийска куача"
"bg","MXN","Песо","Мексиканско песо"
"bg","MYR","Рингит","Малайзийски рингит"
"bg","MZM","Метикал","Мозамбикски метикал (старо)"
"bg","MZN","Метикал","Мозамбикски метикал"
"bg","NAD","Намиб. долар","Намибийски долар"
"bg","NGN","Найра","Нигерийска найра"
"bg","NIO","Златна кордоба","Никарагуанска златна кордоба"
"bg","NLG","Гулден","Нидерландски гулден (старо --> EUR)"
"bg","NOK","Норвежка крона","Норвежка крона"
"bg","NPR","Рупия","Непалска рупия"
"bg","NZD","Новозеландски долари","Новозеландски долари"
"bg","OMR","Омански риал","Омански риал"
"bg","PAB","Балбоа","Панамска балбоа"
"bg","PEN","Нов сол","Перуански нов сол"
"bg","PGK","Кина","Папуа Нова Гвинея - кина"
"bg","PHP","Песо","Филипинско песо"
"bg","PKR","Рупия","Пакистанска рупия"
"bg","PLN","Злота","Полска злота (нова)"
"bg","PTE","Ескудо","Португалско ескудо (старо --> EUR)"
"bg","PYG","Гуарани","Парагвайско гуарани"
"bg","QAR","Риал","Катарски риал"
"bg","ROL","Лея (старо)","Румънска лея (старо)"
"bg","RON","Лея","Румънска лея"
"bg","RSD","Сръбски динар","Сръбски динар"
"bg","RUB","Рубла","Руска рубла"
"bg","RWF","Франк","Руандски франк"
"bg","SAR","Риал","Саудитски риал"
"bg","SBD","Соломонски долар","Соломонови острови - долар"
"bg","SCR","Рупия","Сейшелска рупия"
"bg","SDD","Динар","Судански динар (старо)"
"bg","SDG","Лира","Суданска лира"
"bg","SDP","Лира","Суданска лира (до 1992 г.)"
"bg","SEK","Шведска крона","Шведска крона"
"bg","SGD","Сингапурски долар","Сингапурски долар"
"bg","SHP","Св. Елена – Лира","Св. Елена – Лира"
"bg","SIT","Толар","Словенски толар (старо --> EUR)"
"bg","SKK","Крона","Словашка крона (старо --> EUR)"
"bg","SLL","Леоне","Сиера Леоне - леоне"
"bg","SOS","Шилинг","Сомалийски шилинг"
"bg","SRD","Суринам. долар","Суринамски долар"
"bg","SRG","Суринамски гулден","Суринамски гулден (старо)"
"bg","SSP","Лира","Южен Судан - лира"
"bg","STD","Добра","Сао Томе и Принсипи - добра"
"bg","SVC","Колон","Салвадорски колон"
"bg","SZL","Лилангени","Свазилендско лилангени"
"bg","THB","Бат","Тайландски бат"
"bg","TJR","Рубла","Таджикистанска рубла (старо)"
"bg","TJS","Сомони","Таджикистанско сомони"
"bg","TMM","Манат (старо)","Туркменистански манат (старо)"
"bg","TMT","Манат","Туркменистански манат"
"bg","TND","Динар","Тунизийски динар"
"bg","TOP","Паанга","Тонга - паанга"
"bg","TPE","Тиморско ескудо","Тиморско ескудо --> USD"
"bg","TRL","Лира (старо)","Турска лира (старо)"
"bg","TRY","Лира","Турска лира"
"bg","TTD","Тринидад и Тобаго – долар","Тринидад и Тобаго - долар"
"bg","TWD","Долар","Нов тайвански долар"
"bg","TZS","Шилинг","Танзанийски шилинг"
"bg","UAH","Украин. гривна","Украинска гривна"
"bg","UGX","Шилинг","Угандийски шилинг"
"bg","USD","Америк. долар","Американски долар"
"bg","UYU","Песо","Уругвайско песо"
"bg","UZS","Общо","Узбекистански сом"
"bg","VEB","Боливар (старо)","Венецуелски боливар (старо)"
"bg","VEF","Боливар","Венецуелски боливар"
"bg","VES","Боливар","Венецуелски боливар"
"bg","VND","Донг","Виетнамски донг"
"bg","VUV","Вату","Вануатско вану"
"bg","WST","Тала","Самоанска тала"
"bg","XAF","Габон - ЦАфранк","Габон - централноафрикански франк"
"bg","XCD","Долар","Източнокарибски долар"
"bg","XEU","E.C.U.","Европейска валутна единица (E.C.U.)"
"bg","XOF","Бенин-ЗапАфрФнк","Бенин - западноафрикански франк"
"bg","XPF","Френски франк (тихоок.)","Френски франк (тихоокеански острови)"
"bg","YER","Йеменски риал","Йеменски риал"
"bg","YUM","Нов динар","Нов югославски динар (старо)"
"bg","ZAR","Ранд","Южноафрикански ранд"
"bg","ZMK","Куача","Замбийска куача (старо)"
"bg","ZMW","Куача","Замбийска куача (ново)"
"bg","ZRN","Заир","Заир (старо)"
"bg","ZWD","Зимбабв. долар","Зимбабвийски долар (старо)"
"bg","ZWL","Зимбабв. долар","Зимбабвийски долар (ново)"
"bg","ZWN","Зимбабв. долар","Зимбабвийски долар (старо)"
"bg","ZWR","Зимбабв. долар","Зимбабвийски долар (старо)"