locale,code,name,descr
"pl","ADP","Peseta","Peseta andorska --> (stara --> EUR)"
"pl","AED","Dirham","Dirham Zjednoczonych Emiratów Arabskich"
"pl","AFA","Afgani","Afghani (stare)"
"pl","AFN","Afgani","Afgani"
"pl","ALL","Lek","Lek albański"
"pl","AMD","Dram","Dram armeński"
"pl","ANG","Gulden antylski","Gulden antylski"
"pl","AOA","Kwanza","Kwanza angolska"
"pl","AON","Nowa Kwanza","Nowa Kwanza angolska (stara)"
"pl","AOR","Kwanza Reajust.","Angolska Kwanza Reajustado (stara)"
"pl","ARS","Peso arg.","Peso argentyńskie"
"pl","ATS","Szyling","Szyling austriacki (stary --> EUR)"
"pl","AUD","Dolar austral.","Dolar australijski"
"pl","AWG","Florin arub.","Florin arubański"
"pl","AZM","Manat","Manat azerski (stary)"
"pl","AZN","Manat","Manat azerski"
"pl","BAM","Marka zam.","Marka zamienna Bośni i Hercegowiny"
"pl","BBD","Dolar","Dolar Barbadosu"
"pl","BDT","Taka","Taka bengalska"
"pl","BEF","Frank belgijski","Frank belgijski (stary --> EUR)"
"pl","BGN","Lew","Lew bułgarski"
"pl","BHD","Dinar","Dinar bahrański"
"pl","BIF","Frank burundyjski","Frank burundyjski"
"pl","BMD","Dolar bermudzki","Dolar bermudzki"
"pl","BND","Dolar","Dolar brunejski"
"pl","BOB","Boliviano","Boliviano"
"pl","BRL","Real","Real brazylijski"
"pl","BSD","Dolar","Dolar bahamski"
"pl","BTN","Ngultrum","Ngultrum bhutański"
"pl","BWP","Pula","Pula botswańska"
"pl","BYB","Rubel białor.","Rubel białoruski (stary)"
"pl","BYN","Nowy rubel białor.","Rubel białoruski (nowy)"
"pl","BYR","Rubel","Rubel białoruski"
"pl","BZD","Dolar","Dolar belizeński"
"pl","CAD","Dolar kanad.","Dolar kanadyjski"
"pl","CDF","Frank kongijski","Frank kongijski"
"pl","CHF","Frank szwajc.","Frank szwajcarski"
"pl","CLP","Peso","Peso chilijskie"
"pl","CNY","Renminbi","Chiński renminbi"
"pl","COP","Peso","Peso kolumbijskie"
"pl","CRC","Colón kostar.","Colón kostarykański"
"pl","CSD","Dinar serbski","Dinar serbski (stary)"
"pl","CUC","Peso wymien.","Peso wymienialne"
"pl","CVE","Escudo","Escudo Republiki Zielonego Przylądka"
"pl","CYP","Funt cypryjski","Funt cypryjski (stary --> EUR)"
"pl","CZK","Korona","Korona czeska"
"pl","DEM","Marka niemiecka","Marka niemiecka    (stara --> EUR)"
"pl","DJF","Frank dżibut.","Frank dżibutyjski"
"pl","DKK","Korona duńska","Korona duńska"
"pl","DOP","Peso dominik.","Peso dominikańskie"
"pl","DZD","Dinar","Dinar algierski"
"pl","ECS","Sucre","Sucre ekwadorski (stary --> USD)"
"pl","EEK","Korona","Korona estońska (stara --> EUR)"
"pl","EGP","Funt","Funt egipski"
"pl","ERN","Nakfa","Nakfa erytrejska"
"pl","ESP","Peseta","Peseta hiszpańska --> (stara --> EUR)"
"pl","ETB","Birr","Birr etiopski"
"pl","EUR","Euro","Euro europejskie"
"pl","FIM","Marka fińska","Marka fińska (stara --> EUR)"
"pl","FJD","Dolar","Dolar Fidżi"
"pl","FKP","Funt falkl.","Funt falklandzki"
"pl","FRF","Frank francuski","Frank francuski (stary --> EUR)"
"pl","GBP","Funt","Funt brytyjski"
"pl","GEL","Lari","Lari gruziński"
"pl","GHC","Cedi","Cedi ghańskie (stare)"
"pl","GHS","Cedi","Cedi ghańskie"
"pl","GIP","Funt gibralt.","Funt gibraltarski"
"pl","GMD","Dalasi","Dalasi gambijskie"
"pl","GNF","Frank","Frank gwinejski"
"pl","GRD","Drachma","Drachma grecka  (stara --> EUR)"
"pl","GTQ","Quetzal","Quetzal gwatemalski"
"pl","GWP","Peso gwinejskie","Peso gwinejskie (stare --> SHP)"
"pl","GYD","Dolar gujański","Dolar gujański"
"pl","HKD","Dolar hongk.","Dolar hongkoński"
"pl","HNL","Lempira","Lempira honduraska"
"pl","HRK","Kuna","Kuna chorwacka (stare --> EUR)"
"pl","HTG","Gourde","Gourde haitański"
"pl","HUF","Forint","Forint węgierski"
"pl","IDR","Rupia","Rupia indonezyjska"
"pl","IEP","Funt irlandzki","Funt irlandzki (stary --> EUR)"
"pl","ILS","Szekel","Szekel izraelski"
"pl","INR","Rupia","Rupia indyjska"
"pl","IQD","Dinar","Dinar iracki"
"pl","ISK","Korona","Korona islandzka"
"pl","ITL","Lira","Lira włoska (stara --> EUR)"
"pl","JMD","Dolar jamajski","Dolar jamajski"
"pl","JOD","Dinar jordański","Dinar jordański"
"pl","JPY","Jen","Jen japoński"
"pl","KES","Szyling","Szyling kenijski"
"pl","KGS","Som","Som kirgiski"
"pl","KHR","Riel","Riel kambodżański"
"pl","KMF","Frank komor.","Frank komoryjski"
"pl","KRW","Won poł.koreański","Won południowokoreański"
"pl","KWD","Dinar","Dinar kuwejcki"
"pl","KYD","Dolar kajmański","Dolar kajmański"
"pl","KZT","Tenge","Tenge kazachski"
"pl","LAK","Kip","Kip laotański"
"pl","LBP","Funt libański","Funt libański"
"pl","LKR","Rupia lankijska","Rupia lankijska"
"pl","LRD","Dolar liber.","Dolar liberyjski"
"pl","LSL","Loti","Loti sotyjskie"
"pl","LTL","Lit","Lit litewski"
"pl","LUF","Frank luks.","Frank luksemburski (stary --> EUR)"
"pl","LVL","Łat","Łat łotewski"
"pl","LYD","Dinar libijski","Dinar libijski"
"pl","MAD","Dirham","Dirham marokański"
"pl","MDL","Lej","Lej mołdawski"
"pl","MGA","Ariary malgaski","Ariary malgaski"
"pl","MGF","Fr. malgaski","Frank malgaski (stary"
"pl","MKD","Denar maced.","Denar macedoński"
"pl","MMK","Kiat","Kiat Mjanmy"
"pl","MNT","Tugrik","Tugrik mongolski"
"pl","MOP","Pataca","Pataca Makau"
"pl","MRO","Ugija","Ugija mauretańska"
"pl","MRU","Ugija","Ugija mauretańska"
"pl","MTL","Lira","Lira maltańska (stara --> EUR)"
"pl","MUR","Rupia","Rupia maurytyjska"
"pl","MVR","Rupia","Rupia malediwska"
"pl","MWK","Kwacha malawijska","Kwacha malawijska"
"pl","MXN","Peso","Peso meksykańskie"
"pl","MYR","Ringgit","Ringgit malezyjski"
"pl","MZM","Metical","Metical mozambijski (stary)"
"pl","MZN","Metical","Metical mozambijski"
"pl","NAD","Dolar namib.","Dolar namibijski"
"pl","NGN","Naira","Naira nigeryjska"
"pl","NIO","Cordoba Oro","Córdoba nikaraguańska"
"pl","NLG","Gulden","Gulden holenderski (stare --> EUR)"
"pl","NOK","Korona norweska","Korona norweska"
"pl","NPR","Rupia","Rupia nepalska"
"pl","NZD","Dolary nowozel.","Dolary nowozelandzkie"
"pl","OMR","Rial omański","Rial omański"
"pl","PAB","Balboa","Balboa panamska"
"pl","PEN","Nowy sol","Nowy sol peruwiański"
"pl","PGK","Kina","Kina papuaska NG"
"pl","PHP","Peso","Peso filipińskie"
"pl","PKR","Rupia","Rupia pakistańska"
"pl","PLN","Złoty","Polski złoty (nowy)"
"pl","PTE","Escudo","Escudo portugalskie (stare --> EUR)"
"pl","PYG","Guarani","Guarani paragwajski"
"pl","QAR","Rial","Rial katarski"
"pl","ROL","Lej (stary)","Lej rumuński (stary)"
"pl","RON","Lej","Lej rumuński"
"pl","RSD","Dinar serbski","Dinar serbski"
"pl","RUB","Rubel","Rubel rosyjski"
"pl","RWF","Frank","Frank rwandyjski"
"pl","SAR","Rial","Rial saudyjski"
"pl","SBD","Dol. Wysp Sal.","Dolar Wysp Salomona"
"pl","SCR","Rupia","Rupia seszelska"
"pl","SDD","Dinar","Dinar sudański (stary)"
"pl","SDG","Funt","Funt sudański"
"pl","SDP","Funt","Funt sudański (do 1992 r.)"
"pl","SEK","Korona szwedzka","Korona szwedzka"
"pl","SGD","Dolar sing.","Dolar singapurski"
"pl","SHP","Funt Św. Heleny","Funt Świętej Heleny"
"pl","SIT","Tolar","Tolar słoweński (stary --> EUR)"
"pl","SKK","Korona","Korona słowacka (stara --> EUR)"
"pl","SLL","Leone","Leone Sierra Leone"
"pl","SOS","Szyling","Szyling somalijski"
"pl","SRD","Dolar surinam.","Dolar surinamski"
"pl","SRG","Gulden Surinamu","Gulden Surinamu (stary)"
"pl","SSP","Funt","Funt południowosudański"
"pl","STD","Dobra","Dobra Wysp Świętego Tomasza i Książęcej"
"pl","SVC","Colon","Colon salwadorski"
"pl","SZL","Lilangeni","Lilangeni suazyjskie"
"pl","THB","Baht","Baht tajski"
"pl","TJR","Rubel","Rubel tadżycki (stary)"
"pl","TJS","Somoni","Somoni tadżyckie"
"pl","TMM","Manat (stary)","Manat turkmeński (stary)"
"pl","TMT","Manat","Manat turkmeński"
"pl","TND","Dinar","Dinar tunezyjski"
"pl","TOP","Pa'anga","Pa'anga tongijska"
"pl","TPE","Escudo timorskie","Escudo timorskie --> USD"
"pl","TRL","Lira (stara)","Lira turecka (Old)"
"pl","TRY","Lira","Lira turecka"
"pl","TTD","Dolar T. i T.","Dolar Trynidadu i Tobago"
"pl","TWD","Dolar","Nowy dolar tajwański"
"pl","TZS","Szyling","Szyling tanzański"
"pl","UAH","Hrywna","Hrywna ukraińska"
"pl","UGX","Szyling","Szyling ugandyjski"
"pl","USD","Dolar amer.","Dolar amerykański"
"pl","UYU","Peso","Peso urugwajskie"
"pl","UZS","Suma","Sum uzbecki"
"pl","VEB","Bolivar (stary)","Boliwar wenezuelski (stary)"
"pl","VEF","Bolivar","Boliwar wenezuelski"
"pl","VES","Bolivar","Boliwar wenezuelski"
"pl","VND","Dong","Dong wietnamski"
"pl","VUV","Vatau","Vatu vanuatuańskie"
"pl","WST","Tala","Tala samoańska"
"pl","XAF","Frank CFA BEAC","Frank CFA BEAC Gabon"
"pl","XCD","Dolar","Dolar wschodniokaraibski"
"pl","XEU","ECU","Europejska Jednostka Walutowa (ECU)"
"pl","XOF","Frank CFA BCEAO","Frank CFA BCEAO Benin"
"pl","XPF","Frank fr. (Pacyf.)","Frank francuski (wyspy Pacyfiku)"
"pl","YER","Rial jemeński","Rial jemeński"
"pl","YUM","Nowy Dinar","Nowy dinar jugosłowiański (stary)"
"pl","ZAR","Rand","Rand RPA"
"pl","ZMK","Kwacha","Kwacha zambijska (stara)"
"pl","ZMW","Kwacha","Kwacha zambijska (nowa)"
"pl","ZRN","Zair","Zair (stary)"
"pl","ZWD","Dolar Zimbabwe","Dolar Zimbabwe (stary)"
"pl","ZWL","Dolar Zimbabwe","Dolar Zimbabwe (nowy)"
"pl","ZWN","Dolar Zimbabwe","Dolar Zimbabwe (stary)"
"pl","ZWR","Dolar Zimbabwe","Dolar Zimbabwe (stary)"