locale,code,name,descr
"no","ADP","Peseta","Andorransk peseta --> (gammel --> EUR)"
"no","AED","Dirham","Emiratarabisk dirham"
"no","AFA","Afghani","Afghani (gammel)"
"no","AFN","Afghani","Afghani"
"no","ALL","Lek","Albansk lek"
"no","AMD","Dram","Armensk dram"
"no","ANG","Vestind. gylden","Vestindisk gylden"
"no","AOA","Kwansa","Angolsk kwanza"
"no","AON","Ny kwanza","Angolsk ny kwanza (gammel)"
"no","AOR","Kwanza reajust.","Angolsk kwanza reajustado (gammel)"
"no","ARS","Arg. peso","Argentinsk peso"
"no","ATS","Schilling","Østerriksk schilling (gammel --> EUR)"
"no","AUD","Austr. dollar","Australsk dollar"
"no","AWG","Arubansk florin","Arubansk florin"
"no","AZM","Manat","Aserbajdsjansk manat (gammel)"
"no","AZN","Manat","Aserbajdsjansk manat"
"no","BAM","Konvert. mark","Bosniske konvertible mark"
"no","BBD","Dollar","Barbadisk dollar"
"no","BDT","Taka","Bangladeshisk taka"
"no","BEF","Belgisk franc","Belgisk franc (gammel --> EUR)"
"no","BGN","Lev","Bulgarsk lev"
"no","BHD","Dinar","Bahrainsk dinar"
"no","BIF","Burundisk franc","Burundisk franc"
"no","BMD","Bermud. dollar","Bermudisk dollar"
"no","BND","Dollar","Bruneisk dollar"
"no","BOB","Boliviano","Boliviano"
"no","BRL","Real","Brasiliansk real"
"no","BSD","Dollar","Bahamansk dollar"
"no","BTN","Ngultrum","Bhutansk ngultrum"
"no","BWP","Pula","Botswansk pula"
"no","BYB","Belarus. rubel","Belarusisk rubel (gammel)"
"no","BYN","Bel. rubel ny","Belarusisk rubel (ny)"
"no","BYR","Rubel","Belarusisk rubel"
"no","BZD","Dollar","Belizisk dollar"
"no","CAD","Kanadisk dollar","Kanadisk dollar"
"no","CDF","Kongolesisk fr.","Kongolesisk franc"
"no","CHF","Sveitsisk franc","Sveitsisk franc"
"no","CLP","Peso","Chilensk peso"
"no","CNY","Renminbi","Kinesisk renminbi"
"no","COP","Peso","Colombiansk peso"
"no","CRC","Costaric. colon","Costaricansk colón"
"no","CSD","Serbisk dinar","Serbisk dinal (gammel)"
"no","CUC","Konvert. peso","Konvertibel peso"
"no","CVE","Escudo","Kappverdisk escudo"
"no","CYP","Kypriotisk pund","Kypriotisk pund (gammel --> EUR)"
"no","CZK","Koruna","Tsjekkisk koruna"
"no","DEM","Tysk mark","Tysk mark (gammel --> EUR)"
"no","DJF","Djiboutisk fr.","Djiboutisk franc"
"no","DKK","Dansk krone","Dansk krone"
"no","DOP","Dominik. peso","Dominikansk peso"
"no","DZD","Dinar","Algerisk dinar"
"no","ECS","Sucre","Ecuadoriansk sucre (gammel --> USD)"
"no","EEK","Kroon","Estisk kroon (gammel --> EUR)"
"no","EGP","Pund","Egyptisk pund"
"no","ERN","Nakfa","Eritreisk nakfa"
"no","ESP","Peseta","Spansk peseta (gammel --> EUR)"
"no","ETB","Birr","Etiopisk birr"
"no","EUR","Euro","Euro"
"no","FIM","Finsk mark","Finsk mark (gammel --> EUR)"
"no","FJD","Dollar","Fijiansk dollar"
"no","FKP","Falklandspund","Falklandspund"
"no","FRF","Fransk franc","Fransk franc (gammel --> EUR)"
"no","GBP","Pund","Britisk pund"
"no","GEL","Lari","Georgisk lari"
"no","GHC","Cedi","Ghanesisk cedi (gammel)"
"no","GHS","Cedi","Ghanesisk cedi"
"no","GIP","Gibralt. pund","Gibraltarsk pund"
"no","GMD","Dalasi","Gambisk dalasi"
"no","GNF","Franc","Guineansk franc"
"no","GRD","Drakme","Gresk drakme (gammel --> EUR)"
"no","GTQ","Quetzal","Guatemalansk quetzal"
"no","GWP","Guineansk peso","Guineansk peso (gammel --> SHP)"
"no","GYD","Guyansk dollar","Guyansk dollar"
"no","HKD","Hongkongdollar","Hong Kong dollar"
"no","HNL","Lempira","Honduransk lempira"
"no","HRK","Kuna","Kroatisk kuna (gammel --> EUR)"
"no","HTG","Gourde","Haitisk gourde"
"no","HUF","Forint","Ungarsk forint"
"no","IDR","Rupiah","Indonesisk rupiah"
"no","IEP","Irsk punt","Irsk punt (gammel --> EUR)"
"no","ILS","Shekel","Israelsk shekel"
"no","INR","Rupi","Indisk rupi"
"no","IQD","Dinar","Irakisk dinar"
"no","ISK","Krone","Islandsk krone"
"no","ITL","Lira","Italiensk lira (gammel --> EUR)"
"no","JMD","Jamaikansk dollar","Jamaikansk dollar"
"no","JOD","Jordansk dinar","Jordansk dinar"
"no","JPY","Yen","Japansk yen"
"no","KES","Shilling","Kenyansk shilling"
"no","KGS","Som","Kirgisisk som"
"no","KHR","Riel","Kambodsjansk riel"
"no","KMF","Komorisk franc","Komorisk franc"
"no","KRW","Sørkor. won","Sørkoreansk won"
"no","KWD","Dinar","Kuwaitisk dinar"
"no","KYD","Caymansk dollar","Caymansk dollar"
"no","KZT","Tenge","Kasakhstansk tenge"
"no","LAK","Kip","Laotisk kip"
"no","LBP","Libanesisk pund","Libanesisk pund"
"no","LKR","Srilankisk rupi","Srilankisk rupi"
"no","LRD","Liberisk dollar","Liberisk dollar"
"no","LSL","Loti","Lesothisk loti"
"no","LTL","Lita","Litauisk lita"
"no","LUF","Lux. franc","Luxembourgsk franc (gammel --> EUR)"
"no","LVL","Lat","Latvisk lat"
"no","LYD","Libysk dinar","Libysk dinar"
"no","MAD","Dirham","Marokkansk dirham"
"no","MDL","Leu","Moldovsk leu"
"no","MGA","Madag. ariary","Madagassisk ariary"
"no","MGF","Gassisk fr.","Madagassisk franc (gammel"
"no","MKD","Maked. denar","Makedonsk denar"
"no","MMK","Kyat","Myanmarsk kyat"
"no","MNT","Tugrik","Mongolsk tugrik"
"no","MOP","Pataca","Macaoisk pataca"
"no","MRO","Ouguiya","Mauritansk ouguiya"
"no","MRU","Ouguiya","Mauritansk ouguiya"
"no","MTL","Lira","Maltesisk lira (gammel --> EUR)"
"no","MUR","Rupi","Mauritisk rupi"
"no","MVR","Rufiyaa","Maldivisk rufiyaa"
"no","MWK","Malawisk kwacha","Malawisk kwacha"
"no","MXN","Peso","Mexikansk peso"
"no","MYR","Ringgit","Malaysisk ringgit"
"no","MZM","Metical","Mosambikisk metical (gammel)"
"no","MZN","Metical","Mosambikisk metical"
"no","NAD","Namibisk dollar","Namibisk dollar"
"no","NGN","Naira","Nigeriansk naira"
"no","NIO","Cordoba oro","Nicaraguansk cordoba oro"
"no","NLG","Gylden","Nederlandsk gylden (gammel --> EUR)"
"no","NOK","Norsk krone","Norsk krone"
"no","NPR","Rupi","Nepalsk rupi"
"no","NZD","Newz. dollar","Newzealandsk dollar"
"no","OMR","Omansk rial","Omansk rial"
"no","PAB","Balboa","Panamansk balboa"
"no","PEN","Nuevo sol","Peruansk nuevo sol"
"no","PGK","Kina","Papuansk kina"
"no","PHP","Peso","Filippinsk peso"
"no","PKR","Rupi","Pakistansk rupi"
"no","PLN","Zloty","Polsk zloty (ny)"
"no","PTE","Escudo","Portugisisk escudo (gammel --> EUR)"
"no","PYG","Guarani","Paraguayansk guarani"
"no","QAR","Riyal","Qatarsk riyal"
"no","ROL","Leu (gammel)","Rumensk leu (gammel)"
"no","RON","Leu","Rumensk leu"
"no","RSD","Serbisk dinar","Serbisk dinar"
"no","RUB","Rubel","Russisk rubel"
"no","RWF","Franc","Rwandisk franc"
"no","SAR","Riyal","Saudiarabisk riyal"
"no","SBD","Salom. dollar","Salomonsk dollar"
"no","SCR","Rupi","Seychelliansk rupi"
"no","SDD","Dinar","Sudansk dinar (gammel)"
"no","SDG","Pund","Sudansk pund"
"no","SDP","Pund","Sudansk pund (til 1992)"
"no","SEK","Svensk krone","Svensk krone"
"no","SGD","Sing. dollar","Singaporsk dollar"
"no","SHP","Sankthel. pund","Sankthelensk pund"
"no","SIT","Tolar","Slovensk tolar (gammel --> EUR)"
"no","SKK","Koruna","Slovakisk koruna (gammel --> EUR)"
"no","SLL","Leone","Sierraleonsk leone"
"no","SOS","Shilling","Somalisk shilling"
"no","SRD","Surinam. dollar","Surinamsk dollar"
"no","SRG","Surinamsk gylden","Surinamsk gylden (gammel)"
"no","SSP","Pund","Sørsudansk pund"
"no","STD","Dobra","Saotomesisk dobra"
"no","SVC","Colon","Salvadoransk colon"
"no","SZL","Lilangeni","Eswatinisk lilangeni"
"no","THB","Baht","Thailandsk baht"
"no","TJR","Rubel","Tadsjikisk rubel (gammel)"
"no","TJS","Somoni","Tadsjikisk somoni"
"no","TMM","Manat (gammel)","Turkmensk manat (gammel)"
"no","TMT","Manat","Turkmensk manat"
"no","TND","Dinar","Tunisisk dinar"
"no","TOP","Paanga","Tongansk paanga"
"no","TPE","Timorsk escudo","Timorsk escudo --> USD"
"no","TRL","Lira (gammel)","Tyrkisk lira (gammel)"
"no","TRY","Lira","Tyrkisk lira"
"no","TTD","Trinid. dollar","Trinidadisk dollar"
"no","TWD","Dollar","Ny taiwansk dollar"
"no","TZS","Shilling","Tanzaniansk shilling"
"no","UAH","Hryvnia","Ukrainsk hryvnja"
"no","UGX","Shilling","Ugandisk shilling"
"no","USD","US-dollar","Amerikansk dollar"
"no","UYU","Peso","Uruguayansk peso"
"no","UZS","Total","Usbekisk som"
"no","VEB","Bolivar (gammel)","Venezuelansk bolivar (gammel)"
"no","VEF","Bolivar","Venezuelansk bolivar"
"no","VES","Bolivar","Venezuelansk bolivar"
"no","VND","Dong","Vietnamesisk dong"
"no","VUV","Vatu","Vanuatisk vatu"
"no","WST","Tala","Samoansk tala"
"no","XAF","CFA-franc BEAC","Gabonsk CFA-franc BEAC"
"no","XCD","Dollar","Østkaribisk dollar"
"no","XEU","ECU","European Currency Unit (ECU)"
"no","XOF","CFA-franc BCEAO","Beninsk CFA-franc BCEAO"
"no","XPF","Fr. franc (St.)","Fransk franc (Stillehavsøyene)"
"no","YER","Jemen. rial","Jemenittisk rial"
"no","YUM","Ny dinar","Ny jugoslavisk dinar (gammel)"
"no","ZAR","Rand","Sørafrikansk rand"
"no","ZMK","Kwacha","Zambisk kwacha (gammel)"
"no","ZMW","Kwacha","Zambisk kwacha (ny)"
"no","ZRN","Zaire","Zaire (gammel)"
"no","ZWD","Zimbab. dollar","Zimbabwisk dollar (gammel)"
"no","ZWL","Zimbab. dollar","Zimbabwisk dollar (ny)"
"no","ZWN","Zimbab. dollar","Zimbabwisk dollar (gammel)"
"no","ZWR","Zimbab. dollar","Zimbabwisk dollar (gammel)"