locale,code,name,descr
"tr","ADP","Peseta","Andorra Pezetası --> (Eski --> EUR)"
"tr","AED","Dirhem","Birleşik Arap Emirlikleri Dirhemi"
"tr","AFA","Afgani","Afghani (Eski)"
"tr","AFN","Afgani","Afgani"
"tr","ALL","Lek","Arnavutluk Leki"
"tr","AMD","Dram","Ermenistan Dramı"
"tr","ANG","H.Ant.Guldeni","Hollanda Antilleri Guldeni"
"tr","AOA","Kwanzaa","Angola Kvanzası"
"tr","AON","Yeni Kvanzaa","Angola Yeni Kvanzası (Eski)"
"tr","AOR","Yen.ayrln.Kvanza","Angola Yeniden Ayarlanan Kvanzası (Eski)"
"tr","ARS","Arj.Pezosu","Arjantin Pezosu"
"tr","ATS","Şilin","Avusturya Şilini (Eski -> EUR)"
"tr","AUD","Avustr.Doları","Avustralya Doları"
"tr","AWG","Aruba Florini","Aruba Florini"
"tr","AZM","Manat","Azerbaycan Manatı (Eski)"
"tr","AZN","Manat","Azerbaycan Manatı"
"tr","BAM","Dğştlbr.Mark","Bosna-Hersek Değiştirilebilir Markı"
"tr","BBD","Dolar","Barbados Doları"
"tr","BDT","Taka","Bangla.Takası"
"tr","BEF","Belçika Frangı","Belçika Frangı (Eski -> EUR)"
"tr","BGN","Lev","Bulgar Levası"
"tr","BHD","Dinar","Bahreyn Dinarı"
"tr","BIF","Burundi Frangı","Burundi Frangı"
"tr","BMD","Bermuda Doları","Bermuda Doları"
"tr","BND","Dolar","Brunei Doları"
"tr","BOB","Bolivyano","Bolivyano"
"tr","BRL","Real","Brezilya Reali"
"tr","BSD","Dolar","Bahama Doları"
"tr","BTN","Ngultrum","Bhutan Ngultrumu"
"tr","BWP","Pula","Botswana Pulası"
"tr","BYB","Belarus Rublesi","Belarus Rublesi (Eski)"
"tr","BYN","Bela.Rublesi Ye.","Belarus Rublesi (Yeni)"
"tr","BYR","Ruble","Belarus Rublesi"
"tr","BZD","Dolar","Belize Doları"
"tr","CAD","Kanada Doları","Kanada Doları"
"tr","CDF","Kongo Frangı","Kongo Frangı"
"tr","CHF","İsviçre Frangı","İsviçre Frangı"
"tr","CLP","Peso","Şili Pesosu"
"tr","CNY","Renminbi","Çin Renminbisi"
"tr","COP","Peso","Kolombiya Pesosu"
"tr","CRC","K.Rika Kolonu","Kosta Rika Kolonu"
"tr","CSD","Sırp Dinarı","Sırp Dinarı (Eski)"
"tr","CUC","Çvrlblr.Peso","Çevrilebilir Peso"
"tr","CVE","Esküdo","Cape Verde Esküdosu"
"tr","CYP","Kıbrıs Lirası","Kıbrıs Lirası (Eski --> EUR)"
"tr","CZK","Kron","Çek Korunası"
"tr","DEM","Alman Markı","Alman Markı    (Eski --> EUR)"
"tr","DJF","Cibuti Frangı","Cibuti Frangı"
"tr","DKK","Danimarka Kronu","Danimarka Kronu"
"tr","DOP","Dominik Pesosu","Dominik Pesosu"
"tr","DZD","Dinar","Cezayir Dinarı"
"tr","ECS","Sukre","Ekvador Sukresi (Eski --> USD)"
"tr","EEK","Kron","Estonya Kronu (Eski --> EUR)"
"tr","EGP","Paund","Mısır Paundu"
"tr","ERN","Nakfa","Eritre Nafkası"
"tr","ESP","Peseta","İspanya Pezetası --> (Eski --> EUR)"
"tr","ETB","Birr","Etyopya Birri"
"tr","EUR","Euro","Avrupa Eurosu"
"tr","FIM","Fin Markkası","Fin Markkası (Eski --> EUR)"
"tr","FJD","Dolar","Fiji Doları"
"tr","FKP","Falkland Paundu","Falkland Paundu"
"tr","FRF","Fransız Frangı","Fransız Frangı (Eski -> EUR)"
"tr","GBP","Paund","İngiliz Paundu"
"tr","GEL","Lari","Gürcistan Larisi"
"tr","GHC","Cedi","Gana Cedisi (Eski)"
"tr","GHS","Cedi","Gana Cedisi"
"tr","GIP","Cebelit.Paundu","Cebelitarık Paundu"
"tr","GMD","Dalasi","Gambia Dalasisi"
"tr","GNF","Frang","Gine Frangı"
"tr","GRD","Drahmi","Yunan Drahmisi (Eski --> EUR)"
"tr","GTQ","Quetzal","Guatemala Quetzali"
"tr","GWP","Gine Pezosu","Gine Pezosu (Eski --> SHP)"
"tr","GYD","Guyana Doları","Guyana Doları"
"tr","HKD","H.K.Doları","Hong Kong Doları"
"tr","HNL","Lempira","Honduras Lempirası"
"tr","HRK","Kuna","Hırvat Kunası (Eski --> EUR)"
"tr","HTG","Gourde","Haiti Gourdesi"
"tr","HUF","Forint","Macaristan Forinti"
"tr","IDR","Rupi","Endonezya Rupisi"
"tr","IEP","İrlanda Poundu","İrlanda Poundu (Eski --> EUR)"
"tr","ILS","Şekel","İsrail Şekeli"
"tr","INR","Rupi","Hindistan Rupisi"
"tr","IQD","Dinar","Irak Dinarı"
"tr","ISK","Kron","İzlanda Kronu"
"tr","ITL","Liret","İtalyan Lireti (Eski --> EUR)"
"tr","JMD","Jamaika Doları","Jamaika Doları"
"tr","JOD","Ürdün Dinarı","Ürdün Dinarı"
"tr","JPY","Yen","Japon Yeni"
"tr","KES","Şilin","Kenya Şilingi"
"tr","KGS","Som","Kırgız Somu"
"tr","KHR","Riel","Kamboçya Rieli"
"tr","KMF","Komor Frangı","Komor Frangı"
"tr","KRW","Gny.Kore Wounu","Güney Kore Wonu"
"tr","KWD","Dinar","Kuveyt Dinarı"
"tr","KYD","Cayman Doları","Cayman Doları"
"tr","KZT","Tenge","Kazakistan Tengesi"
"tr","LAK","Kip","Laos Kipi"
"tr","LBP","Lübnan Paundu","Lübnan Paundu"
"tr","LKR","S.Lanka Rupisi","Sri Lanka Rupisi"
"tr","LRD","Liberya Doları","Liberya Doları"
"tr","LSL","Loti","Lesoto Lotisi"
"tr","LTL","Lita","Litvanya Litası"
"tr","LUF","Lüks.Frangı","Lüksemburg Frangı (Eski --> EUR)"
"tr","LVL","Lat","Letonya Latsı"
"tr","LYD","Libya Dinarı","Libya Dinarı"
"tr","MAD","Dirhem","Fas Dirhemi"
"tr","MDL","Ley","Moldova Leyi"
"tr","MGA","Malgaş Ariarysi","Malgaş Ariarysi"
"tr","MGF","Madagaskar Frangı","Madagaskar Frangı (Eski"
"tr","MKD","Makedon Denarı","Makedon Denarı"
"tr","MMK","Kyat","Myanmar Kyatı"
"tr","MNT","Tugrik","Moğol Tugriki"
"tr","MOP","Pataka","Makao Patakası"
"tr","MRO","Ogiya","Moritanya Ogiyası"
"tr","MRU","Ogiya","Moritanya Ogiyası"
"tr","MTL","Lira","Malta Lirası (Eski --> EUR)"
"tr","MUR","Rupi","Mauritius Rupisi"
"tr","MVR","Rufiya","Maldiv Rufiyası"
"tr","MWK","Malavi Kvaçası","Malavi Kvaçası"
"tr","MXN","Peso","Meksika Pesosu"
"tr","MYR","Ringgit","Malezya Ringgiti"
"tr","MZM","Metical","Mozambik Meticali (Eski)"
"tr","MZN","Metical","Mozambik Meticali"
"tr","NAD","Namibya Doları","Namibya Doları"
"tr","NGN","Naira","Nijerya Nairası"
"tr","NIO","Kordoba","Nikaragua Kordobası"
"tr","NLG","Guilder","Hollanda Guilderi (Eski --> EUR)"
"tr","NOK","Norveç Kronu","Norveç Kronu"
"tr","NPR","Rupi","Nepal Rupisi"
"tr","NZD","Ye.Zelanda Doları","Yeni Zelanda Doları"
"tr","OMR","Umman Riyali","Umman Riyali"
"tr","PAB","Balboa","Panama Balboası"
"tr","PEN","Yeni Sol","Perı Yeni Solu"
"tr","PGK","Kina","Papua Yeni Gine Kinası"
"tr","PHP","Peso","Filipin Pesosu"
"tr","PKR","Rupi","Pakistan Rupisi"
"tr","PLN","Zloti","Polonya Zlotisi (yeni)"
"tr","PTE","Esküdo","Portekiz Esküdosu (Eski --> EUR)"
"tr","PYG","Guarani","Paraguay Guaranisi"
"tr","QAR","Riyal","Katar Riyali"
"tr","ROL","Ley (Eski)","Rumen Leyi (Eski)"
"tr","RON","Ley","Rumen Leyi"
"tr","RSD","Sırp Dinarı","Sırp Dinarı"
"tr","RUB","Ruble","Rus Rublesi"
"tr","RWF","Frang","Ruanda Frangı"
"tr","SAR","Riyal","Suudi Arabistan Riyali"
"tr","SBD","Sol.Adl.Doları","Solomon Adaları Doları"
"tr","SCR","Rupi","Seyşel Adaları Rupisi"
"tr","SDD","Dinar","Sudan Dinarı (Eski)"
"tr","SDG","Paund","Sudan Paundu"
"tr","SDP","Paund","Sudan Paundu (1992'ye kadar)"
"tr","SEK","İsveç Kronu","İsveç Kronu"
"tr","SGD","Sing.Doları","Singapur Doları"
"tr","SHP","St.Helen Paundu","St.Helen Paundu"
"tr","SIT","Tolar","Slovenya Toları (Eski --> EUR)"
"tr","SKK","Kron","Slovak Kronu (Eski --> EUR)"
"tr","SLL","Leone","Sierra Leone Leonesi"
"tr","SOS","Şilin","Somali Şilini"
"tr","SRD","Surinam Doları","Surinam Doları"
"tr","SRG","Surinam Guldeni","Surinam Guldeni (Eski)"
"tr","SSP","Paund","Güney Sudan Paundu"
"tr","STD","Dobra","Sao Tome / Principe Dobrası"
"tr","SVC","Kolon","El Salvador Kolonu"
"tr","SZL","Lilangeni","Swaziland Lilangenisi"
"tr","THB","Baht","Tayland Bahtı"
"tr","TJR","Ruble","Tacikistan Rublesi (Eski)"
"tr","TJS","Somoni","Tacikistan Somonisi"
"tr","TMM","Manat (Eski)","Türkmenistan Manatı (Eski)"
"tr","TMT","Manat","Türkmenistan Manatı"
"tr","TND","Dinar","Tunus Dinarı"
"tr","TOP","Paanga","Tonga Paangası"
"tr","TPE","Timor Esküdosu","Timor Esküdosu --> USD"
"tr","TRL","Lira (Eski)","Türk Lirası (Eski)"
"tr","TRY","Lira","Türk Lirası"
"tr","TTD","T.+ T. Doları","Trinidad ve Tobago Doları"
"tr","TWD","Dolar","Yeni Tayvan Doları"
"tr","TZS","Şilin","Tanzanya Şilini"
"tr","UAH","Grivnası","Ukrayna Grivnası"
"tr","UGX","Şilin","Uganda Şilini"
"tr","USD","ABD Doları","ABD Doları"
"tr","UYU","Peso","Uruguay Pesosu"
"tr","UZS","Toplam","Özbek Somu"
"tr","VEB","Bolivar (Eski)","Venezuela Bolivarı (Eski)"
"tr","VEF","Bolivar","Venezuela Bolivarı"
"tr","VES","Bolivar","Venezuela Bolivarı"
"tr","VND","Donga","Vietnam Dongu"
"tr","VUV","Vatu","Vanautu Vatusu"
"tr","WST","Tala","Samoa Talası"
"tr","XAF","CFA Frangı BEAC","Gabon CFA Frangı BEAC"
"tr","XCD","Dolar","Doğu Karayip Doları"
"tr","XEU","A.P.B.","Avrupa Para Birimi (A.P.B.)"
"tr","XOF","CFA Frangı BCEAO","Benin CFA Frangı BCEAO"
"tr","XPF","Fr.Frangı (Pas.)","Fransız Frangı (Pasifik Adaları)"
"tr","YER","Yemen Riyali","Yemen Riyali"
"tr","YUM","Yeni Dinar","Yeni Yugoslav Dinarı (Eski)"
"tr","ZAR","Rand","Güney Africa Randı"
"tr","ZMK","Kvaça","Zambiya Kvaçası"
"tr","ZMW","Kvaça","Zambiya Kvaçası (Yeni)"
"tr","ZRN","Zaire","Zaire (Eski)"
"tr","ZWD","Zimbabwe Doları","Zimbabwe Doları (Eski)"
"tr","ZWL","Zimbabwe Doları","Zimbabwe Doları (Yeni)"
"tr","ZWN","Zimbabwe Doları","Zimbabwe Doları (Eski)"
"tr","ZWR","Zimbabwe Doları","Zimbabwe Doları (Eski)"