locale,code,name,descr
"it","ADP","Peseta","Peseta andorrana --> (obsoleto --> EUR)"
"it","AED","Dirham","Dirham degli Emirati Arabi Uniti"
"it","AFA","Afghani","Afghani (obsoleto)"
"it","AFN","Afghani","Afghani"
"it","ALL","Lek","Lek albanese"
"it","AMD","Dram","Dram armeno"
"it","ANG","Fior. Ant. Olan","Fiorino Antille Olandesi"
"it","AOA","Kwanza","Kwanza angolano"
"it","AON","Nuovo Kwanza","Nuovo Kwanza angolano (obsoleto)"
"it","AOR","Kwanza reajust.","Kwanza reajustado angolano (obsoleto)"
"it","ARS","Peso arg.","Peso argentino"
"it","ATS","Scellino","Scellino austriaco (obsoleto --> EUR)"
"it","AUD","Dollaro austr.","Dollaro australiano"
"it","AWG","Fiorino arubano","Fiorino arubano"
"it","AZM","Manat","Manat azero (obsoleto)"
"it","AZN","Manat","Manat azero"
"it","BAM","Marco convertibile","Marco bosniaco convertibile"
"it","BBD","Dollaro","Dollaro di Barbados"
"it","BDT","Taka","Taka bengalese"
"it","BEF","Franco belga","Franco belga (obsoleto --> EUR)"
"it","BGN","Lev","Lev bulgaro"
"it","BHD","Dinaro","Dinaro del Bahrein"
"it","BIF","Franco Burundi","Franco del Burundi"
"it","BMD","Dollaro Bermuda","Dollaro delle Bermuda"
"it","BND","Dollaro","Dollaro del Brunei"
"it","BOB","Boliviano","Boliviano"
"it","BRL","Real","Real brasiliano"
"it","BSD","Dollaro","Dollaro delle Bahamas"
"it","BTN","Ngultrum","Ngultrum del Bhutan"
"it","BWP","Pula","Pula del Botswana"
"it","BYB","Rublo bielor.","Rublo bielorusso (obsoleto)"
"it","BYN","N. rublo biel.","Rublo bielorusso (nuovo)"
"it","BYR","Rublo","Rublo bielorusso"
"it","BZD","Dollaro","Dollaro del Belize"
"it","CAD","Doll. canadese","Dollaro canadese"
"it","CDF","Franco congol.","Franco congolese"
"it","CHF","Franco svizzero","Franco svizzero"
"it","CLP","Peso","Peso cileno"
"it","CNY","Renminbi","Renminbi cinese"
"it","COP","Peso","Peso colombiano"
"it","CRC","Colon costaric.","Colon costaricano"
"it","CSD","Dinaro serbo","Dinaro serbo (obsoleto)"
"it","CUC","Peso convertib.","Peso convertibile"
"it","CVE","Escudo","Escudo capoverdiano"
"it","CYP","Lira cipriota","Lira cipriota (obsoleto --> EUR)"
"it","CZK","Corona","Corona ceca"
"it","DEM","Marco tedesco","Marco tedesco (obsoleto --> EUR)"
"it","DJF","Franco di Gibuti","Franco di Gibuti"
"it","DKK","Corona danese","Corona danese"
"it","DOP","Peso dominicano","Peso dominicano"
"it","DZD","Dinaro","Dinaro algerino"
"it","ECS","Sucre","Sucre ecuadoriano"
"it","EEK","Corona","Corona estone (obsoleto --> EUR)"
"it","EGP","Sterlina","Sterlina egiziana"
"it","ERN","Nakfa ","Nakfa eritreo"
"it","ESP","Peseta","Peseta spagnola --> (obsoleto --> EUR)"
"it","ETB","Birr","Birr etiope"
"it","EUR","Euro","Euro europeo"
"it","FIM","Marco finland.","Marco finlandese (obsoleto --> EUR)"
"it","FJD","Dollaro","Dollaro delle Figi"
"it","FKP","Sterl. Falkland","Sterlina delle Falkland"
"it","FRF","Franco francese","Franco francese (obsoleto --> EUR)"
"it","GBP","Sterlina","Sterlina britannica"
"it","GEL","Lari","Lari georgiano"
"it","GHC","Cedi","Cedi ghanese (obsoleto)"
"it","GHS","Cedi","Cedi ghanese"
"it","GIP","Sterl. Gibilt.","Sterlina di Gibilterra"
"it","GMD","Dalasi","Dalasi gambese"
"it","GNF","Franco","Franco guineano"
"it","GRD","Dracma","Dracma greca (obsoleto --> EUR)"
"it","GTQ","Quetzal","Quetzal guatemalteco"
"it","GWP","Peso guineano","Peso della Guinea (obsoleto --> EUR)"
"it","GYD","Dollaro Guyana","Dollaro della Guyana"
"it","HKD","Dollaro H.K.","Dollaro di Hong Kong"
"it","HNL","Lempira","Lempira honduregna"
"it","HRK","Kuna","Kuna croata (obsoleto --> EUR)"
"it","HTG","Gourde","Gourde haitiano"
"it","HUF","Fiorino","Fiorino ungherese"
"it","IDR","Rupia","Rupia indonesiana"
"it","IEP","Sterl. irland.","Sterlina irlandese (obsoleto --> EUR)"
"it","ILS","Shekel","Shekel israeliano"
"it","INR","Rupia","Rupia indiana"
"it","IQD","Dinaro","Dinaro iracheno"
"it","ISK","Corona","Corona islandese"
"it","ITL","Lira","Lira italiana (obsoleto --> EUR)"
"it","JMD","Dollaro giam.","Dollaro giamaicano"
"it","JOD","Dinaro giordano","Dinaro giordano"
"it","JPY","Yen","Yen giapponese"
"it","KES","Scellino","Scellino keniota"
"it","KGS","Som","Som kirghizo"
"it","KHR","Riel","Riel cambogiano"
"it","KMF","Franco comor.","Franco comorense"
"it","KRW","Won sudcoreano","Won sudcoreano"
"it","KWD","Dinaro","Dinaro kuwaitiano"
"it","KYD","Dollaro Cayman","Dollaro delle Isole Cayman"
"it","KZT","Tenge","Tenge kazako"
"it","LAK","Kip","Kip laotiano"
"it","LBP","Lira libanese","Lira libanese"
"it","LKR","Rupia singalese","Rupia singalese"
"it","LRD","Doll. liberiano","Dollaro liberiano"
"it","LSL","Loti","Loti lesothiano"
"it","LTL","Litas","Litas lituano"
"it","LUF","Franco lussemb.","Franco lussemburghese (obsoleto --> EUR)"
"it","LVL","Lats","Lats lettone"
"it","LYD","Dinaro libico","Dinaro libico"
"it","MAD","Dirham","Dirham marocchino"
"it","MDL","Leu","Leu moldavo"
"it","MGA","Ariary malg.","Ariary malgascio"
"it","MGF","Franco malg.","Franco malgascio (obsoleto)"
"it","MKD","Dinaro macedone","Dinaro macedone"
"it","MMK","Kyat","Kyat birmano"
"it","MNT","Tugrik","Tugrik mongolo"
"it","MOP","Pataca","Pataca di Macao"
"it","MRO","Ouguiya","Ouguiya mauritana"
"it","MRU","Ouguiya","Ouguiya mauritana"
"it","MTL","Lira","Lira maltese (obsoleto --> EUR)"
"it","MUR","Rupia","Rupia mauriziana"
"it","MVR","Rufiyaa","Rufiyaa delle Maldive"
"it","MWK","Kwacha malaw.","Kwacha malawiano"
"it","MXN","Peso","Peso messicano"
"it","MYR","Ringgit","Ringgit malaysiano"
"it","MZM","Metical","Metical mozambicano (obsoleto)"
"it","MZN","Metical","Metical mozambicano"
"it","NAD","Dollaro namib.","Dollaro namibiano"
"it","NGN","Naira","Naira nigeriano"
"it","NIO","Córdoba oro","Córdoba oro nicaraguense"
"it","NLG","Fiorino","Fiorino delle Antille Olandesi (obsoleto -->EUR)"
"it","NOK","Corona norvegese","Corona norvegese"
"it","NPR","Rupia","Rupia nepalese"
"it","NZD","Dollaro neozel.","Dollaro neozelandese"
"it","OMR","Rial omanita","Rial omanita"
"it","PAB","Balboa","Balboa panamense"
"it","PEN","Nuevo Sol","Nuevo Sol peruviano"
"it","PGK","Kina","Kina papuana"
"it","PHP","Peso","Peso filippino"
"it","PKR","Rupia","Rupia pakistana"
"it","PLN","Zloty","Zloty polacco (nuovo)"
"it","PTE","Escudo","Escudo portoghese (obsoleto --> EUR)"
"it","PYG","Guarani","Guarani paraguaiano"
"it","QAR","Rial","Rial del Qatar"
"it","ROL","Leu (obsoleto)","Leu rumeno (obsoleto)"
"it","RON","Leu","Leu rumeno"
"it","RSD","Dinaro serbo","Dinaro serbo"
"it","RUB","Rublo","Rublo russo"
"it","RWF","Franco","Franco ruandese"
"it","SAR","Rial","Riyal saudita"
"it","SBD","Doll.Isole Sal.","Dollaro delle Isole Salomone"
"it","SCR","Rupia","Rupia delle Seychelles"
"it","SDD","Dinaro","Dinaro sudanese (obsoleto)"
"it","SDG","Sterlina","Sterlina sudanese"
"it","SDP","Sterlina","Sterlina sudanese (fino al 1992)"
"it","SEK","Corona svedese","Corona svedese"
"it","SGD","Doll. Sing.","Dollaro di Singapore"
"it","SHP","Sterl. St.Elena","Sterlina di Sant'Elena"
"it","SIT","Tallero","Tallero sloveno (obsoleto --> EUR)"
"it","SKK","Corona","Corona slovacca (obsoleto --> EUR)"
"it","SLL","Leone","Leone della Sierra Leone"
"it","SOS","Scellino","Scellino somalo"
"it","SRD","Dollaro surin.","Dollaro surin."
"it","SRG","Fiorino surinamese","Fiorino surinamese (obsoleto)"
"it","SSP","Sterlina","Sterlina sudsudanese"
"it","STD","Dobra","Dobra di São Tomé e Príncipe"
"it","SVC","Colón","Colón salvadoregno"
"it","SZL","Lilangeni","Lilangeni dell'eSwatini"
"it","THB","Baht","Baht thailandese"
"it","TJR","Rublo","Rublo tagiko"
"it","TJS","Somoni","Somoni tagiko"
"it","TMM","Manat (obsoleto)","Manat turkmeno (obsoleto)"
"it","TMT","Manat","Manat turkmeno"
"it","TND","Dinaro","Dinaro tunisino"
"it","TOP","Pa'anga","Pa'anga tongano"
"it","TPE","Escudo Timor","Escudo del Timor --> USD"
"it","TRL","Lira (obsoleto)","Lira turca (obsoleto)"
"it","TRY","Lira","Lira turca"
"it","TTD","Doll. Trin/Tob.","Dollaro di Trinidad e Tobago"
"it","TWD","Dollaro","Nuovo dollaro di Taiwan"
"it","TZS","Scellino","Scellino della Tanzania"
"it","UAH","Hryvnia","Hryvnia ucraino"
"it","UGX","Scellino","Scellino ugandese"
"it","USD","Dollaro USA","Dollaro USA"
"it","UYU","Peso","Peso uruguaiano"
"it","UZS","Som","Som uzbeko"
"it","VEB","Bolívar (obs.)","Bolívar venezuelano (obsoleto)"
"it","VEF","Bolívar","Bolívar venezuelano"
"it","VES","Bolívar","Bolívar venezuelano"
"it","VND","Dong","Dong vietnamita"
"it","VUV","Vatu","Vatu di Vanuatu"
"it","WST","Tala","Tala saomoano"
"it","XAF","Franco CFA BEAC","Franco CFA BEAC del Gabon"
"it","XCD","Dollaro","Dollaro dei Caraibi orientali"
"it","XEU","E.C.U.","European Currency Unit (E.C.U.)"
"it","XOF","Fr. CFA BCEAO","Franco CFA BCEAO del Benin"
"it","XPF","Franco fr.(Pac)","Franco francese (isole del pacifico)"
"it","YER","Ryal yemenita","Ryal yemenita"
"it","YUM","Nuovo dinaro","Nuovo dinaro jugoslavo (obsoleto)"
"it","ZAR","Rand","Rand sudafricano"
"it","ZMK","Kwacha","Kwacha zambiano (obsoleto)"
"it","ZMW","Kwacha","Kwacha zambiano (nuovo)"
"it","ZRN","Zaire","Zaire (obsoleto)"
"it","ZWD","Doll. zimbabw.","Dollaro zimbabwese (obsoleto)"
"it","ZWL","Doll. zimbabw.","Dollaro zimbabwese (nuovo)"
"it","ZWN","Doll. zimbabw.","Dollaro zimbabwese (obsoleto)"
"it","ZWR","Doll. zimbabw.","Dollaro zimbabwese (obsoleto)"