locale,code,name,descr
"sv","ADP","Peseta","Andorransk peseta --> (gammal --> EUR)"
"sv","AED","Dirham","Emiratisk dirham"
"sv","AFA","Afghani","Afghani (gammal)"
"sv","AFN","Afghani","Afghani"
"sv","ALL","Lek","Albansk lek"
"sv","AMD","Dram","Armenisk dram"
"sv","ANG","Antillergulden","Antillergulden"
"sv","AOA","Kwansa","Angolansk kwanza"
"sv","AON","Ny kwanza","Angolansk ny kwanza (gammal)"
"sv","AOR","Kwanza reajust.","Angolansk kwanza reajustado (gammal)"
"sv","ARS","Arg. peso","Argentinsk peso"
"sv","ATS","Shilling","Österrikisk schilling (gammal --> EUR)"
"sv","AUD","Austr. dollar","Australisk dollar"
"sv","AWG","Arubagulden","Arubagulden"
"sv","AZM","Manat","Azerbajdzjansk manat (gammal)"
"sv","AZN","Manat","Azerbajdzjansk manat"
"sv","BAM","Konvert. mark","Konvertibel bosnisk-hercegovinsk mark"
"sv","BBD","Dollar","Barbadisk dollar"
"sv","BDT","Taka","Bangladeshisk taka"
"sv","BEF","Belgisk franc","Belgisk franc (gammal --> EUR)"
"sv","BGN","Lev","Bulgarisk lev"
"sv","BHD","Dinar","Bahrainsk dinar"
"sv","BIF","Burundisk franc","Burundisk franc"
"sv","BMD","Bermud. dollar","Bermudisk dollar"
"sv","BND","Dollar","Bruneisk dollar"
"sv","BOB","Boliviano","Boliviano"
"sv","BRL","Real","Brasiliansk real"
"sv","BSD","Dollar","Bahamansk dollar"
"sv","BTN","Ngultrum","Bhutanesisk ngultrum"
"sv","BWP","Pula","Botswansk pula"
"sv","BYB","Bel. rubel","Belarusisk rubel (gammal)"
"sv","BYN","Ny bel. rubel","Belarusisk rubel (ny)"
"sv","BYR","Rubel","Belarusisk rubel"
"sv","BZD","Dollar","Belizisk dollar"
"sv","CAD","Kanad. dollar","Kanadensisk dollar"
"sv","CDF","Kongol. franc","Kongolesisk franc"
"sv","CHF","Schweiz. franc","Schweizisk franc"
"sv","CLP","Peso","Chilensk peso"
"sv","CNY","Renminbi","Kinesisk renminbi"
"sv","COP","Peso","Colombiansk peso"
"sv","CRC","Costarik. colón","Costarikansk colón"
"sv","CSD","Serbisk dinar","Serbisk dinar (gammal)"
"sv","CUC","Konvert. peso","Konvertibel peso"
"sv","CVE","Escudo","Kapverdisk escudo"
"sv","CYP","Cypriotiskt pund","Cypriotiskt pund (gammal --> EUR)"
"sv","CZK","Krona","Tjeckisk krona"
"sv","DEM","Tysk mark","Tysk mark    (gammal --> EUR)"
"sv","DJF","Djiboutisk franc","Djiboutisk franc"
"sv","DKK","Dansk krona","Dansk krona"
"sv","DOP","Dominik. peso","Dominikansk peso"
"sv","DZD","Dinar","Algerisk dinar"
"sv","ECS","Sucre","Ecuadoriansk sucre (gammal --> USD)"
"sv","EEK","Krona","Estnisk krona (gammal --> EUR)"
"sv","EGP","Pund","Egyptiskt pund"
"sv","ERN","Nakfa","Eritreansk nafka"
"sv","ESP","Peseta","Spansk peseta (gammal --> EUR)"
"sv","ETB","Birr","Etiopisk birr"
"sv","EUR","Euro","Europeisk euro"
"sv","FIM","Finsk mark","Finsk mark (gammal --> EUR)"
"sv","FJD","Dollar","Fijiansk dollar"
"sv","FKP","Falklandspund","Falklandspund"
"sv","FRF","Fransk franc","Fransk franc (gammal --> EUR)"
"sv","GBP","Pund","Brittiskt pund"
"sv","GEL","Lari","Georgisk lari"
"sv","GHC","Cedi","Ghanansk cedi (gammal)"
"sv","GHS","Cedi","Ghanansk cedi"
"sv","GIP","Gibralt. pund","Gibraltiskt pund"
"sv","GMD","Dalasi","Gambisk dalasi"
"sv","GNF","Franc","Guineansk franc"
"sv","GRD","Drachma","Grekisk drachma (gammal --> EUR)"
"sv","GTQ","Quetzal","Guatemalansk quetzal"
"sv","GWP","Guineansk peso","Guineansk peso (gammal --> SHP)"
"sv","GYD","Guyanadollar","Guyanadollar"
"sv","HKD","Hongkongdollar","Hongkongdollar"
"sv","HNL","Lempira","Honduransk lempira"
"sv","HRK","Kuna","Kroatisk kuna (gammal --> EUR)"
"sv","HTG","Gourde","Haitisk gourde"
"sv","HUF","Forint","Ungersk forint"
"sv","IDR","Rupiah","Indonesisk rupiah"
"sv","IEP","Irländskt pund","Irländskt pund (gammal --> EUR)"
"sv","ILS","Shekel","Israelisk shekel"
"sv","INR","Rupie","Indisk rupie"
"sv","IQD","Dinar","Irakisk dinar"
"sv","ISK","Krona","Isländsk krona"
"sv","ITL","Lire","Italiensk lira (gammal --> EUR)"
"sv","JMD","Jamaicansk dollar","Jamaicansk dollar"
"sv","JOD","Jordansk dinar","Jordansk dinar"
"sv","JPY","Yen","Japansk yen"
"sv","KES","Shilling","Kenyansk shilling"
"sv","KGS","Som","Kirgizisk som"
"sv","KHR","Riel","Kambodjansk riel"
"sv","KMF","Komorisk franc","Komorisk franc"
"sv","KRW","Sydkor. won","Sydkoreansk won"
"sv","KWD","Dinar","Kuwaitisk dinar"
"sv","KYD","Kaymansk dollar","Kaymansk dollar"
"sv","KZT","Tenge","Kazakisk tenge"
"sv","LAK","Kip","Laotisk kip"
"sv","LBP","Libanes. pund","Libanesiskt pund"
"sv","LKR","Lankes. rupue","Srilankesisk rupie"
"sv","LRD","Liber. dollar","Liberiansk dollar"
"sv","LSL","Loti","Lesothisk loti"
"sv","LTL","Lita","Litautisk lita"
"sv","LUF","Lux. franc","Luxemburgsk franc (gammal --> EUR)"
"sv","LVL","Lat","Lettisk lat"
"sv","LYD","Libysk dinar","Libysk dinar"
"sv","MAD","Dirham","Marockansk dirham"
"sv","MDL","Leu","Moldavisk leu"
"sv","MGA","Madagask.ariary","Madagaskisk ariary"
"sv","MGF","Madagaskisk fr.","Madagaskisk franc (gammal"
"sv","MKD","Maked. denar","Makedonisk denar"
"sv","MMK","Kyat","Burmesisk kyat"
"sv","MNT","Tugrik","Mongolisk tugrik"
"sv","MOP","Pataca","Macaoisk pataca"
"sv","MRO","Ouguiya","Mauretansk ouguiya"
"sv","MRU","Ouguiya","Mauretansk ouguiya"
"sv","MTL","Lira","Maltesisk lira (gammal --> EUR)"
"sv","MUR","Rupie","Mauritisk rupie"
"sv","MVR","Rufiyaa","Maldivisk rufiyaa"
"sv","MWK","Malawisk kwacha","Malawisk kwacha"
"sv","MXN","Peso","Mexikansk peso"
"sv","MYR","Ringgit","Malaysisk ringgit"
"sv","MZM","Metical","Moçambikisk metical (gammal)"
"sv","MZN","Metical","Moçambikisk metical"
"sv","NAD","Namibisk dollar","Namibisk dollar"
"sv","NGN","Naira","Nigeriansk naira"
"sv","NIO","Cordoba","Nicaraguansk cordoba"
"sv","NLG","Gulden","Nederländska gulden (gammal --> EUR)"
"sv","NOK","Norsk krona","Norsk krona"
"sv","NPR","Rupie","Nepalesisk rupie"
"sv","NZD","Nyzeeländsk dollar","Nyzeeländsk dollar"
"sv","OMR","Omansk rial","Omansk rial"
"sv","PAB","Balboa","Panamansk balboa"
"sv","PEN","Ny sol","Peruansk sol"
"sv","PGK","Kina","Papuansk kina"
"sv","PHP","Peso","Filippinsk peso"
"sv","PKR","Rupie","Pakistansk rupie"
"sv","PLN","Zloty","Polsk zloty (ny)"
"sv","PTE","Escudo","Portugisisk escudo (gammal --> EUR)"
"sv","PYG","Guarani","Paraguyansk guarani"
"sv","QAR","Rial","Qatarisk rial"
"sv","ROL","Leu (gammal)","Rumänsk leu (gammal)"
"sv","RON","Leu","Rumänsk leu"
"sv","RSD","Serbisk dinar","Serbisk dinar"
"sv","RUB","Rubel","Rysk rubel"
"sv","RWF","Franc","Rwandisk franc"
"sv","SAR","Rial","Saudisk riyal"
"sv","SBD","Salomondollar","Salomondollar"
"sv","SCR","Rupie","Seychellisk rupie"
"sv","SDD","Dinar","Sudanesisk dinar (gammal)"
"sv","SDG","Pund","Sudanesiskt pund"
"sv","SDP","Pund","Sudanesiskt pund (till 1992)"
"sv","SEK","Svensk krona","Svensk krona"
"sv","SGD","Sing. dollar","Singaporiansk dollar"
"sv","SHP","St.Helena-pund","St.Helena-pund"
"sv","SIT","Tolar","Slovensk tolar (gammal --> EUR)"
"sv","SKK","Krona","Slovakisk krona (gammal --> EUR)"
"sv","SLL","Leone","Sierraleonsk leone"
"sv","SOS","Shilling","Somalisk shilling"
"sv","SRD","Surinam. dollar","Surinamesisk dollar"
"sv","SRG","Surinamesisk gulden","Surinamesisk gulden (gammal)"
"sv","SSP","Pund","Sydsudanesiskt pund"
"sv","STD","Dobra","Dobra från från São Tomé och Príncipe"
"sv","SVC","Colón","Salvadoransk colón"
"sv","SZL","Lilangeni","Swaziländsk lilangeni"
"sv","THB","Bhat","Thailändsk bhat"
"sv","TJR","Rubel","Tadzjikisk rubel (gammal)"
"sv","TJS","Somoni","Tadzjikisk somoni"
"sv","TMM","Manat (gammal)","Turkmensk manat (gammal)"
"sv","TMT","Manat","Turkmensk manat"
"sv","TND","Dinar","Tunisisk dinar"
"sv","TOP","Pa'anga","Tongansk pa'anga"
"sv","TPE","Timoransk escudo","Timoransk escudo --> USD"
"sv","TRL","Lira (gammal)","Turkisk lira (gammal)"
"sv","TRY","Lira","Turkisk lira"
"sv","TTD","T/T-dollar","Trinidadisk dollar"
"sv","TWD","Dollar","Ny taiwanesisk dollar"
"sv","TZS","Shilling","Tanzanisk shilling"
"sv","UAH","Hryvnia","Ukrainsk hryvnia"
"sv","UGX","Shilling","Ugandisk shilling"
"sv","USD","US-dollar","US-dollar"
"sv","UYU","Peso","Uruguyansk peso"
"sv","UZS","Sum","Uzbekisk sum"
"sv","VEB","Bolívar (gammal)","Venezuelansk bolívar (gammal)"
"sv","VEF","Bolívar","Venezuelansk bolívar"
"sv","VES","Bolívar","Venezuelansk bolívar"
"sv","VND","Dong","Vietnamesisk dong"
"sv","VUV","Vatu","Vanuatisk vatu"
"sv","WST","Tala","Samoansk tala"
"sv","XAF","CFA-franc BEAC","CFA-franc Gabon"
"sv","XCD","Dollar","Östkaribisk dollar"
"sv","XEU","ECU","European Currency Unit (ECU)"
"sv","XOF","CFA-franc BCEAO","CFA-franc Benin"
"sv","XPF","Fr. franc (Stillah.)","Fransk franc (Stillahavsöarna)"
"sv","YER","Jemenitisk rial","Jemenitisk rial"
"sv","YUM","Ny dinar","Ny jugoslavisk dinar (gammal)"
"sv","ZAR","Rand","Sydafrikansk rand"
"sv","ZMK","Kwacha","Zambisk kwacha (gammal)"
"sv","ZMW","Kwacha","Zambisk kwacha (ny)"
"sv","ZRN","Zaire","Zaire (gammal)"
"sv","ZWD","Zimbabw. dollar","Zimbabwisk dollar (gammal)"
"sv","ZWL","Zimbabw. dollar","Zimbabwisk dollar (ny)"
"sv","ZWN","Zimbabw. dollar","Zimbabwisk dollar (gammal)"
"sv","ZWR","Zimbabw. dollar","Zimbabwisk dollar (gammal)"