locale,code,name,descr
"kk","ADP","Песета","Андорра песетасы --> (ескі --> EUR)"
"kk","AED","Дирхам","Біріккен Араб Әмірліктерінің дирхамы"
"kk","AFA","Ауғани","Ауғани (ескі)"
"kk","AFN","Ауғани","Ауғани"
"kk","ALL","Лек","Албания легі"
"kk","AMD","Драм","Армения драмы"
"kk","ANG","Нидерландтық антиль гульдені","Нидерландтық антиль гульдені"
"kk","AOA","Кванза","Ангола кванзасы"
"kk","AON","Жаңа кванза","Жаңа Ангола кванзасы (ескі)"
"kk","AOR","Түзетілген кванза (ескі)","Түзетілген Ангола кванзасы (ескі)"
"kk","ARS","Аргентина песосы","Аргентина песосы"
"kk","ATS","Шиллинг","Аустрия шиллингі"
"kk","AUD","Аустралия доллары","Аустралия доллары"
"kk","AWG","Аруба флорині","Аруба флорині"
"kk","AZM","Манат","Әзірбайжан манаты (ескі)"
"kk","AZN","Манат","Әзірбайжан манаты"
"kk","BAM","Айырбасталатын марка","Босния және Герцеговина айырбасталатын маркасы"
"kk","BBD","Доллар","Барбадос доллары"
"kk","BDT","Така","Бангладеш такасы"
"kk","BEF","Бельгия франкі","Бельгия франкі (ескі --> EUR)"
"kk","BGN","Лев","Болгария леві"
"kk","BHD","Динар","Бахрейн динары"
"kk","BIF","Бурунди франкі","Бурунди франкі"
"kk","BMD","Бермуд доллары","Бермуд доллары"
"kk","BND","Доллар","Бруней доллары"
"kk","BOB","Боливиано","Боливиано"
"kk","BRL","Реал","Бразилия реалы"
"kk","BSD","Доллар","Багам доллары"
"kk","BTN","Нгултрум","Бутан нгултрумы"
"kk","BWP","Пула","Ботсвана пуласы"
"kk","BYB","Беларусь рублі","Беларусь рублі (ескі)"
"kk","BYN","Жаңа Беларусь рублі","Беларусь рублі (жаңа)"
"kk","BYR","Рубль","Беларусь рублі"
"kk","BZD","Доллар","Белиз доллары"
"kk","CAD","Канада доллары","Канада доллары"
"kk","CDF","Конго франкі","Конго франкі"
"kk","CHF","Швейцар. франкі","Швейцария франкі"
"kk","CLP","Песо","Чили песосы"
"kk","CNY","Женьминьби","Қытай женьминьбиі"
"kk","COP","Песо","Колумбия песосы"
"kk","CRC","Кос.-Рик.колоны","Коста-Рика колоны"
"kk","CSD","Сербия динары","Сербия динары (ескі)"
"kk","CUC","Айырбасталатын песо","Айырбасталатын песо"
"kk","CVE","Эскудо","Кабо-Верде эскудосы"
"kk","CYP","Кипр фунты","Кипр фунты  (ескі --> EUR)"
"kk","CZK","Крона","Чех кронасы"
"kk","DEM","Неміс маркасы","Неміс маркасы    (ескі --> EUR)"
"kk","DJF","Джибути франкі","Джибути франкі"
"kk","DKK","Дания кронасы","Дания кронасы"
"kk","DOP","Доминик. песосы","Доминикан песосы"
"kk","DZD","Динар","Алжир динары"
"kk","ECS","Сукре","Эквадор сукресі (ескі --> USD)"
"kk","EEK","Крона","Эстон кронасы (ескі --> EUR)"
"kk","EGP","Фунт","Мысыр фунты"
"kk","ERN","Накфа","Эритрей накфасы"
"kk","ESP","Песета","Испан песетасы --> (ескі --> еуро)"
"kk","ETB","Быр","Эфиопия быры"
"kk","EUR","Еуро","Еуропалық еуро"
"kk","FIM","Фин маркасы","Фин маркасы (ескі --> EUR)"
"kk","FJD","Доллар","Фиджи доллары"
"kk","FKP","Фолкленд фунты","Фолкленд фунты"
"kk","FRF","Француз франкі","Француз франкі (ескі --> EUR)"
"kk","GBP","Фунт","Британия фунты"
"kk","GEL","Лари","Грузиялық лари"
"kk","GHC","Седи","Ганалық седи (ескі)"
"kk","GHS","Седи","Ганалық седи"
"kk","GIP","Гибралтар фунты","Гибралтар фунты"
"kk","GMD","Даласи","Гамбиялық даласи"
"kk","GNF","Франк","Гвинея франкі"
"kk","GRD","Драхма","Грек драхмасы (ескі --> EUR)"
"kk","GTQ","Кетсал","Гватемала кетсалы"
"kk","GWP","Гвинея песосы","Гвинея песосы (ескі --> SHP)"
"kk","GYD","Гайана доллары","Гайана доллары"
"kk","HKD","Гонконг доллары","Гонконг доллары"
"kk","HNL","Лемпира","Гондурас лемпирасы"
"kk","HRK","Куна","Хорват кунасы (ескі --> EUR)"
"kk","HTG","Гурд","Гаити гурды"
"kk","HUF","Форинт","Мажарстан форинті"
"kk","IDR","Рупи","Индонезия рупиі"
"kk","IEP","Ирланд фунты","Ирланд фунты (ескі --> EUR)"
"kk","ILS","Шекель","Израиль шекелі"
"kk","INR","Рупи","Үнді рупиі"
"kk","IQD","Динар","Ирак динары"
"kk","ISK","Крона","Исландия кронасы"
"kk","ITL","Лира","Италия лирасы (ескі --> EUR)"
"kk","JMD","Ямайка доллары","Ямайка доллары"
"kk","JOD","Иордания динары","Иордания динары"
"kk","JPY","Иена","Жапон иенасы"
"kk","KES","Шиллинг","Кения шиллингі"
"kk","KGS","Сома","Қырғыз сомы"
"kk","KHR","Риель","Камбоджа риелі"
"kk","KMF","Комор франкі","Комор франкі"
"kk","KRW","Оңтүстік Корея воны","Оңтүстік Корея воны"
"kk","KWD","Динар","Кувейт динары"
"kk","KYD","Кайман доллары","Кайман аралдары доллары"
"kk","KZT","Теңге","Қазақстан теңгесі"
"kk","LAK","Кип","Лаос кипі"
"kk","LBP","Ливан фунты","Ливан фунты"
"kk","LKR","Шри-Ланка рупиі","Шри-Ланка рупиі"
"kk","LRD","Либерия доллары","Либерия доллары"
"kk","LSL","Лоти","Лесото лотиі"
"kk","LTL","Лит","Литва литі"
"kk","LUF","Люксембург франкі","Люксембург франкі (ескі --> EUR)"
"kk","LVL","Лат","Латвия латы"
"kk","LYD","Ливия динары","Ливия динары"
"kk","MAD","Дирхам","Марокко дирхамы"
"kk","MDL","Лей","Молдавия лейі"
"kk","MGA","Мадагас.ариариі","Мадагаскар ариариі"
"kk","MGF","Мадагаскар франкі","Мадагаскар франкі (ескі"
"kk","MKD","Македон. динары","Македония динары"
"kk","MMK","Кьят","Мьянма кьяты"
"kk","MNT","Төгрөг","Моңғол төгрөгі"
"kk","MOP","Патака","Макао патакасы"
"kk","MRO","Угия","Мавритания угиясы"
"kk","MRU","Угия","Мавритания угиясы"
"kk","MTL","Лира","Мальта лирасы"
"kk","MUR","Рупи","Маврикий рупиі"
"kk","MVR","Руфия","Мальдив руфиясы"
"kk","MWK","Малави квачасы","Малави квачасы"
"kk","MXN","Песо","Мексика песосы"
"kk","MYR","Ринггит","Малайзия ринггиті"
"kk","MZM","Метикал","Мозамбик метикалы (ескі)"
"kk","MZN","Метикал","Мозамбик метикалы"
"kk","NAD","Намибия доллары","Намибия доллары"
"kk","NGN","Найра","Нигерия найрасы"
"kk","NIO","Кордоба оросы","Никарагуа кордоба оросы"
"kk","NLG","Гульден","Нидерланд гульдені (ескі --> EUR)"
"kk","NOK","Норвегия кронасы","Норвегия кронасы"
"kk","NPR","Рупи","Непал рупиясы"
"kk","NZD","Жаңа Зеландия доллары","Жаңа Зеландия доллары"
"kk","OMR","Оман реалы","Оман реалы"
"kk","PAB","Бальбоа","Панама бальбоасы"
"kk","PEN","Жаңа соль","Перу жаңа солі"
"kk","PGK","Кина","Папуа-Жаңа Гвинея кинасы"
"kk","PHP","Песо","Филиппин песосы"
"kk","PKR","Рупи","Пәкістан рупиясы"
"kk","PLN","Злотый","Польша злотыйы (жаңа)"
"kk","PTE","Эскудо","Португал эскудосы (ескі --> EUR)"
"kk","PYG","Гварани","Парагвай гвараниі"
"kk","QAR","Реал","Катар реалы"
"kk","ROL","Лей (ескі)","Румыния лейі (ескі)"
"kk","RON","Лей","Румыния лейі"
"kk","RSD","Сербия динары","Сербия динары"
"kk","RUB","Рубль","Ресей рублі"
"kk","RWF","Франк","Руанда франкі"
"kk","SAR","Реал","Сауд Арабиясы риалы"
"kk","SBD","Соломон аралдарының доллары","Соломон аралдарының доллары"
"kk","SCR","Рупи","Сейшель рупиясы"
"kk","SDD","Динар","Судан динары (ескі)"
"kk","SDG","Фунт","Судан фунты"
"kk","SDP","Фунт","Судан фунты (1992 дейін)"
"kk","SEK","Швеция кронасы","Швеция кронасы"
"kk","SGD","Сингапур доллары","Сингапур доллары"
"kk","SHP","ӘуЕлена ар.фунт","Әулие Елена аралы фунты"
"kk","SIT","Толар","Словения толары (ескі --> EUR)"
"kk","SKK","Крона","Словак кронасы (ескі --> EUR)"
"kk","SLL","Леоне","Сьерра-Леоне Леоне"
"kk","SOS","Шиллинг","Сомали шиллингі"
"kk","SRD","Суринам доллары","Суринам доллары"
"kk","SRG","Суринам гульдені","Суринам гульдені (ескі)"
"kk","SSP","Фунт","Оңтүстік Судан фунты"
"kk","STD","Добра","Сан Томе және Принсипи добрасы"
"kk","SVC","Колон","Сальвадор колоны"
"kk","SZL","Лилангени","Свазиленд лилангениі"
"kk","THB","Бат","Тайланд баты"
"kk","TJR","Рубль","Тәжікстан рублі (ескі)"
"kk","TJS","Сомони","Тәжікстан сомониі"
"kk","TMM","Манат (ескі)","Түркменстан манаты (ескі)"
"kk","TMT","Манат","Түркменстан манаты"
"kk","TND","Динар","Тунис динары"
"kk","TOP","Паанга","Тонга паангасы"
"kk","TPE","Тимор эскудосы","Тимор эскудосы --> USD"
"kk","TRL","Лира (ескі)","Түрік лирасы (ескі)"
"kk","TRY","Лира","Түрік лирасы"
"kk","TTD","Т + Т доллары","Тринидад және Тобаго доллары"
"kk","TWD","Доллар","Жаңа Тайвань доллары"
"kk","TZS","Шиллинг","Танзания шиллингі"
"kk","UAH","Гривна","Украина гривнасы"
"kk","UGX","Шиллинг","Уганда шиллингі"
"kk","USD","АҚШ доллары","Америка Құрама Штаттары доллары"
"kk","UYU","Песо","Уругвай песосы"
"kk","UZS","Жалпы","Өзбекстан сумы"
"kk","VEB","Боливар (ескі)","Венесуэла боливары (ескі)"
"kk","VEF","Боливар","Венесуэла боливары"
"kk","VES","Боливар","Венесуэла боливары"
"kk","VND","Донг","Вьетнам донгі"
"kk","VUV","Вату","Вануат ватуы"
"kk","WST","Тала","Самоан таласы"
"kk","XAF","CFA BEAC франкі","CFA Габон BEAC франкі"
"kk","XCD","Доллар","Шығыс-Кариб доллары"
"kk","XEU","E.C.U.","Еуропалық валюта одағы (E.C.U.)"
"kk","XOF","CFA BCEAO франкі","CFA Бенин BCEAO франкі"
"kk","XPF","Француз франкі (Тынық мұхит аралдары)","Француз франкі (Тынық мұхит аралдары)"
"kk","YER","Йемен риалы","Йемен риалы"
"kk","YUM","Жаңа динар","Жаңа Югослав динары (ескі)"
"kk","ZAR","Рэнд","Оңтүстік Африка рэнді"
"kk","ZMK","Квача","Замбия квачасы (ескі)"
"kk","ZMW","Квача","Замбия квачасы (жаңа)"
"kk","ZRN","Заир","Заир (ескі)"
"kk","ZWD","Зимбабве доллары","Зимбабве доллары (ескі)"
"kk","ZWL","Зимбабве доллары","Зимбабве доллары (жаңа)"
"kk","ZWN","Зимбабве доллары","Зимбабве доллары (ескі)"
"kk","ZWR","Зимбабве доллары","Зимбабве доллары (ескі)"