locale,code,name,descr
"es","ADP","Peseta","Peseta de Andorra --> (antigua --> EUR)"
"es","AED","Dírham","Dírham de Emiratos Árabes Unidos"
"es","AFA","Afgani","Afgani (antiguo)"
"es","AFN","Afgani","Afgani"
"es","ALL","Lek","Lek albanés"
"es","AMD","Dram","Dram armenio"
"es","ANG","Florín antillano","Florín antillano"
"es","AOA","Kuanza","Kuanza angolano"
"es","AON","Nueva kuanza","Nueva kuanza de Angola (antigua)"
"es","AOR","Kuanza reajustada","Kuanza de Angola reajustada (antigua)"
"es","ARS","Peso arg.","Peso argentino"
"es","ATS","Chelín","Chelín austriaco (antiguo --> EUR)"
"es","AUD","Dólar austral.","Dólar australiano"
"es","AWG","Florín arubeño","Florín arubeño"
"es","AZM","Manat","Manat azerbaiyano (antiguo)"
"es","AZN","Manat","Manat azerbaiyano"
"es","BAM","Marco convertible","Marco convertible bosnioherzegovino"
"es","BBD","Dólar","Dólar barbad."
"es","BDT","Taka","Taka de Bangladesh"
"es","BEF","Franco belga","Franco belga (antiguo --> EUR)"
"es","BGN","Leva","Leva búlgara"
"es","BHD","Dinar","Dinar bareiní"
"es","BIF","Franco burundés","Franco burundés"
"es","BMD","Dólar bermudeño","Dólar bermudeño"
"es","BND","Dólar","Dólar bruneano"
"es","BOB","Boliviano","Boliviano"
"es","BRL","Real","Real brasileño"
"es","BSD","Dólar","Dólar bahameño"
"es","BTN","Gultrum","Gultrum butanés"
"es","BWP","Pula","Pula de Botsuana"
"es","BYB","Rublo bieloruso","Rublo bieloruso (antiguo)"
"es","BYN","Rublo bieloruso","Rublo bieloruso (nuevo)"
"es","BYR","Rublo","Rublo bieloruso"
"es","BZD","Dólar","Dólar beliceño"
"es","CAD","Dólar canadien.","Dólar canadiense"
"es","CDF","Franco congol.","Franco congoleño"
"es","CHF","Franco suizo","Franco suizo"
"es","CLP","Peso","Peso chileno"
"es","CNY","Yuan","Yuan chino"
"es","COP","Peso","Peso colombiano"
"es","CRC","Colón costarr.","Colón costarricense"
"es","CSD","Dinar serbio","Dinar serbio (antiguo)"
"es","CUC","Peso convertib.","Peso convertible"
"es","CVE","Escudo","Escudo de Cabo Verde"
"es","CYP","Libra chipriota","Libra chipriota (antigua --> EUR)"
"es","CZK","Corona","Corona checa"
"es","DEM","Marco alemán","Marco alemán (antiguo --> EUR)"
"es","DJF","Franco yibutiano","Franco yibutiano"
"es","DKK","Corona danesa","Corona danesa"
"es","DOP","Peso dominicano","Peso dominicano"
"es","DZD","Dinar","Dinar argelino"
"es","ECS","Sucre","Sucre ecuatoriano (antiguo --> USD)"
"es","EEK","Corona","Corona estonia (antigua --> EUR)"
"es","EGP","Libra","Libra egipcia"
"es","ERN","Nakfa","Nakfa eritreo"
"es","ESP","Peseta","Peseta española (antigua --> EUR)"
"es","ETB","Bir","Bir etíope"
"es","EUR","Euro","Euro europeo"
"es","FIM","Marco finlandés","Marco finlandés (antiguo --> EUR)"
"es","FJD","Dólar","Dólar fiyiano"
"es","FKP","Libra isl.malv.","Libra de las Islas Malvinas"
"es","FRF","Franco francés","Franco francés (antiguo --> EUR)"
"es","GBP","Libra","Libra esterlina"
"es","GEL","Lari","Lari georgiano"
"es","GHC","Cedi","Cedi ghanés (antiguo)"
"es","GHS","Cedi","Cedi ghanés"
"es","GIP","Libra gibralt.","Libra gibraltareña"
"es","GMD","Dalasi","Dalasi gambiano"
"es","GNF","Franco","Franco guineano"
"es","GRD","Dracma","Dracma griega (antigua --> EUR)"
"es","GTQ","Quetzal","Quetzal guatemalteco"
"es","GWP","Peso de Guinea","Peso de Guinea (antiguo --> SHP)"
"es","GYD","Dólar guyanés","Dólar guyanés"
"es","HKD","Dólar hongkonés","Dólar hongkonés"
"es","HNL","Lempira","Lempira hondureño"
"es","HRK","Kuna","Kuna croata (antigua --> EUR)"
"es","HTG","Gurde","Gurde haitiano"
"es","HUF","Forinto","Forinto húngaro"
"es","IDR","Rupia","Rupia indonesia"
"es","IEP","Libra irlandesa","Libra irlandesa (antigua --> EUR)"
"es","ILS","Séquel","Séquel israelí"
"es","INR","Rupia","Rupia india"
"es","IQD","Dinar","Dinar iraquí"
"es","ISK","Corona","Corona islandesa"
"es","ITL","Lira","Lira italiana (antigua --> EUR)"
"es","JMD","Dólar jamaicano","Dólar jamaicano"
"es","JOD","Dinar jordano","Dinar jordano"
"es","JPY","Yen","Yen japonés"
"es","KES","Chelín","Chelín keniata"
"es","KGS","Som","Som kirguís"
"es","KHR","Riel","Riel camboyano"
"es","KMF","Franco comoren.","Franco comorense"
"es","KRW","Won surcoreano","Won surcoreano"
"es","KWD","Dinar","Dinar kuwaití"
"es","KYD","Dolar caimanés","Dólar caimanés"
"es","KZT","Tenge","Tenge kazajo"
"es","LAK","Kip","Kip laosiano"
"es","LBP","Libra libanesa","Libra libanesa"
"es","LKR","Rupia esrilanq.","Rupia esrilanquesa"
"es","LRD","Dólar liberiano","Dólar liberiano"
"es","LSL","Loti","Loti de Lesoto"
"es","LTL","Litas","Litas lituana"
"es","LUF","Franco luxemburgués","Franco luxemburgués (antiguo --> EUR)"
"es","LVL","Lats","Lats letón"
"es","LYD","Dinar libio","Dinar libio"
"es","MAD","Dírham","Dírham marroquí"
"es","MDL","Leu","Leu moldavo"
"es","MGA","Ariari malgache","Ariari malgache"
"es","MGF","Franco malgache","Franco malgache (antiguo)"
"es","MKD","Denar macedonio","Denar macedonio"
"es","MMK","Kiat","Kiat birmano"
"es","MNT","Tugrik","Tugrik mongol"
"es","MOP","Pataca","Pataca de Macao"
"es","MRO","Uguiya","Uguiya mauritana"
"es","MRU","Uguiya","Uguiya mauritana"
"es","MTL","Lira","Lira maltesa (antigua --> EUR)"
"es","MUR","Rupia","Rupia mauriciana"
"es","MVR","Rufiya","Rufiya"
"es","MWK","Kuacha malauí","Kuacha malauí"
"es","MXN","Peso","Pesos mexicanos"
"es","MYR","Ringit","Ringit malasio"
"es","MZM","Metical","Metical mozambiqueño (antiguo)"
"es","MZN","Metical","Metical de Mozambique"
"es","NAD","Dólar namibio","Dólar namibio"
"es","NGN","Naira","Naira"
"es","NIO","Oro de Córdoba","Oro de Córdoba de Nicaragua"
"es","NLG","Florín","Florín neerlandés (antiguo --> EUR)"
"es","NOK","Corona noruega","Corona noruega"
"es","NPR","Rupia","Rupia nepalesa"
"es","NZD","Dólar neozelandés","Dólar neozelandés"
"es","OMR","Rial omaní","Rial omaní"
"es","PAB","Balboa","Balboa panameño"
"es","PEN","Nuevo sol","Nuevo sol peruano"
"es","PGK","Kina","Kina de Papúa Nueva Guinea"
"es","PHP","Peso","Peso filipino"
"es","PKR","Rupia","Rupia pakistaní"
"es","PLN","Zloty","Zloty polaco (nuevo)"
"es","PTE","Escudo","Escudo portugués (antiguo --> EUR)"
"es","PYG","Guaraní","Guaraní paraguayo"
"es","QAR","Rial","Rial catarí"
"es","ROL","Leu (antiguo)","Leu rumano (antiguo)"
"es","RON","Leu","Leu rumano"
"es","RSD","Dinar serbio","Dinar serbio"
"es","RUB","Rublo","Rublo ruso"
"es","RWF","Franco","Franco ruandés"
"es","SAR","Rial","Riyal saudí"
"es","SBD","Dólar salomon.","Dólar salomonense"
"es","SCR","Rupia","Rupia seychellense"
"es","SDD","Dinar","Dinar sudanés (antiguo)"
"es","SDG","Libra","Libra sudanesa"
"es","SDP","Libra","Libra sudanesa (hasta 1992)"
"es","SEK","Corona sueca","Corona sueca"
"es","SGD","Dólar singap.","Dólar singapurense"
"es","SHP","Libra St.Helena","Libra de Santa Helena"
"es","SIT","Tólar","Tólar esloveno (antiguo --> EUR)"
"es","SKK","Corona","Corona eslovaca (antigua --> EUR)"
"es","SLL","Leone","Leone de Sierra Leona"
"es","SOS","Chelín","Chelín somalí"
"es","SRD","Dólar surinamés","Dólar surinamés"
"es","SRG","Florín surinamés","Florín surinamés (antiguo)"
"es","SSP","Libra","Libra sursudanesa"
"es","STD","Dobra","Dobra de Santo Tomé y Príncipe"
"es","SVC","Colón","Colón salvadoreño"
"es","SZL","Lilangeni","Lilangeni de Suazilandia"
"es","THB","Baht","Baht tailandés"
"es","TJR","Rublo","Rublo tayiko (antiguo)"
"es","TJS","Somoni","Somoni tayiko"
"es","TMM","Manat (antiguo)","Manat turcomano"
"es","TMT","Manat","Manat turkmeno"
"es","TND","Dinar","Dinar tunecino"
"es","TOP","Paanga","Paanga tongano"
"es","TPE","Escudo timorense","Escudo timorense --> USD"
"es","TRL","Lira (antigua)","Lira turca (antigua)"
"es","TRY","Lira","Lira turca"
"es","TTD","Dólar trinit.","Dólar trinitense"
"es","TWD","Dólar","Dólar taiwanés"
"es","TZS","Chelín","Chelín tanzano"
"es","UAH","Grivna","Grivna de Ucrania"
"es","UGX","Chelín","Chelín ugandés"
"es","USD","Dólar estadoun.","Dólar estadounidense"
"es","UYU","Peso","Peso uruguayo"
"es","UZS","Total","Sum uzbeko"
"es","VEB","Bolívar (antiguo)","Bolívar venezolano (antiguo)"
"es","VEF","Bolívar","Bolívar venezolano"
"es","VES","Bolívar","Bolívar venezolano"
"es","VND","Dong","Dong vietnamita"
"es","VUV","Vatu","Vatu de Vanuatu"
"es","WST","Tala","Tala de Samoa"
"es","XAF","Franco CFA BEAC","Franco CFA de Gabón BEAC"
"es","XCD","Dólar","Dólar del Caribe Oriental"
"es","XEU","E.C.U.","Unidad Monetaria Europea (E.C.U.)"
"es","XOF","Franc.CFA BCEAO","Franco de Benín [CFA (BCEAO)]"
"es","XPF","Franco fr.(Isl.Pac.)","Franco francés (Islas del Pacífico)"
"es","YER","Riyal yemení","Riyal yemení"
"es","YUM","Nuevo dinar","Nuevo dinar yugoslavo"
"es","ZAR","Rand","Rand sudafricano"
"es","ZMK","Kwacha","Kwacha zambiano (antiguo)"
"es","ZMW","Kwacha","Kwacha zambiano (nuevo)"
"es","ZRN","Zaire","Zaire (antiguo)"
"es","ZWD","Dólar zimbab.","Dólar zimbabuense (antiguo)"
"es","ZWL","Dólar zimbab.","Dólar zimbabuense (nuevo)"
"es","ZWN","Dólar zimbab.","Dólar zimbabuense (antiguo)"
"es","ZWR","Dólar zimbab.","Dólar zimbabuense (antiguo)"