locale,code,name,descr
"uk","ADP","Песета","Андоррська песета --> (стара --> євро)"
"uk","AED","Дирхам","Дирхам Об'єднаних Арабських Еміратів"
"uk","AFA","Афгані","Афгані (старе)"
"uk","AFN","Афгані","Афгані"
"uk","ALL","Лек","Албанський лек"
"uk","AMD","Драм","Вірменський драм"
"uk","ANG","Гульден Нідерландських Антилів","Гульден Нідерландських Антилів"
"uk","AOA","Кванза","Ангол.кванза"
"uk","AON","Нова кванза","Ангольська нова кванза (стара)"
"uk","AOR","Кванза Reajust.","Ангольська кванза Reajustado (стара)"
"uk","ARS","Аргентинський песо","Аргентинський песо"
"uk","ATS","Шилінг","Австрійський шилінг (старий --> євро)"
"uk","AUD","Австрал.долар","Австралійський долар"
"uk","AWG","Арубський флор.","Арубський флорин"
"uk","AZM","Манат","Азербайджанський манат (старий)"
"uk","AZN","Манат","Азербайджанський манат"
"uk","BAM","Конвертована марка","Конвертована марка Боснї і Герцеговини"
"uk","BBD","Долар","Барбадоський долар"
"uk","BDT","Така","Бангладешська така"
"uk","BEF","Бельгійський франк","Бельгійський франк (стар. --> євро)"
"uk","BGN","Лев","Болгарський лев"
"uk","BHD","Динар","Бахрейнський динар"
"uk","BIF","Бурундійський франк","Бурундійський франк"
"uk","BMD","Бермуд.долар","Бермудський долар"
"uk","BND","Долар","Брунейський долар"
"uk","BOB","Болівіано","Болівіано"
"uk","BRL","Реал","Бразильський реал"
"uk","BSD","Долар","Багамський долар"
"uk","BTN","Нґултрум","Бутанський нґултрум"
"uk","BWP","Пула","Ботсванська пула"
"uk","BYB","Білорус.рубль","Білоруський рубль (старий)"
"uk","BYN","Білоруський рубль, новий","Білоруський рубль (новий)"
"uk","BYR","Рубль","Білоруський рубль"
"uk","BZD","Долар","Белізький долар"
"uk","CAD","Канадський дол.","Канадський долар"
"uk","CDF","Конголез.франк","Конголезький франк"
"uk","CHF","Швейцар.франк","Швейцарський франк"
"uk","CLP","Песо","Чилійське песо"
"uk","CNY","Ренмiнбi","Китайський ренмiнбi"
"uk","COP","Песо","Колумбійський песо"
"uk","CRC","Коста-рик.колон","Коста-риканський колон"
"uk","CSD","Сербський динар","Сербський динар (стар.)"
"uk","CUC","Конвертов.песо","Конвертоване песо"
"uk","CVE","Ескудо","Ескудо Кабо-Верде"
"uk","CYP","Кіпрський фунт","Кіпрський фунт (старий --> євро)"
"uk","CZK","Крона","Чеська крона"
"uk","DEM","Німецька марка","Німецька марка    (стара --> євро)"
"uk","DJF","Джибутійський франк","Джибутійський франк"
"uk","DKK","Данська крона","Данська крона"
"uk","DOP","Домінікан.песо","Домініканське песо"
"uk","DZD","Динар","Алжирський динар"
"uk","ECS","Сукре","Eквадорський сукре (стар. --> євро)"
"uk","EEK","Крона","Естонська крона (стара --> євро)"
"uk","EGP","Фунт","Єгипетський фунт"
"uk","ERN","Накфа","Еритрейська накфа"
"uk","ESP","Песета","Іспанська песета --> (стара --> євро)"
"uk","ETB","Бір","Ефіопський бір"
"uk","EUR","Євро","Євро"
"uk","FIM","Фінська марка","Фінська марка (стара --> євро)"
"uk","FJD","Долар","Фіджійський долар"
"uk","FKP","Фолкленд.фунт","Фолклендський фунт"
"uk","FRF","Французький франк","Французький франк (стар. --> євро)"
"uk","GBP","Фунт","Британський фунт"
"uk","GEL","Ларі","Грузинський ларі"
"uk","GHC","Седі","Ганський седі (стар.)"
"uk","GHS","Седі","Ганський седі"
"uk","GIP","Ґібралтар.фунт","Ґібралтарський фунт"
"uk","GMD","Даласі","Гамбійський даласі"
"uk","GNF","Франк","Гвінейський франк"
"uk","GRD","Драхма","Грецька драхма (стар. --> євро)"
"uk","GTQ","Кветзал","Гватемальський кветзал"
"uk","GWP","Гвінейськ.песо","Гвінейськ.песо (стар. --> SHP)"
"uk","GYD","Ґайанський долар","Ґайанський долар"
"uk","HKD","Гонконг.долар","Гонконгівський долар"
"uk","HNL","Лемпіра","Гондураська лемпіра"
"uk","HRK","Куна","Хорватська куна (стар. --> євро)"
"uk","HTG","Гурд","Гурд Гаїті"
"uk","HUF","Форинт","Угорський форинт"
"uk","IDR","Рупія","Індонезійська рупія"
"uk","IEP","Ірландський фунт","Ірландський фунт (стар. --> євро)"
"uk","ILS","Шекель","Ізраїльський шекель"
"uk","INR","Рупія","Індійська рупія"
"uk","IQD","Динар","Іракський динар"
"uk","ISK","Крона","Ісландська крона"
"uk","ITL","Ліра","Італійська ліра (стр. --> євро)"
"uk","JMD","Ямайський долар","Ямайський долар"
"uk","JOD","Йордан.динар","Йорданський динар"
"uk","JPY","Єна","Японська єна"
"uk","KES","Шилінг","Кенійський шилінг"
"uk","KGS","Сом","Киргизький сом"
"uk","KHR","Ріел","Камбоджійський ріел"
"uk","KMF","Коморський фр.","Коморський франк"
"uk","KRW","Південнокорейський вон","Південнокорейський вон"
"uk","KWD","Динар","Кувейтський динар"
"uk","KYD","Долар Кайм.ост.","Долар Кайманових островів"
"uk","KZT","Теньге","Казахс.теньге"
"uk","LAK","Кіп","Лаоський кіп"
"uk","LBP","Ліванський фунт","Ліванський фунт"
"uk","LKR","Рупія Шрі-Ланки","Рупія Шрі-Ланки"
"uk","LRD","Лібер.долар","Ліберійський долар"
"uk","LSL","Лоті","Лесотський лоті"
"uk","LTL","Літ","Литовський літ"
"uk","LUF","Люксембургський франк","Люксембургський франк (стар. --> євро)"
"uk","LVL","Лат","Латвійський лат"
"uk","LYD","Лівійський динар","Лівійський динар"
"uk","MAD","Дирхам","Марокканський дирхам"
"uk","MDL","Лей","Молдовський лей"
"uk","MGA","Малаг.аріарі","Малагасійський аріарі"
"uk","MGF","Maдагаскарський франк","Maдагаскарський франк (стар."
"uk","MKD","Макед.денар","Македонський денар"
"uk","MMK","К’ят","К’ят М’янми"
"uk","MNT","Тугрик","Монгольський тугрик"
"uk","MOP","Патака","Патака Макао"
"uk","MRO","Угія","Мавританська угія"
"uk","MRU","Угія","Мавританська угія"
"uk","MTL","Ліра","Мальтійська ліра (ст. --> євро)"
"uk","MUR","Рупія","Маврикійська рупія"
"uk","MVR","Мальдівська руфія","Мальдівська руфія"
"uk","MWK","Малавійська квача","Малавійська квача"
"uk","MXN","Песо","Мексиканський песо"
"uk","MYR","Рінгіт","Малайзійський рінгіт"
"uk","MZM","Метікал","Мозамбіцький метікал (стар.)"
"uk","MZN","Метікал","Мозамбікський метикал"
"uk","NAD","Наміб.долар","Намібійський долар"
"uk","NGN","Наїра","Нігерійська наїра"
"uk","NIO","Кордоба оро","Нікарагуанський кордоба оро"
"uk","NLG","Гульден","Голандський гульден (стар. --> євро)"
"uk","NOK","Норвезька крона","Норвезька крона"
"uk","NPR","Рупія","Непальська рупія"
"uk","NZD","Новозеландський долар","Новозеландський долар"
"uk","OMR","Ріал Оману","Ріал Оману"
"uk","PAB","Бальбоа","Панамське бальбоа"
"uk","PEN","Новий сол","Перуанський новий сол"
"uk","PGK","Кіна","Кіна Папуа-Нової Гвінеї"
"uk","PHP","Песо","Філіппінський песо"
"uk","PKR","Рупія","Пакистанська рупія"
"uk","PLN","Злотий","Польський злотий (новий)"
"uk","PTE","Ескудо","Португальський ескудо (стар. --> євро)"
"uk","PYG","Гуарані","Парагвайський гуарані"
"uk","QAR","Ріал","Катарський ріал"
"uk","ROL","Лей (стар.)","Румунський лей (стар.)"
"uk","RON","Лей","Румунський лей"
"uk","RSD","Сербський динар","Сербський динар"
"uk","RUB","Рубль","Російський рубль"
"uk","RWF","Франк","Руандійський франк"
"uk","SAR","Ріал","Саудівський ріал"
"uk","SBD","Долар Соломонових островів","Долар Соломонових островів"
"uk","SCR","Рупія","Сейшельська рупія"
"uk","SDD","Динар","Суданський динар (стар.)"
"uk","SDG","Фунт","Суданський фунт"
"uk","SDP","Фунт","Суданський фунт (до 1992 р.)"
"uk","SEK","Шведська крона","Шведська крона"
"uk","SGD","Сінгапурський долар","Сінгапурський долар"
"uk","SHP","Фунт ост.Св.Єл.","Фунт острова Святої Єлени"
"uk","SIT","Толар","Словенський толар (стар. --> євро)"
"uk","SKK","Крона","Словацька крона (стара --> євро)"
"uk","SLL","Леоне","Леоне Сьєрра-Леоне"
"uk","SOS","Шилінг","Сомалійський шилінг"
"uk","SRD","Сурінамський долар","Сурінамський долар"
"uk","SRG","Сурінам.гульден","Сурінам.гульден (стар.)"
"uk","SSP","Фунт","Південносуданський фунт"
"uk","STD","Добра","Добра Сан-Томе і Прінсіпі"
"uk","SVC","Колон","Сальвадорський колон"
"uk","SZL","Ліланджені","Ліланджені Свазіленду"
"uk","THB","Бат","Тайський бат"
"uk","TJR","Рубль","Таджицький рубль (стар.)"
"uk","TJS","Сомоні","Таджицьке сомоні"
"uk","TMM","Манат (стар.)","Туркменський манат (стар.)"
"uk","TMT","Манат","Туркменський манат"
"uk","TND","Динар","Туніський динар"
"uk","TOP","Паанга","Тонганська паанга"
"uk","TPE","Ескудо","Тімор.ескудо --> USD"
"uk","TRL","Ліра (стар.)","Турецька ліра (стар.)"
"uk","TRY","Ліра","Tурецька ліра"
"uk","TTD","Долар Тринідаду і Тобаго","Долар Тринідаду і Тобаго"
"uk","TWD","Долар","Новий тайванський долар"
"uk","TZS","Шилінг","Танзанійський шилінг"
"uk","UAH","Гривня","Укр.гривня"
"uk","UGX","Шилінг","Угандійський шилінг"
"uk","USD","Долар США","Долар США"
"uk","UYU","Песо","уругвайський песо"
"uk","UZS","Усього","Узбецький сом"
"uk","VEB","Болівар (стар.)","Венесуельський болівар (стар.)"
"uk","VEF","Bolivar","Венесуельський болівар"
"uk","VES","Bolivar","Венесуельський болівар"
"uk","VND","Донг","В’єтнамський донг"
"uk","VUV","Вату","Вануатський вату"
"uk","WST","Тала","Самоанська тала"
"uk","XAF","Франк CFA-BEAC","Габонський франк CFA–BEAC"
"uk","XCD","Долар","Східнокарибський долар"
"uk","XEU","ЕКЮ","Одиниця європейської валюти (ЕКЮ)"
"uk","XOF","Франк CFA-BCEAO","Банінський франк CFA-BCEAO"
"uk","XPF","Французький франк (тихоок.)","Французький франк (тихоокеанські острови)"
"uk","YER","Єменський ріал","Єменський ріал"
"uk","YUM","Новий динар","Новий югославський динар (стар.)"
"uk","ZAR","Ренд","Південно-Африканський ренд"
"uk","ZMK","Квача","Замбійська квача (стар.)"
"uk","ZMW","Квача","Замбійська квача (нов.)"
"uk","ZRN","Заїр","Заїр (стар.)"
"uk","ZWD","Зімбабв.долар","Зімбабвійський долар (старий)"
"uk","ZWL","Зімбабв.долар","Зімбабвійський долар (новий)"
"uk","ZWN","Зімбабв.долар","Зімбабвійський долар (старий)"
"uk","ZWR","Зімбабв.долар","Зімбабвійський долар (старий)"