locale,code,name,descr
"hu","ADP","Peseta","Andorrai peseta --> (régi --> EUR)"
"hu","AED","Dirham","Emirátusi dirham"
"hu","AFA","Afgán afgáni","Afgáni (régi)"
"hu","AFN","Afgán afgáni","Afgán afgáni"
"hu","ALL","Lek","Albán lek"
"hu","AMD","Dram","Örmény dram"
"hu","ANG","Ny-ind.i gulden","Nyugat-indiai gulden"
"hu","AOA","Kwanza","Angolai kwanza"
"hu","AON","Új kwanza","Angolai új kwanza (régi)"
"hu","AOR","Korrigált kwanza","Korrigált angolai kwanza (régi)"
"hu","ARS","Arg. peso","Argentin peso"
"hu","ATS","Shilling","Osztrák schilling (régi --> EUR)"
"hu","AUD","Ausztr. dollár","Ausztrál dollár"
"hu","AWG","Arubai forint","Arubai florin"
"hu","AZM","Manat","Azerbajdzsáni manat (régi)"
"hu","AZN","Manat","Azerbajdzsáni manat"
"hu","BAM","Konvert. márka","Bosznia-hercegovinai konvertibilis márka"
"hu","BBD","Dollár","Barbadosi dollár"
"hu","BDT","Taka","Bangladesi taka"
"hu","BEF","Belga frank","Belga frank (régi --> EUR)"
"hu","BGN","Leva","Bolgár leva"
"hu","BHD","Dinár","Bahreini dinár"
"hu","BIF","Burundi frank","Burundi frank"
"hu","BMD","Bermudai dollár","Bermudai dollár"
"hu","BND","Dollár","Brunei dollár"
"hu","BOB","Bolív boliviano","Bolív boliviano"
"hu","BRL","Real","Brazil real"
"hu","BSD","Dollár","Bahamai dollár"
"hu","BTN","Ngultrum","Bhutáni ngultrum"
"hu","BWP","Pula","Botswanai pula"
"hu","BYB","Fehérorosz rubel","Fehérorosz rubel (régi)"
"hu","BYN","F.orosz rubel Ú","Fehérorosz rubel (új)"
"hu","BYR","Rubel","Fehérorosz rubel"
"hu","BZD","Dollár","Belize-i dollár"
"hu","CAD","Kanadai dollár","Kanadai dollár"
"hu","CDF","Kongói frank","Kongói frank"
"hu","CHF","Svájci frank","Svájci frank"
"hu","CLP","Peso","Chilei peso"
"hu","CNY","Renminbi","Kínai renminbi"
"hu","COP","Peso","Kolumbiai peso"
"hu","CRC","CostaRica colón","Costa Rica-i colón"
"hu","CSD","Szerb dinár","Szerb dinár (régi)"
"hu","CUC","Konvertib. peso","Konvertibilis peso"
"hu","CVE","Escudo","Zöld-foki escudo"
"hu","CYP","Ciprusi font","Ciprusi font (régi --> EUR)"
"hu","CZK","Korona","Cseh korona"
"hu","DEM","Német márka","Német márka (régi --> EUR)"
"hu","DJF","Dzsibuti frank","Dzsibuti frank"
"hu","DKK","Dán korona","Dán korona"
"hu","DOP","Dominikai peso","Dominikai peso"
"hu","DZD","Dinár","Algériai dinár"
"hu","ECS","Sucre","Ecuadori sucre (régi--> USD)"
"hu","EEK","Korona","Észt korona (régi--> EUR)"
"hu","EGP","Font","Egyiptomi font"
"hu","ERN","Nakfa","Eritreai nakfa"
"hu","ESP","Peseta","Spanyol peseta --> (régi --> EUR)"
"hu","ETB","Birr","Etióp birr"
"hu","EUR","Euró","Európai Euró"
"hu","FIM","Finn márka","Finn márka (régi --> EUR)"
"hu","FJD","Dollár","Fidzsi dollár"
"hu","FKP","Falkl.-szk font","Falkland-szigeteki font"
"hu","FRF","Francia frank","Francia frank (régi --> EUR)"
"hu","GBP","Font","Angol font"
"hu","GEL","Lari","Grúz lari"
"hu","GHC","Cedi","Ghánai cedi (régi)"
"hu","GHS","Cedi","Ghánai cedi"
"hu","GIP","Gibraltári font","Gibraltári font"
"hu","GMD","Dalasi","Gambiai dalasi"
"hu","GNF","Frank","Guineai frank"
"hu","GRD","Drachma","Görög drachma (régi --> EUR)"
"hu","GTQ","Quetzal","Guetamalai quetzal"
"hu","GWP","Guineai peso","Guineai peso (régi --> SHP)"
"hu","GYD","Guyanai dollár","Guyanai dollár"
"hu","HKD","H.K. dollár","Hongkongi dollár"
"hu","HNL","Lempira","Hondurasi lempira"
"hu","HRK","Kuna","Horvát kuna (régi --> EUR)"
"hu","HTG","Gourde","Haiti gourde"
"hu","HUF","Forint","Magyar forint"
"hu","IDR","Rúpia","Indonéz rúpia"
"hu","IEP","Ír font","Ír font (régi -->EUR)"
"hu","ILS","Sékel","Izraeli sékel"
"hu","INR","Rúpia","Indiai rúpia"
"hu","IQD","Dinár","Iraki dinár"
"hu","ISK","Korona","Izlandi korona"
"hu","ITL","Líra","Olasz líra (régi -->EUR)"
"hu","JMD","Jamaikai dollár","Jamaikai dollár"
"hu","JOD","Jordán dinár","Jordán dinár"
"hu","JPY","Jen","Japán jen"
"hu","KES","Shilling","Kenyai shilling"
"hu","KGS","Szom","Kirgiz szom"
"hu","KHR","Riel","Kambodzsai riel"
"hu","KMF","Komorei frank","Komorei frank"
"hu","KRW","D-koreai won","Dél-koreai won"
"hu","KWD","Dinár","Kuwaiti dinár"
"hu","KYD","Kjmn-szk. doll.","Kajmán-szigeteki dollár"
"hu","KZT","Tenge","Kazah tenge"
"hu","LAK","Kip","Laoszi kip"
"hu","LBP","Libanoni font","Libanoni font"
"hu","LKR","Sri L.-i rúpia","Sri Lanka-i rúpia"
"hu","LRD","Libériai dollár","Libériai dollár"
"hu","LSL","Loti","Lesothoi loti"
"hu","LTL","Litas","Litván litas"
"hu","LUF","Lux. frank","Luxembourgi frank (régi --> EUR)"
"hu","LVL","Lat","Lett lat"
"hu","LYD","Líbiai dinár","Líbiai dinár"
"hu","MAD","Dirham","Marokkói dirham"
"hu","MDL","Lej","Moldáv lej"
"hu","MGA","Madagasz.ariary","Madagaszkári ariary"
"hu","MGF","Madagaszkári fr.","Madagaszkári frank (régi"
"hu","MKD","Macedón dénár","Macedón dénár"
"hu","MMK","Kjap","Mianmari kjap"
"hu","MNT","Tugrik","Mongol tugrik"
"hu","MOP","Pataca","Makaói pataca"
"hu","MRO","Ouguiya","Mauritániai ouguiya"
"hu","MRU","Ouguiya","Mauritániai ouguiya"
"hu","MTL","Líra","Máltai líra (régi -->EUR)"
"hu","MUR","Rúpia","Mauritiusi rúpia"
"hu","MVR","Rufiyaa","Maldív-szigeteki rufiyaa"
"hu","MWK","Malawi kwacha","Malawi kwacha"
"hu","MXN","Peso","Mexikói peso"
"hu","MYR","Ringgit","Maláj ringgit"
"hu","MZM","Metical","Mozambiki metical (régi)"
"hu","MZN","Metical","Mozambiki metical"
"hu","NAD","Namíbiai dollár","Namíbiai dollár"
"hu","NGN","Naira","Nigériai naira"
"hu","NIO","Córdoba","Nicaraguai córdoba"
"hu","NLG","Gulden","Holland gulden (régi --> EUR)"
"hu","NOK","Norvég korona","Norvég korona"
"hu","NPR","Rúpia","Nepáli rúpia"
"hu","NZD","Új-zélandi dollár","Új-zélandi dollár"
"hu","OMR","Ománi riál","Ománi riál"
"hu","PAB","Balboa","Panamai balboa"
"hu","PEN","Új sol","Perui új sol"
"hu","PGK","Kina","Pápua új-guineai kina"
"hu","PHP","Peso","Fülöp-szg. peso"
"hu","PKR","Rúpia","Pakisztáni rúpia"
"hu","PLN","Zloty","Lengyel zloty (új)"
"hu","PTE","Escudo","Portugál escudo (régi --> EUR)"
"hu","PYG","Guaraní","Paraguayi guaraní"
"hu","QAR","Riál","Quatari riál"
"hu","ROL","Lej (régi)","Román lej"
"hu","RON","Lej","Román lej"
"hu","RSD","Szerb dinár","Szerb dinár"
"hu","RUB","Rubel","Orosz rubel"
"hu","RWF","Frank","Ruandai frank"
"hu","SAR","Riál","Szaúdi riál"
"hu","SBD","Salamon-szg dollár","Salamon-szigeteki dollár"
"hu","SCR","Rúpia","Seychelle-szigeteki rúpia"
"hu","SDD","Dinár","Szudáni dinár (régi)"
"hu","SDG","Font","Szudáni font"
"hu","SDP","Font","Szudáni font (1992-ig)"
"hu","SEK","Svéd korona","Svéd korona"
"hu","SGD","Szing. dollár","Szingapúri dollár"
"hu","SHP","Szt. Ilona font","Szent Ilona-i font"
"hu","SIT","Tolár","Szlovén tolár"
"hu","SKK","Korona","Szlovák korona (régi--> EUR)"
"hu","SLL","Leone","Sierra Leone-i leone"
"hu","SOS","Shilling","Szomáliai shilling"
"hu","SRD","Suriname dollár","Suriname-i dollár"
"hu","SRG","Suriname-i gulden","Suriname-i gulden (régi)"
"hu","SSP","Font","Dél-szudáni font"
"hu","STD","Dobra","Sao Tomé és Príncipe-i dobra"
"hu","SVC","Colón","Salvadori colón"
"hu","SZL","Lilangeni","Szváziföldi lilangeni"
"hu","THB","Bát","Tájföldi bát"
"hu","TJR","Rubel","Tádzsik rubel (régi)"
"hu","TJS","Szomoni","Tádzsik szomoni"
"hu","TMM","Manat (régi)","Türkmén manat (régi)"
"hu","TMT","Manat","Türkmén manat"
"hu","TND","Dinár","Tunéziai dinár"
"hu","TOP","Pa’anga","Tongai pa'anga"
"hu","TPE","Timori escudo","Timori escudo --> USD"
"hu","TRL","Líra (régi)","Török líra (régi)"
"hu","TRY","Líra","Török líra"
"hu","TTD","T. + T. dollár","Trinidad és Tobago-i dollár"
"hu","TWD","Dollár","Új tajvani dollár"
"hu","TZS","Shilling","Tanzán shilling"
"hu","UAH","Hrivnya","Ukrán hrivnya"
"hu","UGX","Shilling","Ugandai shilling"
"hu","USD","USA dollár","Amerikai dollár"
"hu","UYU","Peso","Uruguayi peso"
"hu","UZS","Összesen","Üzbég szom"
"hu","VEB","Bolivár (régi)","Venezuelai bolivár"
"hu","VEF","Bolivár","Venezuelai bolivár"
"hu","VES","Bolivár","Venezuelai bolivár"
"hu","VND","Dong","Vietnám dong"
"hu","VUV","Vatu","Vanuatui vatu"
"hu","WST","Tala","Szamoai tala"
"hu","XAF","CFA Frank BEAC","Gaboni CFA-frank (BCEAO)"
"hu","XCD","Dollár","kelet-karibi dollár"
"hu","XEU","E.C.U.","Európai valutaegység (E.C.U.)"
"hu","XOF","CFA Frank BCEAO","Benini CFA Frank BCEAO"
"hu","XPF","Fr. frank (csendes-ó. szg.)","Francia frank (csendes-óceáni szigetek)"
"hu","YER","Jemeni riál","Jemeni riál"
"hu","YUM","Új dinár","Új jugoszláv dinár (régi)"
"hu","ZAR","Rand","Dél-afrikai rand"
"hu","ZMK","Kwacha","Zambiai kwacha"
"hu","ZMW","Kwacha","Zambiai kwacha (új)"
"hu","ZRN","Zaire","Zaire (régi)"
"hu","ZWD","Zimbabwei dollár","Zimbabwei dollár (régi)"
"hu","ZWL","Zimbabwei dollár","Zimbabwei dollár (új)"
"hu","ZWN","Zimbabwei dollár","Zimbabwei dollár (régi)"
"hu","ZWR","Zimbabwei dollár","Zimbabwei dollár (régi)"