locale,code,name,descr
"zh_TW","ADP","比塞塔","安道爾比塞塔 --> (舊 --> 歐元)"
"zh_TW","AED","迪拉姆","阿聯迪拉姆"
"zh_TW","AFA","阿富汗尼","阿富汗尼 (舊)"
"zh_TW","AFN","阿富汗尼","阿富汗尼"
"zh_TW","ALL","列克","阿爾巴尼亞列克"
"zh_TW","AMD","德拉姆","亞美尼亞德拉姆"
"zh_TW","ANG","西印度基爾德","西印度基爾德"
"zh_TW","AOA","匡撒","安哥拉匡撒"
"zh_TW","AON","寬扎","安哥拉寬扎 (舊)"
"zh_TW","AOR","匡撒","安哥拉匡撒 (舊)"
"zh_TW","ARS","阿根廷披索","阿根廷披索"
"zh_TW","ATS","先令","奧地利先令 (舊 --> 歐元)"
"zh_TW","AUD","澳幣","澳幣"
"zh_TW","AWG","阿魯巴弗羅林","阿魯巴弗羅林"
"zh_TW","AZM","馬納特","亞塞拜然馬納特 (舊)"
"zh_TW","AZN","馬納特","亞塞拜然馬納特"
"zh_TW","BAM","馬克","波士尼亞與赫塞哥維納馬克"
"zh_TW","BBD","巴貝多元","巴貝多元"
"zh_TW","BDT","塔卡","孟加拉塔卡"
"zh_TW","BEF","比利時法郎","比利時法郎 (舊 --> 歐元)"
"zh_TW","BGN","列弗","保加利亞列弗"
"zh_TW","BHD","第納爾","巴林第納爾"
"zh_TW","BIF","蒲隆地法郎","蒲隆地法郎"
"zh_TW","BMD","百慕達幣","百慕達幣"
"zh_TW","BND","巴貝多元","汶萊元"
"zh_TW","BOB","玻利維亞諾","玻利維亞諾"
"zh_TW","BRL","雷亞爾","巴西雷亞爾"
"zh_TW","BSD","巴貝多元","巴哈馬幣"
"zh_TW","BTN","努爾特魯姆","不丹努爾特魯姆"
"zh_TW","BWP","普拉","波札那普拉"
"zh_TW","BYB","白俄羅斯盧布","白俄羅斯盧布 (舊)"
"zh_TW","BYN","白俄羅斯新盧布","白俄羅斯盧布 (新)"
"zh_TW","BYR","盧布","白俄羅斯盧布"
"zh_TW","BZD","貝里斯元","貝里斯元"
"zh_TW","CAD","加幣","加幣"
"zh_TW","CDF","剛果法郎","剛果法郎"
"zh_TW","CHF","瑞士法郎","瑞士法郎"
"zh_TW","CLP","披索","智利披索"
"zh_TW","CNY","人民幣","中國人民幣"
"zh_TW","COP","披索","哥倫比亞披索"
"zh_TW","CRC","哥斯大黎加科朗","哥斯大黎加科朗"
"zh_TW","CSD","塞爾維亞第納爾","塞爾維亞第納爾 (舊)"
"zh_TW","CUC","可兌換披索","可兌換披索"
"zh_TW","CVE","維德角埃斯庫多","維德角埃斯庫多"
"zh_TW","CYP","賽普勒斯鎊","賽普勒斯鎊 (舊 --> 歐元)"
"zh_TW","CZK","克朗","捷克克朗"
"zh_TW","DEM","德國馬克","德國馬克 (舊 --> 歐元)"
"zh_TW","DJF","吉布地法郎","吉布地法郎"
"zh_TW","DKK","丹麥克朗","丹麥克朗"
"zh_TW","DOP","多明尼加披索","多明尼加披索"
"zh_TW","DZD","第納爾","阿爾及利亞第納爾"
"zh_TW","ECS","蘇克雷","厄瓜多蘇克雷 (舊 --> 美元)"
"zh_TW","EEK","克朗","愛沙尼亞克朗 (舊 --> 歐元)"
"zh_TW","EGP","鎊","埃及鎊"
"zh_TW","ERN","奈克法","厄利垂亞奈克法"
"zh_TW","ESP","比塞塔","西班牙比塞塔 (舊 --> 歐元)"
"zh_TW","ETB","比爾","衣索比亞比爾"
"zh_TW","EUR","歐元","歐元"
"zh_TW","FIM","芬蘭馬克","芬蘭馬克 (舊 --> 歐元)"
"zh_TW","FJD","巴貝多元","斐濟幣"
"zh_TW","FKP","福克蘭鎊","福克蘭群島鎊"
"zh_TW","FRF","法國法郎","法國法郎 (舊 --> 歐元)"
"zh_TW","GBP","鎊","英鎊"
"zh_TW","GEL","拉里","喬治亞拉里"
"zh_TW","GHC","塞地","迦納塞地 (舊)"
"zh_TW","GHS","塞地","迦納塞地"
"zh_TW","GIP","直布羅陀鎊","直布羅陀鎊"
"zh_TW","GMD","達拉西","甘比亞達拉西"
"zh_TW","GNF","法郎","幾內亞法郎"
"zh_TW","GRD","德拉克馬","希臘德拉克馬 (舊 --> 歐元)"
"zh_TW","GTQ","格查爾","瓜地馬拉格查爾"
"zh_TW","GWP","幾內亞披索","幾內亞披索 (舊 --> 聖赫勒拿鎊)"
"zh_TW","GYD","蓋亞那幣","蓋亞那幣"
"zh_TW","HKD","港幣","港幣"
"zh_TW","HNL","倫皮拉","宏都拉斯倫皮拉"
"zh_TW","HRK","庫納","克羅埃西亞庫納 (舊 --> 歐元)"
"zh_TW","HTG","古德","海地古德"
"zh_TW","HUF","福林","匈牙利福林"
"zh_TW","IDR","盧比","印尼盧比"
"zh_TW","IEP","愛爾蘭鎊","愛爾蘭鎊 (舊 --> 歐元)"
"zh_TW","ILS","謝克爾","以色列謝克爾"
"zh_TW","INR","盧比","印度盧比"
"zh_TW","IQD","第納爾","伊拉克第納爾"
"zh_TW","ISK","克朗","冰島克朗"
"zh_TW","ITL","里拉","義大利里拉 (舊 --> 歐元)"
"zh_TW","JMD","牙買加幣","牙買加幣"
"zh_TW","JOD","約旦第納爾","約旦第納爾"
"zh_TW","JPY","日圓","日圓"
"zh_TW","KES","先令","肯亞先令"
"zh_TW","KGS","索姆","吉爾吉斯索姆"
"zh_TW","KHR","瑞爾","柬埔寨瑞爾"
"zh_TW","KMF","葛摩法郎","葛摩法郎"
"zh_TW","KRW","韓圓","韓圓"
"zh_TW","KWD","第納爾","科威特第納爾"
"zh_TW","KYD","開曼群島幣","開曼群島幣"
"zh_TW","KZT","堅戈","哈薩克堅戈"
"zh_TW","LAK","基普","寮國基普"
"zh_TW","LBP","黎巴嫩鎊","黎巴嫩鎊"
"zh_TW","LKR","斯里蘭卡盧比","斯里蘭卡盧比"
"zh_TW","LRD","賴比瑞亞幣","賴比瑞亞幣"
"zh_TW","LSL","洛蒂","賴索托洛蒂"
"zh_TW","LTL","立特","立陶宛立特"
"zh_TW","LUF","盧森堡法郎","盧森堡法郎 (舊 --> 歐元)"
"zh_TW","LVL","拉特","拉脫維亞拉特"
"zh_TW","LYD","利比亞第納爾","利比亞第納爾"
"zh_TW","MAD","迪拉姆","摩洛哥迪拉姆"
"zh_TW","MDL","列伊","摩爾多瓦列伊"
"zh_TW","MGA","馬達加阿里亞里","馬達加斯加阿里亞里"
"zh_TW","MGF","馬達加斯加法郎","馬達加斯加法郎 (舊)"
"zh_TW","MKD","馬其頓代納爾","馬其頓代納爾"
"zh_TW","MMK","緬元","緬元"
"zh_TW","MNT","圖格里克","蒙古圖格里克"
"zh_TW","MOP","澳門幣","澳門幣"
"zh_TW","MRO","烏吉亞","茅利塔尼亞烏吉亞"
"zh_TW","MRU","烏吉亞","茅利塔尼亞烏吉亞"
"zh_TW","MTL","里拉","馬爾他里拉 (舊 --> 歐元)"
"zh_TW","MUR","盧比","模里西斯盧比"
"zh_TW","MVR","盧菲亞","馬爾地夫盧菲亞"
"zh_TW","MWK","馬拉威克瓦查","馬拉威克瓦查"
"zh_TW","MXN","披索","墨西哥披索"
"zh_TW","MYR","令吉","馬來西亞令吉"
"zh_TW","MZM","梅蒂卡爾","莫三比克梅蒂卡爾 (舊)"
"zh_TW","MZN","梅蒂卡爾","莫三比克梅蒂卡爾"
"zh_TW","NAD","納米比亞幣","納米比亞幣"
"zh_TW","NGN","奈拉","奈及利亞奈拉"
"zh_TW","NIO","科多巴","尼加拉瓜科多巴"
"zh_TW","NLG","荷蘭盾","荷蘭盾 (舊 --> 歐元)"
"zh_TW","NOK","挪威克朗","挪威克朗"
"zh_TW","NPR","盧比","尼泊爾盧比"
"zh_TW","NZD","紐西蘭幣","紐西蘭幣"
"zh_TW","OMR","阿曼里亞爾","阿曼里亞爾"
"zh_TW","PAB","巴波亞","巴拿馬巴波亞"
"zh_TW","PEN","新索爾","秘魯新索爾"
"zh_TW","PGK","基那","巴布亞紐幾基那"
"zh_TW","PHP","披索","菲律賓披索"
"zh_TW","PKR","盧比","巴基斯坦盧比"
"zh_TW","PLN","茲羅提","波蘭幣茲羅提 (新)"
"zh_TW","PTE","埃斯庫多","葡萄牙埃斯庫多 (舊 --> 歐元)"
"zh_TW","PYG","瓜拉尼","巴拉圭瓜拉尼"
"zh_TW","QAR","里亞爾","卡達里亞爾"
"zh_TW","ROL","列伊 (舊)","羅馬尼亞列伊 (舊)"
"zh_TW","RON","列伊","羅馬尼亞列伊"
"zh_TW","RSD","塞爾維亞第納爾","塞爾維亞第納爾"
"zh_TW","RUB","盧布","俄羅斯盧布"
"zh_TW","RWF","法郎","盧安達法郎"
"zh_TW","SAR","里亞爾","沙烏地里亞爾"
"zh_TW","SBD","索羅門群島幣","索羅門群島幣"
"zh_TW","SCR","盧比","塞席爾盧比"
"zh_TW","SDD","第納爾","蘇丹第納爾 (舊)"
"zh_TW","SDG","鎊","蘇丹鎊"
"zh_TW","SDP","鎊","蘇丹鎊 (直到 1992)"
"zh_TW","SEK","瑞典克朗","瑞典克朗"
"zh_TW","SGD","新加坡幣","新加坡幣"
"zh_TW","SHP","聖赫倫那鎊","聖赫倫那鎊"
"zh_TW","SIT","托拉爾","斯洛維尼亞托拉爾 (舊 --> 歐元)"
"zh_TW","SKK","克朗","斯洛伐克克朗 (舊 --> 歐元)"
"zh_TW","SLL","利昂","獅子山利昂"
"zh_TW","SOS","先令","索馬利亞先令"
"zh_TW","SRD","蘇利南元","蘇利南元"
"zh_TW","SRG","蘇利南基爾","蘇利南基爾 (舊)"
"zh_TW","SSP","鎊","南蘇丹鎊"
"zh_TW","STD","多布拉","聖多美普林西比多布拉"
"zh_TW","SVC","科朗","薩爾瓦多科朗"
"zh_TW","SZL","蘭吉尼","史瓦濟蘭里蘭吉尼"
"zh_TW","THB","銖","泰銖"
"zh_TW","TJR","盧布","塔吉克盧布 (舊)"
"zh_TW","TJS","索莫尼","塔吉克斯坦索莫尼"
"zh_TW","TMM","馬納特","土庫曼馬納特 (舊)"
"zh_TW","TMT","馬納特","土庫曼馬納特"
"zh_TW","TND","第納爾","突尼西亞第納爾"
"zh_TW","TOP","潘加","東加潘加"
"zh_TW","TPE","帝汶埃斯庫多","帝汶埃斯庫多 --> 美元"
"zh_TW","TRL","里拉 (舊)","土耳其里拉 (舊)"
"zh_TW","TRY","里拉","土耳其里拉"
"zh_TW","TTD","千里達及托巴哥元","千里達及托巴哥元"
"zh_TW","TWD","巴貝多元","新臺幣"
"zh_TW","TZS","先令","坦尚尼亞先令"
"zh_TW","UAH","赫里夫尼亞","烏克蘭赫里夫尼亞"
"zh_TW","UGX","先令","烏干達先令"
"zh_TW","USD","美元","美元"
"zh_TW","UYU","披索","烏拉圭披索"
"zh_TW","UZS","總計","烏茲別克索姆"
"zh_TW","VEB","玻利瓦 (舊)","委內瑞拉玻利瓦 (舊)"
"zh_TW","VEF","玻利瓦","委內瑞拉玻利瓦"
"zh_TW","VES","玻利瓦","委內瑞拉玻利瓦"
"zh_TW","VND","盾","越南盾"
"zh_TW","VUV","瓦圖","萬那杜瓦圖"
"zh_TW","WST","塔拉","薩摩亞塔拉"
"zh_TW","XAF","中非法郎","中非金融合作法郎"
"zh_TW","XCD","巴貝多元","東加勒比海幣"
"zh_TW","XEU","歐洲貨幣單位","歐洲貨幣單位 (E.C.U.)"
"zh_TW","XOF","非洲法郎","非洲金融共同體法郎"
"zh_TW","XPF","法國法郎 (太平洋島)","法國法郎 (太平洋島)"
"zh_TW","YER","葉門里亞爾","葉門里亞爾"
"zh_TW","YUM","新第納爾","新南斯拉夫第納爾 (舊)"
"zh_TW","ZAR","蘭特","南非蘭特"
"zh_TW","ZMK","克瓦查","尚比亞克瓦查 (舊)"
"zh_TW","ZMW","克瓦查","尚比亞克瓦查 (新)"
"zh_TW","ZRN","薩伊","薩伊 (舊)"
"zh_TW","ZWD","辛巴威元","辛巴威元 (舊)"
"zh_TW","ZWL","辛巴威元","辛巴威元 (新)"
"zh_TW","ZWN","辛巴威元","辛巴威元 (舊)"
"zh_TW","ZWR","辛巴威元","辛巴威元 (舊)"