locale,code,name,descr
"nl","ADP","Peseta","Andorrese peseta --> (oud --> EUR)"
"nl","AED","Dirham","VAE-dirham"
"nl","AFA","Afghani","Afghani (oud)"
"nl","AFN","Afghani","Afghani"
"nl","ALL","Lek","Albanese lek"
"nl","AMD","Dram","Armeense dram"
"nl","ANG","W.Ind.gulden","West-Indische gulden"
"nl","AOA","Kwanza","Angol. kwanza"
"nl","AON","Nieuwe kwanza","Angolese nieuwe kwanza (oud)"
"nl","AOR","Kwanza reajust.","Angolese kwanza reajustado (oud)"
"nl","ARS","Arg. peso","Argentijnse peso"
"nl","ATS","Shilling","Oostenr. schilling (oud --> EUR)"
"nl","AUD","Austr. dollar","Australische dollar"
"nl","AWG","Arub. florin","Arubaanse florin"
"nl","AZM","Manat","Azerbeidzjaanse manat (oud)"
"nl","AZN","Manat","Azerbeidzjaanse manat"
"nl","BAM","Convert. mark","Bosnische convertibele mark"
"nl","BBD","Dollar","Barbadiaanse dollar"
"nl","BDT","Taka","Bangladese taka"
"nl","BEF","Belgische frank","Belgische frank (oud --> EUR)"
"nl","BGN","Lev","Bulgaarse lev"
"nl","BHD","Dinar","Bahreinse dinar"
"nl","BIF","Burund. frank","Burundese frank"
"nl","BMD","Bermud. dollar","Bermudaanse dollar"
"nl","BND","Dollar","Bruneise dollar"
"nl","BOB","Boliviano","Boliviano"
"nl","BRL","Real","Braziliaanse real"
"nl","BSD","Dollar","Bahamaanse dollar"
"nl","BTN","Ngultrum","Bhutaanse ngultrum"
"nl","BWP","Pula","Botswaanse pula"
"nl","BYB","Wit-Russ. roeb.","Wit-Russische roebel (oud)"
"nl","BYN","WRussRoebN","Wit-Russische roebel (nieuw)"
"nl","BYR","Roebel","Wit-Russische roebel"
"nl","BZD","Dollar","Belizaanse dollar"
"nl","CAD","Canadese dollar","Canadese dollar"
"nl","CDF","Congolese frank","Congolese frank"
"nl","CHF","Zwits. frank","Zwitserse frank"
"nl","CLP","Peso","Chileense peso"
"nl","CNY","Renminbi","Chinese renminbi"
"nl","COP","Peso","Colombiaanse peso"
"nl","CRC","Cost.Rica colon","Costa Ricaanse colon"
"nl","CSD","Serv. dinar","Servische dinar (oud)"
"nl","CUC","Convert. peso","Convertibele peso"
"nl","CVE","Escudo","Kaapverdische escudo"
"nl","CYP","Cypr. pond","Cypriotisch pond (oud --> EUR)"
"nl","CZK","Kroon","Tsjechische kroon"
"nl","DEM","Duitse mark","Duitse mark (oud --> EUR)"
"nl","DJF","Djib. frank","Djiboutiaanse frank"
"nl","DKK","Deense kroon","Deense kroon"
"nl","DOP","Dominic. peso","Dominicaanse peso"
"nl","DZD","Dinar","Algerijnse dinar"
"nl","ECS","Sucre","Ecuadoriaanse sucre (oud --> USD)"
"nl","EEK","Kroon","Estische kroon (oud --> EUR)"
"nl","EGP","Pond","Egyptisch pond"
"nl","ERN","Nakfa","Eritrese nafka"
"nl","ESP","Peseta","Spaanse peseta --> (oud --> EUR)"
"nl","ETB","Birr","Ethiopische birr"
"nl","EUR","Euro","Europese Euro"
"nl","FIM","Finse mark","Finse mark (oud --> EUR)"
"nl","FJD","Dollar","Fiji-dollar"
"nl","FKP","Falkland. pond","Falklandeilands pond"
"nl","FRF","Franse frank","Franse frank (oud --> EUR)"
"nl","GBP","Pond","Britse pond"
"nl","GEL","Lari","Georgische lari"
"nl","GHC","Cedi","Ghanese cedi (oud)"
"nl","GHS","Cedi","Ghanese cedi"
"nl","GIP","Pond v. Gibral.","Pond van Gibraltar"
"nl","GMD","Dalasi","Gambiaanse dalasi"
"nl","GNF","Frank","Guineese frank"
"nl","GRD","Drachme","Griekse drachme (oud --> EUR)"
"nl","GTQ","Quetzal","Guatemalese quetzal"
"nl","GWP","Guinea peso","Guinea peso (oud --> SHP)"
"nl","GYD","Guya. dollar","Guyaanse dollar"
"nl","HKD","H.K.dollar","Hong Kong dollar"
"nl","HNL","Lempira","Hondurese lempira"
"nl","HRK","Kuna","Kroatische kuna  (oud --> EUR)"
"nl","HTG","Gourde","Haïtiaanse gourde"
"nl","HUF","Forint","Hongaarse forint"
"nl","IDR","Roepia","Indonesische roepia"
"nl","IEP","Iers pond","Iers pond (oud --> EUR)"
"nl","ILS","Shekel","Israëlische shekel"
"nl","INR","Roepie","Indiase roepie"
"nl","IQD","Dinar","Iraakse dinar"
"nl","ISK","Kroon","IJslandse kroon"
"nl","ITL","Lire","Italiaanse lire (oud --> EUR)"
"nl","JMD","Jamaic. dollar","Jamaicaanse dollar"
"nl","JOD","Jordaanse dinar","Jordaanse dinar"
"nl","JPY","Yen","Japanse yen"
"nl","KES","Shilling","Keniaanse shilling"
"nl","KGS","Som","Kirgizische som"
"nl","KHR","Riel","Cambodjaanse riel"
"nl","KMF","Comor. frank","Comorosese frank"
"nl","KRW","Z.-Kor. won","Zuid-Koreaanse won"
"nl","KWD","Dinar","Koeweitse dinar"
"nl","KYD","Kaaim.eil.doll.","Kaaimaneilandse dollar"
"nl","KZT","Tenge","Kazachse tenge"
"nl","LAK","Kip","Laotiaanse kip"
"nl","LBP","Libanees pond","Libanees pond"
"nl","LKR","Srilank. roepie","Srilankaanse roepie"
"nl","LRD","Liber. dollar","Liberiaanse dollar"
"nl","LSL","Loti","Lesothaanse loti"
"nl","LTL","Litas","Litouwse litas"
"nl","LUF","Lux. frank","Luxemburgse frank (oud --> EUR)"
"nl","LVL","Lats","Letse lats"
"nl","LYD","Lib. dinar","Libische dinar"
"nl","MAD","Dirham","Marokkaanse dirham"
"nl","MDL","Leu","Moldavische leu"
"nl","MGA","Malag. ariary","Malagassische ariary"
"nl","MGF","Malag. fr.","Malagassische frank (oud)"
"nl","MKD","Maced. denar","Macedonische denar"
"nl","MMK","Kyat","Myanmarese kyat"
"nl","MNT","Tugrik","Mongoolse tugrik"
"nl","MOP","Pataca","Macause pataca"
"nl","MRO","Ouguiya","Mauritaanse ouguiya"
"nl","MRU","Ouguiya","Mauritaanse ouguiya"
"nl","MTL","Lire","Maltese lire (oud --> EUR)"
"nl","MUR","Roepie","Mauritiaanse roepie"
"nl","MVR","Rufiyaa","Maldivische rufiyaa"
"nl","MWK","Malawische kwacha","Malawische kwacha"
"nl","MXN","Peso","Mexicaanse peso"
"nl","MYR","Ringgit","Maleisische ringgit"
"nl","MZM","Metical","Mozambikaanse metical (oud)"
"nl","MZN","Metical","Mozambikaanse metical"
"nl","NAD","Namib. dollar","Namibische dollar"
"nl","NGN","Naira","Nigeriaanse naira"
"nl","NIO","Córdoba oro","Nicaraguaanse córdoba oro"
"nl","NLG","Gulden","Nederlandse gulden (oud --> EUR)"
"nl","NOK","Noorse kroon","Noorse kroon"
"nl","NPR","Roepie","Nepalese roepie"
"nl","NZD","N.-Zeel. dollars","Nieuw-Zeelandse dollars"
"nl","OMR","Omaanse rial","Omaanse rial"
"nl","PAB","Balboa","Panamese balboa"
"nl","PEN","Nieuwe sol","Peruviaanse nieuwe sol"
"nl","PGK","Kina","Papoea-Nieuw-Guinese kina"
"nl","PHP","Peso","Filipijnse peso"
"nl","PKR","Roepie","Pakistaanse roepie"
"nl","PLN","Zloty","Poolse zloty (nieuw)"
"nl","PTE","Escudo","Portuguese Escudo (oud --> EUR)"
"nl","PYG","Guarani","Paraguayaanse guarani"
"nl","QAR","Rial","Qatarese rial"
"nl","ROL","Leu (oud)","Roemeense leu (oud)"
"nl","RON","Leu","Roemeense leu"
"nl","RSD","Serv. dinar","Servische dinar"
"nl","RUB","Roebel","Russische roebel"
"nl","RWF","Frank","Rwandese frank"
"nl","SAR","Riyal","Saoedi-Arabische riyal"
"nl","SBD","Sal.-dollar","Salomon-dollar"
"nl","SCR","Roepie","Seychelse roepie"
"nl","SDD","Dinar","Soedanese dinar (oud)"
"nl","SDG","Pond","Soedanees pond"
"nl","SDP","Pond","Soedanees pond (tot 1992)"
"nl","SEK","Zweedse kroon","Zweedse kroon"
"nl","SGD","Sing. dollar","Singaporese dollar"
"nl","SHP","St.Heleens pond","St.Heleens pond"
"nl","SIT","Tolar","Sloveense tolar (oud --> EUR)"
"nl","SKK","Kroon","Slowaakse kroon (oud --> EUR)"
"nl","SLL","Leone","Sierra Leoonse leone"
"nl","SOS","Shilling","Somalische shilling"
"nl","SRD","Surin. dollar","Surinaamse dollar"
"nl","SRG","Surinaamse gulden","Surinaamse gulden (oud)"
"nl","SSP","Pond","Zuid-Soedanees pond"
"nl","STD","Dobra","Santomese dobra"
"nl","SVC","Colón","Salvadoraanse cólon"
"nl","SZL","Lilangeni","Swazische lilangeni"
"nl","THB","Baht","Thaise baht"
"nl","TJR","Roebel","Tadzjiekse roebel"
"nl","TJS","Somoni","Tadzjiekse somoni"
"nl","TMM","Manat (oud)","Turkmeense manat (oud)"
"nl","TMT","Manat","Turkmeense manat"
"nl","TND","Dinar","Tunesische dinar"
"nl","TOP","Pa'anga","Tongaanse pa'anga"
"nl","TPE","Timorese escudo","Timorese escudo --> USD"
"nl","TRL","Lira (oud)","Turkse lira (oud)"
"nl","TRY","Lira","Turkse lira"
"nl","TTD","T. + T.dollar","Trinidad en Tobagodollar"
"nl","TWD","Dollar","Nieuwe taiwanese dollar"
"nl","TZS","Shilling","Tanzaniaanse shilling"
"nl","UAH","Grivna","Oekraïense grivna"
"nl","UGX","Shilling","Oegandese shilling"
"nl","USD","Amer. dollar","Amerikaanse dollar"
"nl","UYU","Peso","Uruguayaanse peso"
"nl","UZS","Sum","Oezbeekse sum"
"nl","VEB","Bolivar (oud)","Venezolaanse bolivar (oud)"
"nl","VEF","Bolivar","Venezolaanse bolivar"
"nl","VES","Bolivar","Venezolaanse bolivar"
"nl","VND","Dong","Vietnamese dong"
"nl","VUV","Vatu","Vanuatuaanse vatu"
"nl","WST","Tala","Samoaanse tala"
"nl","XAF","CFA-frank BEAC","Gabon CFA-frank BEAC"
"nl","XCD","Dollar","Oost-Caribische dollar"
"nl","XEU","E.C.U.","European Currency Unit (E.C.U.)"
"nl","XOF","CFA-frank BCEAO","Benin CFA-frank BCEAO"
"nl","XPF","Fr. frank (Pac)","Franse frank (Pacifische Eilanden)"
"nl","YER","Jemen. rial","Jemenitische rial"
"nl","YUM","Nieuwe dinar","Nieuwe Joegoslavische dinar"
"nl","ZAR","Rand","Zuid-Afrikaanse rand"
"nl","ZMK","Kwacha","Zambiaanse kwacha (oud)"
"nl","ZMW","Kwacha","Zambiaanse kwacha (nieuw)"
"nl","ZRN","Zaïre","Zaïre (oud)"
"nl","ZWD","Zimbabw. dollar","Zimbabwaanse dollar (oud)"
"nl","ZWL","Zimbabw. dollar","Zimbabwaanse dollar (nieuw)"
"nl","ZWN","Zimbabw. dollar","Zimbabwaanse dollar (oud)"
"nl","ZWR","Zimbabw. dollar","Zimbabwaanse dollar (oud)"