locale,code,name,descr
"he","ADP","פזטה","פזטה אנדורית--> (ישן --> EUR)"
"he","AED","דירהם","דירהם של איחוד האמירויות הערביות"
"he","AFA","אפגני","אפגני (ישן)"
"he","AFN","אפגני","אפגני"
"he","ALL","לק","לק אלבני"
"he","AMD","דרם","דרם ארמני"
"he","ANG","גילדר של איי הודו המערבית","גילדר של איי הודו המערבית"
"he","AOA","קוונזה","קוונזה אנגולי"
"he","AON","קוונזה חדש","קוונזה חדש אנגולי (ישן)"
"he","AOR","קוונזה מותאם","קוונזה אנגולי מותאם (ישן)"
"he","ARS","פזו ארגנטיני","פזו ארגנטיני"
"he","ATS","שילינג","שילינג אוסטרי (ישן --> EUR)"
"he","AUD","דולר אוסטרלי","דולר אוסטרלי"
"he","AWG","פלורין של ארובה","פלורין של ארובה"
"he","AZM","מנאט","מאנאט אזרבייג׳ני"
"he","AZN","מנאט","מאנאט אזרבייג׳ני"
"he","BAM","מרק ניתן להמרה","מרק ניתן להמרה של בוסניה והרצגובינה"
"he","BBD","דולר","דולר של ברבדוס"
"he","BDT","טאקה","טאקה בנגלדשי"
"he","BEF","פרנק בלגי","פרנק בלגי (ישן --> EUR)"
"he","BGN","לב","לב בולגרי"
"he","BHD","דינר","דינר בחרייני"
"he","BIF","פרנק בורונדי","פרנק בורונדי"
"he","BMD","דולר של ברמודה","דולר של ברמודה"
"he","BND","דולר","דולר של ברוניי"
"he","BOB","בוליביאנו","בוליביאנו"
"he","BRL","ריאל","ריאל ברזילאי"
"he","BSD","דולר","דולר של בהאמה"
"he","BTN","אנגולטרום","אנגולטרום בהוטני"
"he","BWP","פולה","פולה בוצואנית"
"he","BYB","רובל בלארוסי","רובל בלארוסי (ישן)"
"he","BYN","רובל בלארוסי חדש","רובל בלארוסי (חדש)"
"he","BYR","רובל","רובל בלארוסי"
"he","BZD","דולר","דולר של בליז"
"he","CAD","דולר קנדי","דולר קנדי"
"he","CDF","פרנק קונגולזי","פרנק קונגולזי"
"he","CHF","פרנק שוויצרי","פרנק שוויצרי"
"he","CLP","פזו","פזו צ'יליאני"
"he","CNY","רנמינבי","רנמינבי סיני"
"he","COP","פזו","פזו קולומביאני"
"he","CRC","קולון של קו.רי.","קולון של קוסטה ריקה"
"he","CSD","דינר סרבי","דינר סרבי (ישן)"
"he","CUC","פזו ניתן להמרה","פזו ניתן להמרה"
"he","CVE","אסקודו","אסקודו של כף ורדה"
"he","CYP","פאונד קפריסאי","פאונד קפריסאי  (ישן --> EUR)"
"he","CZK","קרונה","קורונה צ'כית"
"he","DEM","מרק גרמני","מרק גרמני    (ישן --> EUR)"
"he","DJF","פרנק ג'יבוטי","פרנק ג'יבוטי"
"he","DKK","קרונה דנית","קרונה דנית"
"he","DOP","פזו דומיניקני","פזו דומיניקני"
"he","DZD","דינר","דינר אלג'ירי"
"he","ECS","סוקרה","סוקרה אקוואדורי (ישן --> USD)"
"he","EEK","קרונה","קרון אסטוני (ישן --> EUR)"
"he","EGP","פאונד","לירה מצרית"
"he","ERN","נקפה","נקפה אריתראי"
"he","ESP","פזטה","פזטה ספרדית--> (ישן --> EUR)"
"he","ETB","ביר","ביר אתיופי"
"he","EUR","אירו","אירו אירופאי"
"he","FIM","מרק פיני","מרק פיני (ישן --> EUR)"
"he","FJD","דולר","דולר של פיג'י"
"he","FKP","לירה של פוקלנד","לירה של פוקלנד"
"he","FRF","פרנק צרפתי","פרנק צרפתי (ישן --> EUR)"
"he","GBP","פאונד","פאונד בריטי"
"he","GEL","לאיר","לארי גיאורגי"
"he","GHC","סדי","סדי גאני (ישן)"
"he","GHS","סדי","סדי גאני"
"he","GIP","לירה של גיברלטר","לירה של גיברלטר"
"he","GMD","דלסי","דלסי של גמביה"
"he","GNF","פרנק","פרנק גינאי"
"he","GRD","דרכמה","דרכמה יוונית (ישן --> EUR)"
"he","GTQ","קווטצאל","קווטצאל גואטמלי"
"he","GWP","פזו של גינאה","פזו של גינאה (ישן --> SHP)"
"he","GYD","דולר של גיאנה","דולר של גיאנה"
"he","HKD","דולר הונג קונגי","דולר הונג קונגי"
"he","HNL","למפירה","למפירה של הונדורס"
"he","HRK","קונה","קונה קרואטי (ישן --> EUR)"
"he","HTG","גורד","גורד של האיטי"
"he","HUF","פורינט","פורינט הונגרי"
"he","IDR","רופיה","רופיה אינדונזית"
"he","IEP","פאונד אירי","פאונד אירי (ישן --> EUR)"
"he","ILS","שקל","שקל ישראלי"
"he","INR","רופיה","רופיה הודית"
"he","IQD","דינר","דינר עיראקי"
"he","ISK","קרונה","קרונה איסלנדית"
"he","ITL","לירה","לירה איטלקית (ישן --> EUR)"
"he","JMD","דולר של ג'מייקה","דולר של ג'מייקה"
"he","JOD","דינר ירדני","דינר ירדני"
"he","JPY","ין","ין יפני"
"he","KES","שילינג","שילינג קנייתי"
"he","KGS","סום","סום קירגיזי"
"he","KHR","ריאל","ריאל קמבודי"
"he","KMF","פרנק של קומורו","פרנק של קומורו"
"he","KRW","וון דרום קוריאני","וון דרום קוריאני"
"he","KWD","דינר","דינר כוויתי"
"he","KYD","דולר קיימני","דולר קיימני"
"he","KZT","טנגה","טנגה קזחי"
"he","LAK","קיפ","קיפ לאוסי"
"he","LBP","לירה לבנונית","לירה לבנונית"
"he","LKR","רופי סרי לנקה","רופי סרי לנקה"
"he","LRD","דולר ליברי","דולר ליברי"
"he","LSL","לוטי","לוטי של לסוטו"
"he","LTL","ליטאס","ליטאס ליטאי"
"he","LUF","פרנק לוקסמבורגי","פרנק לוקסמבורגי (ישן --> EUR)"
"he","LVL","לט","לט לטבי"
"he","LYD","דינר לובי","דינר לובי"
"he","MAD","דירהם","דירהם מרוקאי"
"he","MDL","לאו","לאו מולדובאני"
"he","MGA","אריארי מדגסקרי","אריארי מדגסקרי"
"he","MGF","פרנק מדגסקרי","פרנק מדגסקרי (ישן)"
"he","MKD","דנאר מקדוני","דנאר מקדוני"
"he","MMK","קיאט","קיאט מיאנמרי"
"he","MNT","טוגריק","טוגריק מונגולי"
"he","MOP","פטקה","פטקה מקאו"
"he","MRO","אוגיה","אוגיה מאוריטני"
"he","MRU","אוגיה","אוגיה מאוריטני"
"he","MTL","לירה","לירה מלטית (ישן --> EUR)"
"he","MUR","רופיה","רופיה של מאוריציוס"
"he","MVR","רופיה","רופיה מלדיבית"
"he","MWK","קוואצ'ה מלאווית","קוואצ'ה מלאווית"
"he","MXN","פזו","פזו מקסיקני"
"he","MYR","רינגיט","רינגיט מלאי"
"he","MZM","מטיקל","מטיקל מוזמביקי (ישן)"
"he","MZN","מטיקל","מטיקל מוזמביקי"
"he","NAD","דולר נמיבי","דולר נמיבי"
"he","NGN","נאירה","נאירה ניגרי"
"he","NIO","קורדובה אורו","קורדובה אורו של ניקרגואה"
"he","NLG","גילדן","גילדן הולנדי (ישן --> EUR)"
"he","NOK","קרונה נורווגית","קרונה נורווגית"
"he","NPR","רופיה","רופיה נפאלית"
"he","NZD","דולרים ניו זילנדים","דולרים ניו זילנדים"
"he","OMR","ריאל עומאני","ריאל עומאני"
"he","PAB","בלבואה","בלבואה פנמי"
"he","PEN","סול חדש","סול פרואני חדש"
"he","PGK","קינה","קינה של פפואה גינאה החדשה"
"he","PHP","פזו","פזו פיליפיני"
"he","PKR","רופיה","רופיה פקיסטנית"
"he","PLN","זלוטי","זלוטי פולני (חדש)"
"he","PTE","אסקודו","אסקודו פורטוגזי (ישן --> EUR)"
"he","PYG","גוארני","גוארני של פרגוואי"
"he","QAR","ריאל","ריאל קטארי"
"he","ROL","לאו (ישן)","לאו רומני (ישן)"
"he","RON","לאו","לאו רומני"
"he","RSD","דינר סרבי","דינר סרבי"
"he","RUB","רובל","רובל רוסי"
"he","RWF","פרנק","פרנק רואנדי"
"he","SAR","ריאל","ריאל סעודי"
"he","SBD","דולר של איי שלמה","דולר של איי שלמה"
"he","SCR","רופיה","רופיה של איי סיישל"
"he","SDD","דינר","לירה סודנית (ישן)"
"he","SDG","פאונד","לירה סודנית"
"he","SDP","פאונד","לירה סודנית (עד 1992)"
"he","SEK","קרונה שוודית","קרונה שוודית"
"he","SGD","דולר של סינגפור","דולר של סינגפור"
"he","SHP","לירה של סנט הל.","לירה של סנט הלנה"
"he","SIT","טולאר","טולאר סלובני (ישן --> EUR)"
"he","SKK","קרונה","קרונה סלובנית (ישן --> EUR)"
"he","SLL","לאון","לאונה של סיירה לאון"
"he","SOS","שילינג","שילינג סומלי"
"he","SRD","דולר סורינאמי","דולר סורינאמי"
"he","SRG","גילדן סורינאמי","גילדן סורינאמי (ישן)"
"he","SSP","פאונד","לירה של דרום סודן"
"he","STD","דוברה","דוברה של סאו טומה / פרינסיפה"
"he","SVC","קולון","קולון של אל סלוודור"
"he","SZL","לילנגני","לילנגני של סווזילנד"
"he","THB","באט תאילנדי","באט תאילנדי"
"he","TJR","רובל","רובל טג'יקיסטני (ישן)"
"he","TJS","סומוני","סומוני טג'יקיסטני"
"he","TMM","מנאט (ישן)","מנאט טורקמני (ישן)"
"he","TMT","מנאט","מנאט טורקמני"
"he","TND","דינר","דינר טוניסאי"
"he","TOP","פא'אנגה","פא'אנגה של טונגה"
"he","TPE","אסקודו של טימור","אסקודו של טימור --> USD"
"he","TRL","לירה (ישן)","לירה טורקית (ישן)"
"he","TRY","לירה","לירה טורקית"
"he","TTD","דולר של טר.וטו.","דולר של טרינידד וטובגו"
"he","TWD","דולר","דולר טיוואני חדש"
"he","TZS","שילינג","שילינג טנזני"
"he","UAH","ריבניה אוקראינ.","ריבניה אוקראינית"
"he","UGX","שילינג","שילינג אוגנדי"
"he","USD","דולר אמריקני","דולר של ארצות הברית"
"he","UYU","פזו","פזו אורוגוואי"
"he","UZS","סך הכול","סום אוזבקי"
"he","VEB","בוליבר (ישן)","בוליבר של ונצואלה (ישן)"
"he","VEF","בוליבר","בוליבר של ונצואלה"
"he","VES","בוליבר","בוליבר של ונצואלה"
"he","VND","דונגה","דונג וייטנאמי"
"he","VUV","ואטו","ואטו של ונואטו"
"he","WST","טאלה","טאלה של סמואה"
"he","XAF","פרנק CFA BEAC","פרנק CFA BEAC של גבון"
"he","XCD","דולר","דולר מזרח קריבי"
"he","XEU","E.C.U.","יחידת מטבע אירופאית (E.C.U.)"
"he","XOF","פרנק CFA BCEAO","פרק CFA BCEAO של בנין"
"he","XPF","פרנק צרפתי (איים באוקינוס השקט)","פרנק צרפתי (איים באוקינוס השקט)"
"he","YER","ריאל תימני","ריאל תימני"
"he","YUM","דינר חדש","דינר יגוסלבי חדש (ישן)"
"he","ZAR","ראנד","ראנד דרום אפריקאי"
"he","ZMK","קוואצ'ה","קוואצ'ה של זמביה (ישן)"
"he","ZMW","קוואצ'ה","קוואצ'ה של זמביה (חדש)"
"he","ZRN","זאיר","זאיר (ישן)"
"he","ZWD","דולר זימבבווי","דולר זימבבווי (ישן)"
"he","ZWL","דולר זימבבווי","דולר זימבבווי (חדש)"
"he","ZWN","דולר זימבבווי","דולר זימבבווי (ישן)"
"he","ZWR","דולר זימבבווי","דולר זימבבווי (ישן)"