locale,code,name,descr
"sh","ADP","Pezeta","Andorska pezeta --> (staro --> EUR)"
"sh","AED","Dirham","Dirham Ujedinjenih Arapskih Emirata"
"sh","AFA","Avganist.avgani","Avganistanski avgani (staro)"
"sh","AFN","Avganistanski avgani","Avganistanski avgani"
"sh","ALL","Lek","Albanski lek"
"sh","AMD","Dram","Jermenski dram"
"sh","ANG","Holandskoantilski gulden","Holandskoantilski gulden"
"sh","AOA","Kvanza","Angolska kvanza"
"sh","AON","Nova kvanza","Angolska nova kvanza (staro)"
"sh","AOR","Kvanza reažustado","Angolska kvanza reažustado (staro)"
"sh","ARS","Argentinski pezos","Argentinski pezos"
"sh","ATS","Šiling","Austrijski šiling --> (staro --> EUR)"
"sh","AUD","Australijski dolar","Australijski dolar"
"sh","AWG","Arubski florin","Arubski florin"
"sh","AZM","Manat","Azerbejdžanski manat (staro)"
"sh","AZN","Manat","Azerbejdžanski manat"
"sh","BAM","Konvertibilna marka","Bosanskohercegovačka konvertibilna marka"
"sh","BBD","Dolar","Barbadoski dolar"
"sh","BDT","Taka","Bangladeška taka"
"sh","BEF","Belgijski franak","Belgijski franak (staro --> EUR)"
"sh","BGN","Lev","Bugarski lev"
"sh","BHD","Dinar","Bahreinski dinar"
"sh","BIF","Burundski franak","Burundski franak"
"sh","BMD","Bermudski dolar","Bermudski dolar"
"sh","BND","Dolar","Brunejski dolar"
"sh","BOB","Bol.bolivijano","Bolivijski bolivijano"
"sh","BRL","Real","Brazilski real"
"sh","BSD","Dolar","Bahamski dolar"
"sh","BTN","Ngultrum","Butanski ngultrum"
"sh","BWP","Pula","Bocvanska pula"
"sh","BYB","Beloruska rublja","Beloruska rublja (staro)"
"sh","BYN","Beloruska rublja - novo","Beloruska rublja (novo)"
"sh","BYR","Rublja","Beloruska rublja"
"sh","BZD","Dolar","Beliski dolar"
"sh","CAD","Kanadski dolar","Kanadski dolar"
"sh","CDF","Kongo.franak","Kongoanski franak"
"sh","CHF","Švajc.franak","Švajcarski franak"
"sh","CLP","Pezo","Čileanski pezo"
"sh","CNY","Renminbi","Kineski renminbi"
"sh","COP","Pezo","Kolumbijski pezos"
"sh","CRC","Kostarikanski kolon","Kostarikanski kolon"
"sh","CSD","Srpski dinar","Srpski dinar (staro)"
"sh","CUC","Konvertibilni pezo","Konvertibilni pezo"
"sh","CVE","Eskudo","Zelenortski eskudo"
"sh","CYP","Kiparska funta","Kiparska funta  (staro --> EUR)"
"sh","CZK","Kruna","Češka kruna"
"sh","DEM","Nemačka marka","Nemačka marka    (staro --> EUR)"
"sh","DJF","Džibutski franak","Džibutski franak"
"sh","DKK","Danska kruna","Danska kruna"
"sh","DOP","Dominik.pezo","Dominikanski pezo"
"sh","DZD","Dinar","Alžirski dinar"
"sh","ECS","Sukre","Ekvadorski sukre (staro --> USD)"
"sh","EEK","Kruna","Estonska kruna (staro --> EUR)"
"sh","EGP","Funta","Egipatska funta"
"sh","ERN","Nakfa","Eritrejska nakfa"
"sh","ESP","Pezeta","Španska pezeta --> (staro --> EUR)"
"sh","ETB","Bir","Etiopski bir"
"sh","EUR","Evro","Evropski evro"
"sh","FIM","Finska marka","Finska marka (staro --> EUR)"
"sh","FJD","Dolar","Fidžijski dolar"
"sh","FKP","Folkland.funta","Folklandska funta"
"sh","FRF","Francuski franak","Francuski franak (staro --> EUR)"
"sh","GBP","Funta","Britanska funta"
"sh","GEL","Lari","Gruzijski lari"
"sh","GHC","Sedi","Ganski sedi (staro)"
"sh","GHS","Sedi","Ganski sedi"
"sh","GIP","Gibraltar.funta","Gibraltarska funta"
"sh","GMD","Dalasi","Gambijski dalasi"
"sh","GNF","Franak","Gvinejski franak"
"sh","GRD","Drahma","Grčka drahma (staro --> EUR)"
"sh","GTQ","Kvecal","Gvatemalski kvecal"
"sh","GWP","Gvinejski pezos","Gvinejski pezos (staro --> SHP)"
"sh","GYD","Gvajanski dolar","Gvajanski dolar"
"sh","HKD","H.K.dolar","Hongkonški dolar"
"sh","HNL","Lempira","Honduraška lempira"
"sh","HRK","Kuna","Hrvatska kuna (staro --> EUR)"
"sh","HTG","Gurd","Haićanski gurd"
"sh","HUF","Forinta","Mađarska forinta"
"sh","IDR","Rupija","Indonežanska rupija"
"sh","IEP","Irska funta","Irska funta (staro --> EUR)"
"sh","ILS","Šekel","Izraelski šekel"
"sh","INR","Rupija","Indijski rupi"
"sh","IQD","Dinar","Irački dinar"
"sh","ISK","Kruna","Islandska kruna"
"sh","ITL","Lira","Italijanska lira (staro --> EUR)"
"sh","JMD","Jamajčanski dolar","Jamajčanski dolar"
"sh","JOD","Jordanski dinar","Jordanski dinar"
"sh","JPY","Jen","Japanski jen"
"sh","KES","Šiling","Kenijski šiling"
"sh","KGS","Som","Kirgiski som"
"sh","KHR","Rijel","Kambodžanski rijel"
"sh","KMF","Komorski franak","Komorski franak"
"sh","KRW","Južnokorejski von","Južnokorejski von"
"sh","KWD","Dinar","Kuvajtski dinar"
"sh","KYD","Kajmanski dolar","Kajmanski dolar"
"sh","KZT","Tenge","Kazahstanski tenge"
"sh","LAK","Kip","Laoski kip"
"sh","LBP","Libanska funta","Libanska funta"
"sh","LKR","Šrilank.rupi","Šrilankanski rupi"
"sh","LRD","Liberij.dolar","Liberijski dolar"
"sh","LSL","Loti","Lesotski loti"
"sh","LTL","Litas","Litvanski litas"
"sh","LUF","Luksembruški franak","Luksembruški franak (staro --> EUR)"
"sh","LVL","Lat","Letonski lat"
"sh","LYD","Libijski dinar","Libijski dinar"
"sh","MAD","Dirham","Marokanski dirham"
"sh","MDL","Lej","Moldavski lej"
"sh","MGA","Madagas.arijari","Madagaskarski arijari"
"sh","MGF","Madagaskarski franak","Madagaskarski franak (staro)"
"sh","MKD","Makedonski denar","Makedonski denar"
"sh","MMK","Kjat","Mjanmarski kjat"
"sh","MNT","Tugrik","Mongolski tugrik"
"sh","MOP","Pataka","Makaonska pataka"
"sh","MRO","Ogija","Mauritanska ogija"
"sh","MRU","Ogija","Mauritanska ogija"
"sh","MTL","Lira","Malteška lira (staro --> EUR)"
"sh","MUR","Rupija","Mauricijska rupija"
"sh","MVR","Rufija","Maldivska rufija"
"sh","MWK","Malavska kvača","Malavska kvača"
"sh","MXN","Pezo","Meksički pezo"
"sh","MYR","Ringit","Malezijski ringit"
"sh","MZM","Metikal","Mozambički metikal (staro)"
"sh","MZN","Metikal","Mozambički metikal"
"sh","NAD","Namibij.dolar","Namibijski dolar"
"sh","NGN","Naira","Nigerijska naira"
"sh","NIO","Kordoba oro","Nikaragvanska kordoba oro"
"sh","NLG","Gulden","Holandski gulden (staro --> EUR)"
"sh","NOK","Norveška kruna","Norveška kruna"
"sh","NPR","Rupija","Nepalska rupija"
"sh","NZD","Novozelandski dolar","Novozelandski dolar"
"sh","OMR","Omanski rijal","Omanski rijal"
"sh","PAB","Balboa","Panamska balboa"
"sh","PEN","Novi sol","Peruanski novi sol"
"sh","PGK","Kina","Papuanska kina"
"sh","PHP","Pezo","Filipinski pezo"
"sh","PKR","Rupija","Pakistanska rupija"
"sh","PLN","Zlot","Poljski zlot (novi)"
"sh","PTE","Eskudo","Portugalski eskudo (staro --> EUR)"
"sh","PYG","Gvarani","Paragvajski gvarani"
"sh","QAR","Rijal","Katarski rijal"
"sh","ROL","Lej (staro)","Rumunski lej (staro)"
"sh","RON","Lej","Rumunski lej"
"sh","RSD","Srpski dinar","Srpski dinar"
"sh","RUB","Rublja","Ruska rublja"
"sh","RWF","Franak","Ruandski franak"
"sh","SAR","Rijal","Saudijski rijal"
"sh","SBD","Solomonski dolar","Solomonski dolar"
"sh","SCR","Rupija","Sejšelska rupija"
"sh","SDD","Dinar","Sudanski dinar (staro)"
"sh","SDG","Funta","Sudanska funta"
"sh","SDP","Funta","Sudanska funta (do 1992. godine)"
"sh","SEK","Švedska kruna","Švedska kruna"
"sh","SGD","Singapurski dolar","Singapurski dolar"
"sh","SHP","Senthelen.funta","Senthelenska funta"
"sh","SIT","Tolar","Slovenački tolar (staro --> EUR)"
"sh","SKK","Kruna","Slovačka kruna (staro --> EUR)"
"sh","SLL","Leone","Sijeraleonski leone"
"sh","SOS","Šiling","Somalijski šiling"
"sh","SRD","Surinam.dolar","Surinamski dolar"
"sh","SRG","Surinamski gulden","Surinamski gulden (staro)"
"sh","SSP","Funta","Južnosudanska funta"
"sh","STD","Dobra","Dobra Sao Tomea i Prinsipea"
"sh","SVC","Kolon","Salvadorski kolon"
"sh","SZL","Lilangeni","Svazilendski lilangeni"
"sh","THB","Bat","Tajlandski bat"
"sh","TJR","Rublja","Tadžikistanska rublja (staro)"
"sh","TJS","Somoni","Tadžikistanski somoni"
"sh","TMM","Manat (staro)","Turkmenistanski manat (staro)"
"sh","TMT","Manat","Turkmenistanski manat"
"sh","TND","Dinar","Tuniski dinar"
"sh","TOP","Panga","Tonganska panga"
"sh","TPE","Timorski eskudo","Timorski eskudo --> USD"
"sh","TRL","Lira (staro)","Turska lira (staro)"
"sh","TRY","Lira","Turska lira"
"sh","TTD","Trinidad-tobagoški dolar","Trinidad-tobagoški dolar"
"sh","TWD","Dolar","Novi tajvanski dolar"
"sh","TZS","Šiling","Tanzanijski šiling"
"sh","UAH","Hrivnja","Ukrajinska hrivnja"
"sh","UGX","Šiling","Ugandski šiling"
"sh","USD","Američki dolar","Američki dolar"
"sh","UYU","Pezo","Urugvajski pezo"
"sh","UZS","Ukupno","Uzbekistanski som"
"sh","VEB","Bolivar (staro)","Venecuelanski bolivar (staro)"
"sh","VEF","Bolivar","Venecuelanski bolivar"
"sh","VES","Bolivar","Venecuelanski bolivar"
"sh","VND","Dong","Vijetnamski dong"
"sh","VUV","Vatu","Vanuatuanski vatu"
"sh","WST","Tala","Samoanska tala"
"sh","XAF","CFA franak BEAC","Gabonski CFA franak BEAC"
"sh","XCD","Dolar","Istočnokaripski dolar"
"sh","XEU","E.C.U.","Jedinica evropske valute (E.C.U.)"
"sh","XOF","CFA franak BCEAO","Beninski CFA franak BCEAO"
"sh","XPF","Francuski franak (ostrva u Pacifiku)","Francuski franak (ostrva u Pacifiku)"
"sh","YER","Jemenski rijal","Jemenski rijal"
"sh","YUM","Novi dinar","Novi jugoslovenski dinar (staro)"
"sh","ZAR","Rand","Južnoafrički rand"
"sh","ZMK","Kvača","Zambijska kvača (staro)"
"sh","ZMW","Kvača","Zambijska kvača (novo)"
"sh","ZRN","Zaire","Zaire (staro)"
"sh","ZWD","Zimbabveanski dolar","Zimbabveanski dolar (staro)"
"sh","ZWL","Zimbabveanski dolar","Zimbabveanski dolar (novo)"
"sh","ZWN","Zimbabveanski dolar","Zimbabveanski dolar (staro)"
"sh","ZWR","Zimbabveanski dolar","Zimbabveanski dolar (staro)"