locale,code,name,descr
"ru","ADP","Песета","Песета Андорры --> (старая --> EUR)"
"ru","AED","Дирхам","Дирхам (ОАЭ)"
"ru","AFA","Афгани","Афгани (старый)"
"ru","AFN","Афгани","Афгани"
"ru","ALL","Лек","Албанский лек"
"ru","AMD","Драм","Армянский драм"
"ru","ANG","Нид. ант. гульден","Нидерландский антильский гульден"
"ru","AOA","Кванза","Ангольская кванза"
"ru","AON","Новая кванза","Новая ангольская кванза (старая)"
"ru","AOR","Скорр. кванза","Скорректированная ангольская кванза (старая)"
"ru","ARS","Арг. песо","Аргентинский песо"
"ru","ATS","Шиллинг","Австрийский шиллинг (старый --> EUR)"
"ru","AUD","Австрал. доллар","Австралийский доллар"
"ru","AWG","Аруб. флорин","Арубанский флорин"
"ru","AZM","Манат","Азербайджанский манат (старый)"
"ru","AZN","Манат","Азербайджанский манат"
"ru","BAM","Конверт. марка","Конверт. марка Боснии и Герцеговины"
"ru","BBD","Доллар","Барбадосский доллар"
"ru","BDT","Така","Бангладешская така"
"ru","BEF","Бельгийский франк","Бельгийский франк (старый --> EUR)"
"ru","BGN","Лев","Болгарский лев"
"ru","BHD","Динар","Бахрейнский динар"
"ru","BIF","Бурундийский франк","Бурундийский франк"
"ru","BMD","Бермуд. доллар","Бермудский доллар"
"ru","BND","Доллар","Брунейский доллар"
"ru","BOB","Боливиано","Боливиано"
"ru","BRL","Реал","Бразильский реал"
"ru","BSD","Доллар","Багамский доллар"
"ru","BTN","Нгултрум","Бутанский нгултрум"
"ru","BWP","Пула","Ботсванская пула"
"ru","BYB","Белорусск. руб.","Белорусский рубль (старый)"
"ru","BYN","Белорус. руб. нов.","Белорусский рубль (новый)"
"ru","BYR","Рубль","Белорусский рубль"
"ru","BZD","Доллар","Белизский доллар"
"ru","CAD","Канад. доллар","Канадский доллар"
"ru","CDF","Конголез. франк","Конголезский франк"
"ru","CHF","Швейц. франк","Швейцарский франк"
"ru","CLP","Песо","Чилийское песо"
"ru","CNY","Юань","Китайский юань жэньминьби"
"ru","COP","Песо","Колумбийский песо"
"ru","CRC","Костарик. колон","Костариканский колон"
"ru","CSD","Сербский динар","Сербский динар (старый)"
"ru","CUC","Конверт. песо","Конвертируемый песо"
"ru","CVE","Эскудо","Эскудо Кабо-Верде"
"ru","CYP","Кипрский фунт","Кипрский фунт (старый --> EUR)"
"ru","CZK","Крона","Чешская крона"
"ru","DEM","Немецкая марка","Немецкая марка (старая --> EUR)"
"ru","DJF","Франк Джибути","Франк Джибути"
"ru","DKK","Датская крона","Датская крона"
"ru","DOP","Доминик. песо","Доминиканское песо"
"ru","DZD","Динар","Алжирский динар"
"ru","ECS","Сукре","Эквадорский сукре"
"ru","EEK","Крона","Эстонская крона (старая --> EUR)"
"ru","EGP","Фунт","Египетский фунт"
"ru","ERN","Накфа","Эритрейская накфа"
"ru","ESP","Песета","Испанская песета (старая --> EUR)"
"ru","ETB","Быр","Эфиопский быр"
"ru","EUR","Евро","Евро"
"ru","FIM","Финская марка","Финская марка (старая --> EUR)"
"ru","FJD","Доллар","Доллар Фиджи"
"ru","FKP","Фунт Фолк.о-вов","Фунт Фолклендских островов"
"ru","FRF","Французский франк","Французский франк (старый --> EUR)"
"ru","GBP","Фунт","Британский фунт"
"ru","GEL","Лари","Грузинский лари"
"ru","GHC","Седи","Ганский седи (старый)"
"ru","GHS","Седи","Ганский седи"
"ru","GIP","Гибралт. фунт","Гибралтарский фунт"
"ru","GMD","Даласи","Гамбийский даласи"
"ru","GNF","Франк","Гвинейский франк"
"ru","GRD","Драхма","Греческая драхма (старая --> EUR)"
"ru","GTQ","Кетсаль","Гватемальский кетсаль"
"ru","GWP","Гвинейское песо","Гвинейское песо (старое --> SHP)"
"ru","GYD","Гайан. доллар","Гайанский доллар"
"ru","HKD","Гонконг. доллар","Гонконгский доллар"
"ru","HNL","Лемпира","Гондурасская лемпира"
"ru","HRK","Куна","Хорватская куна (старое --> ЕВРО)"
"ru","HTG","Гурд","Гаитянский гурд"
"ru","HUF","Форинт","Венгерский форинт"
"ru","IDR","Рупия","Индонезийская рупия"
"ru","IEP","Ирландский фунт","Ирландский фунт (старый --> EUR)"
"ru","ILS","Шекель","Израильский шекель"
"ru","INR","Рупия","Индийская рупия"
"ru","IQD","Динар","Иракский динар"
"ru","ISK","Крона","Исландская крона"
"ru","ITL","Лира","Итальянская лира (старая --> EUR)"
"ru","JMD","Ямайский доллар","Ямайский доллар"
"ru","JOD","Иордан. динар","Иорданский динар"
"ru","JPY","Йена","Японская йена"
"ru","KES","Шиллинг","Кенийский шиллинг"
"ru","KGS","Сом","Киргизский сом"
"ru","KHR","Риель","Камбоджийский риель"
"ru","KMF","Франк Ком.о-вов","Франк Коморских островов"
"ru","KRW","Южнокор. вона","Южнокорейская вона"
"ru","KWD","Динар","Кувейтский динар"
"ru","KYD","Долл.Кайм.о-вов","Доллар Каймановых островов"
"ru","KZT","Тенге","Казахстанский тенге"
"ru","LAK","Кип","Лаосский кип"
"ru","LBP","Ливанский фунт","Ливанский фунт"
"ru","LKR","Шри-Ланк. рупия","Шри–Ланкийская рупия"
"ru","LRD","Либер. доллар","Либерийский доллар"
"ru","LSL","Лоти","Лоти Лесото"
"ru","LTL","Лита","Литовская лита"
"ru","LUF","Люкс. франк","Люксембургский франк (старый --> EUR)"
"ru","LVL","Лат","Латвийский лат"
"ru","LYD","Ливийский динар","Ливийский динар"
"ru","MAD","Дирхам","Марокканский дирхам"
"ru","MDL","Лей","Молдавский лей"
"ru","MGA","Мадаг. ариари","Мадагаскарский ариари"
"ru","MGF","Мадаг. франк","Мадагаскарский франк"
"ru","MKD","Македон. динар","Македонский динар"
"ru","MMK","Кьят","Мьянманский кьят"
"ru","MNT","Тугрик","Монгольский тугрик"
"ru","MOP","Патака","Патака Макао"
"ru","MRO","Угия","Мавританская угия"
"ru","MRU","Угия","Мавританская угия"
"ru","MTL","Лира","Мальтийская лира (старая --> EUR)"
"ru","MUR","Рупия","Маврикийская рупия"
"ru","MVR","Руфия","Мальдивская руфия"
"ru","MWK","Малав. квача","Малавийская квача"
"ru","MXN","Песо","Мексиканское песо"
"ru","MYR","Ринггит","Малайзийский ринггит"
"ru","MZM","Mетикал","Mозамбикский метикал (старый)"
"ru","MZN","Mетикал","Mозамбикский метикал"
"ru","NAD","Намиб. доллар","Намибийский доллар"
"ru","NGN","Найра","Нигерийская найра"
"ru","NIO","Золотая кордоба","Никарагуанская золотая кордоба"
"ru","NLG","Гульден","Нидерландский гульден (старый --> EUR)"
"ru","NOK","Норвежская крона","Норвежская крона"
"ru","NPR","Рупия","Непальская рупия"
"ru","NZD","Новозел. доллар","Новозеландский доллар"
"ru","OMR","Оманский риал","Оманский риал"
"ru","PAB","Бальбоа","Панамский бальбоа"
"ru","PEN","Новый соль","Перуанский новый соль"
"ru","PGK","Кина","Кина Папуа-Новой Гвинеи"
"ru","PHP","Песо","Филиппинское песо"
"ru","PKR","Рупия","Пакистанская рупия"
"ru","PLN","Злотый","Польский злотый (новый)"
"ru","PTE","Эскудо","Португальский эскудо (старый --> EUR)"
"ru","PYG","Гуарани","Парагвайский гуарани"
"ru","QAR","Риал","Катарский риал"
"ru","ROL","Лей (старый)","Румынский лей (старый)"
"ru","RON","Лей","Румынский лей"
"ru","RSD","Сербский динар","Сербский динар"
"ru","RUB","Рубль","Российский рубль"
"ru","RWF","Франк","Франк Руанды"
"ru","SAR","Риал","Саудовский риял"
"ru","SBD","Доллар Сол. о-в","Доллар Соломоновых островов"
"ru","SCR","Рупия","Сейшельская рупия"
"ru","SDD","Динар","Суданский динар (старый)"
"ru","SDG","Фунт","Суданский фунт"
"ru","SDP","Фунт","Суданский фунт (до 1992 г.)"
"ru","SEK","Шведская крона","Шведская крона"
"ru","SGD","Синг. доллар","Сингапурский доллар"
"ru","SHP","Фунт о-ва С.Е.","Фунт острова Святой Елены"
"ru","SIT","Толар","Словенский толар (старый --> EUR)"
"ru","SKK","Крона","Словацкая крона (старая --> EUR)"
"ru","SLL","Леоне","Леоне Сьерра-Леоне"
"ru","SOS","Шиллинг","Сомалийский шиллинг"
"ru","SRD","Суринам. доллар","Суринамский доллар"
"ru","SRG","Суринамский гульден","Суринамский гульден (старый)"
"ru","SSP","Фунт","Южносуданский фунт"
"ru","STD","Добра","Добра Сан-Томе и Принсипи"
"ru","SVC","Колон","Сальвадорский колон"
"ru","SZL","Лилангени","Свазилендский лилангени"
"ru","THB","Бат","Таиландский бат"
"ru","TJR","Рубль","Таджикистанский рубль (старый)"
"ru","TJS","Сомони","Таджикистанский сомони"
"ru","TMM","Манат (старый)","Туркменский манат (старый)"
"ru","TMT","Манат","Туркменский манат"
"ru","TND","Динар","Тунисский динар"
"ru","TOP","Паанга","Тонганская паанга"
"ru","TPE","Тиморский эскудо","Тиморский эскудо --> USD"
"ru","TRL","Лира (старая)","Турецкая лира (старая)"
"ru","TRY","Лира","Турецкая лира"
"ru","TTD","Доллар Тр. и Т.","Доллар Тринидада и Тобаго"
"ru","TWD","Доллар","Новый тайваньский доллар"
"ru","TZS","Шиллинг","Танзанийский шиллинг"
"ru","UAH","Гривна","Украинская гривна"
"ru","UGX","Шиллинг","Угандийский шиллинг"
"ru","USD","Доллар США","Доллар США"
"ru","UYU","Песо","Уругвайское песо"
"ru","UZS","Всего","Узбекский сум"
"ru","VEB","Боливар (старый)","Венесуэльский боливар (старый)"
"ru","VEF","Боливар","Венесуэльский боливар"
"ru","VES","Боливар","Венесуэльский боливар"
"ru","VND","Донг","Вьетнамский донг"
"ru","VUV","Вату","Вату Вануату"
"ru","WST","Тала","Тала Самоа"
"ru","XAF","Франк КФА ВЕАС","Франк КФА BEAC (Габон)"
"ru","XCD","Доллар","Восточно-карибский доллар"
"ru","XEU","ЭКЮ","Европейская валютная единица (ЭКЮ)"
"ru","XOF","Франк КФА ВСЕАО","Франк КФА BCEAO (Бенин)"
"ru","XPF","Фр. тих. франк","Французский тихоокеанский франк"
"ru","YER","Йеменский риал","Йеменский риал"
"ru","YUM","Новый динар","Новый югославский динар (старый)"
"ru","ZAR","Рэнд","Южноафриканский рэнд"
"ru","ZMK","Квача","Замбийская квача (старая)"
"ru","ZMW","Квача","Замбийская квача (новая)"
"ru","ZRN","Заир","Заир (старый)"
"ru","ZWD","Доллар Зимбабве","Доллар Зимбабве (старый)"
"ru","ZWL","Доллар Зимбабве","Доллар Зимбабве (новый)"
"ru","ZWN","Доллар Зимбабве","Доллар Зимбабве (старый)"
"ru","ZWR","Доллар Зимбабве","Доллар Зимбабве (старый)"