locale,code,name,descr
"sk","ADP","Peseta","Andorran Peseta --> (staré --> EUR)"
"sk","AED","Dirham","United Arab Emirates Dirham"
"sk","AFA","Afghani","Afghani (staré)"
"sk","AFN","Afghani","Afghani"
"sk","ALL","Lek","Albanian Lek"
"sk","AMD","Dram","Armenian Dram"
"sk","ANG","W.Ind.Guilder","Západoindický gulden"
"sk","AOA","Kwansa","Angolan Kwanza"
"sk","AON","New Kwanza","Angolan New Kwanza (staré)"
"sk","AOR","Kwanza Reajust.","Angolan Kwanza Reajustado (staré)"
"sk","ARS","Arg. Peso","Argentine Peso"
"sk","ATS","Šiling","Rakúsky šiling (staré --> EUR)"
"sk","AUD","Austr. Dollar","Austrálsky dolár"
"sk","AWG","Arubský florin","Arubský florin"
"sk","AZM","Manat","Azerbajdžanský manat (starý)"
"sk","AZN","Manat","azerbajdžanský manat"
"sk","BAM","Convert. Mark","Bosnia and Herzegovina Convertible Mark"
"sk","BBD","Dolár","Barbados Dollar"
"sk","BDT","Taka","Bangladesh Taka"
"sk","BEF","belgický frank","Belgický frank (starý --> EUR)"
"sk","BGN","Lev","Bulgarian Lev"
"sk","BHD","Dinár","bahrajnský dinár"
"sk","BIF","Burundi Franc","Burundi Franc"
"sk","BMD","Bermudan Dollar","Bermudan Dollar"
"sk","BND","Dolár","Brunei Dollar"
"sk","BOB","Boliviano","Boliviano"
"sk","BRL","Real","Brazilian Real"
"sk","BSD","Dolár","Bahaman Dollar"
"sk","BTN","Ngultrum","Bhutan Ngultrum"
"sk","BWP","Pula","Botswana Pula"
"sk","BYB","Bielorus.rubeľ","Bieloruský rubeľ (starý)"
"sk","BYN","Bielorus.rubeľ-nový","Bieloruský rubeľ (nový)"
"sk","BYR","Rubeľ","Bieloruský rubeľ"
"sk","BZD","Dolár","Belize Dollar"
"sk","CAD","Canadian Dollar","Canadian Dollar"
"sk","CDF","Congolese Franc","Congolese Franc"
"sk","CHF","Swiss Franc","Swiss Franc"
"sk","CLP","Peso","Chilean Peso"
"sk","CNY","Renminbi","Čínsky renminbi"
"sk","COP","Peso","Colombian Peso"
"sk","CRC","Cost.Rica Colon","Costa Rica Colon"
"sk","CSD","Serbian Dinar","Serbian Dinar (starý)"
"sk","CUC","Peso Convertib.","Peso Convertible"
"sk","CVE","Escudo","Cape Verde Escudo"
"sk","CYP","Cyprus Pound","Cyprus Pound  (stará --> EUR)"
"sk","CZK","Krona","Czech Krona"
"sk","DEM","nemecká marka","Nemecká marka    (stará --> EUR)"
"sk","DJF","Djibouti Franc","Djibouti Franc"
"sk","DKK","Danish Krone","Danish Krone"
"sk","DOP","Dominican Peso","Dominican Peso"
"sk","DZD","Dinár","Algerian Dinar"
"sk","ECS","Sucre","Ecuadorian Sucre (starý --> USD)"
"sk","EEK","Krona","Estonian Krone (stará --> EUR)"
"sk","EGP","Pound","Egyptian Pound"
"sk","ERN","Nakfa","Eritrean Nafka"
"sk","ESP","Peseta","Španielska peseta (stará --> EUR)"
"sk","ETB","Birr","Ethiopian Birr"
"sk","EUR","Euro","European Euro"
"sk","FIM","fínska marka","Fínska marka (stará --> EUR)"
"sk","FJD","Dolár","Fiji Dollar"
"sk","FKP","Falkland Pound","Falkland Pound"
"sk","FRF","francúzsky frank","Francúzsky frank (starý --> EUR)"
"sk","GBP","Pound","British Pound"
"sk","GEL","Lari","Georgian Lari"
"sk","GHC","Cedi","Ghanaian Cedi (starý)"
"sk","GHS","Cedi","Ghanian Cedi"
"sk","GIP","Gibraltar Pound","Gibraltar Pound"
"sk","GMD","Dalasi","Gambian Dalasi"
"sk","GNF","Frank","Guinean Franc"
"sk","GRD","Drachma","Grécka drachma (stará --> EUR)"
"sk","GTQ","Quetzal","Guatemalan Quetzal"
"sk","GWP","Guinejské peso","Guinejské peso (staré --> SHP)"
"sk","GYD","Guyana Dollar","Guyana Dollar"
"sk","HKD","H.K.Dollar","Hong Kong Dollar"
"sk","HNL","Lempira","Honduran Lempira"
"sk","HRK","Kuna","Chorvátska kuna (stará --> EUR)"
"sk","HTG","Gourde","Haitian Gourde"
"sk","HUF","Forint","Hungarian Forint"
"sk","IDR","Rupia","Indonesian Rupiah"
"sk","IEP","Írsky punt","Írsky punt (starý --> EUR)"
"sk","ILS","Šekel","Izraelský šekel"
"sk","INR","Rupia","Indian Rupee"
"sk","IQD","Dinár","Iraqui Dinar"
"sk","ISK","Krona","Iceland Krona"
"sk","ITL","Líra","Talianska líra (stará --> EUR)"
"sk","JMD","Jamaican Dollar","Jamaican Dollar"
"sk","JOD","Jordanian Dinar","Jordanian Dinar"
"sk","JPY","Yen","Japanese Yen"
"sk","KES","Šiling","Kenyan Shilling"
"sk","KGS","Som","Kyrgyzstan Som"
"sk","KHR","Riel","Cambodian Riel"
"sk","KMF","Comoros Franc","Comoros Franc"
"sk","KRW","S.Korean Won","South Korean Won"
"sk","KWD","Dinár","Kuwaiti Dinar"
"sk","KYD","Cayman Dollar","Cayman Dollar"
"sk","KZT","Tenge","Kazakh Tenge"
"sk","LAK","Kip","Laotian Kip"
"sk","LBP","Lebanese Pound","Lebanese Pound"
"sk","LKR","Sri Lanka Rupee","Sri Lankan Rupee"
"sk","LRD","Liberian Dollar","Liberian Dollar"
"sk","LSL","Loti","Lesothský loti"
"sk","LTL","Lita","Litovská lita"
"sk","LUF","Luxemb.frank","Luxemburský frank (starý --> EUR)"
"sk","LVL","Lat","Latvian Lat"
"sk","LYD","Libyan Dinar","Libyan Dinar"
"sk","MAD","Dirham","Moroccan Dirham"
"sk","MDL","Leu","Moldavian Leu"
"sk","MGA","Madagasc.Ariary","Madagascan Ariary"
"sk","MGF","Madagascan Fr.","Madagascan Franc (starý"
"sk","MKD","Maced. Denar","Macedonian Denar"
"sk","MMK","Kyat","Myanmar Kyat"
"sk","MNT","Tugrik","Mongolian Tugrik"
"sk","MOP","Pataca","Macao Pataca"
"sk","MRO","Ouguiya","Mauritanian Ouguiya"
"sk","MRU","Ouguiya","Mauritanian Ouguiya"
"sk","MTL","Lira","Maltská líra (stará --> EUR)"
"sk","MUR","Rupia","Mauritian Rupee"
"sk","MVR","Rufiyaa","maldivská rupia"
"sk","MWK","Malawi Kwacha","Malawi Kwacha"
"sk","MXN","Peso","Mexican Pesos"
"sk","MYR","Ringgit","Malaysian Ringgit"
"sk","MZM","Metical","Mozambique Metical (starý)"
"sk","MZN","Metical","Mozambique Metical"
"sk","NAD","Namibian Dollar","Namibian Dollar"
"sk","NGN","Naira","Nigerian Naira"
"sk","NIO","Cordoba Oro","Nicaraguan Cordoba Oro"
"sk","NLG","Gulden","Holandský gulden (starý --> EUR)"
"sk","NOK","Norwegian Krone","Norwegian Krone"
"sk","NPR","Rupia","Nepalese Rupee"
"sk","NZD","N.Zeal.Dollars","New Zealand Dollars"
"sk","OMR","Ománsky rial","Ománsky rial"
"sk","PAB","Balboa","Panamanian Balboa"
"sk","PEN","New Sol","Peruvian New Sol"
"sk","PGK","Kina","Papua New Guinea Kina"
"sk","PHP","Peso","Philippine Peso"
"sk","PKR","Rupia","Pakistani Rupee"
"sk","PLN","Zlotý","Poľský zlotý (nový)"
"sk","PTE","Escudo","Portugalské escudo (staré --> EUR)"
"sk","PYG","Guarani","Paraguayan Guarani"
"sk","QAR","Rial","Qatar Rial"
"sk","ROL","Leu (starý)","Rumunský leu (starý)"
"sk","RON","Leu","Romanian Leu"
"sk","RSD","Serbian Dinar","Serbian Dinar"
"sk","RUB","Rubeľ","Russian Ruble"
"sk","RWF","Frank","Rwandan Franc"
"sk","SAR","Rial","Saudi Riyal"
"sk","SBD","Sol.Isl.Dollar","Solomon Islands Dollar"
"sk","SCR","Rupia","Seychelles Rupee"
"sk","SDD","Dinár","Sudánsky dinár (starý)"
"sk","SDG","Pound","Sudanese Pound"
"sk","SDP","Pound","Sudánska libra (do roku 1992)"
"sk","SEK","Swedish Krona","Swedish Krona"
"sk","SGD","Sing.Dollar","Singapore Dollar"
"sk","SHP","St.Helena Pound","St.Helena Pound"
"sk","SIT","Toliar","Slovinský toliar (starý --> EUR)"
"sk","SKK","Krona","Slovenská koruna (stará --> EUR)"
"sk","SLL","Leone","Sierra Leone Leone"
"sk","SOS","Šiling","Somalian Shilling"
"sk","SRD","Surinam Dollar","Surinam Dollar"
"sk","SRG","Surinamský gulden","Surinamský gulden (starý)"
"sk","SSP","Pound","South Sudanese Pound"
"sk","STD","Dobra","Sao Tome / Principe Dobra"
"sk","SVC","Colon","El Salvador Colon"
"sk","SZL","Lilangeni","Swaziland Lilangeni"
"sk","THB","Baht","Thailand Baht"
"sk","TJR","Rubeľ","Tadžický rubeľ (starý)"
"sk","TJS","Somoni","Tajikistani Somoni"
"sk","TMM","Manat (starý)","Turkménsky manat (starý)"
"sk","TMT","Manat","Turkmenistani Manat"
"sk","TND","Dinár","Tunisian Dinar"
"sk","TOP","Pa'anga","Tongan Pa'anga"
"sk","TPE","Timor Escudo","Timor Escudo --> USD"
"sk","TRL","Líra (stará)","Turecká líra (stará)"
"sk","TRY","Lira","Turkish Lira"
"sk","TTD","T.+ T. Dollar","Trinidad and Tobago Dollar"
"sk","TWD","Dolár","New Taiwan Dollar"
"sk","TZS","Šiling","Tanzanian Shilling"
"sk","UAH","Hryvnia","Ukraine Hryvnia"
"sk","UGX","Šiling","Ugandan Shilling"
"sk","USD","US Dollar","United States Dollar"
"sk","UYU","Peso","Uruguayan Peso"
"sk","UZS","Celkom","Uzbekistan Som"
"sk","VEB","Bolivar (starý)","Venezuelský bolivar (starý)"
"sk","VEF","Bolivar","Venezuelan Bolivar"
"sk","VES","Bolivar","Venezuelan Bolivar"
"sk","VND","Dong","Vietnamský dong"
"sk","VUV","Vatu","Vanuatu Vatu"
"sk","WST","Tala","Samoan Tala"
"sk","XAF","CFA Franc BEAC","Gabon CFA Franc BEAC"
"sk","XCD","Dolár","východokaribský dolár"
"sk","XEU","E.C.U.","Európska menová jednotka (E.C.U.)"
"sk","XOF","CFA Franc BCEAO","Beninský frank CFA BCEAO"
"sk","XPF","Fr. Franc (Pac)","Francúzsky frank (Tichomorské ostrovy)"
"sk","YER","Jemenský rial","Jemenský rial"
"sk","YUM","Nový dinár","Nový juhoslovanský dinár (starý)"
"sk","ZAR","Rand","Juhoafrický rand"
"sk","ZMK","Kwacha","Zambijská kwacha (stará)"
"sk","ZMW","Kwacha","Zambijská kwacha (nová)"
"sk","ZRN","Zaire","Zaire (staré)"
"sk","ZWD","Zimbabwe Dollar","Zimbabwiansky dolár (starý)"
"sk","ZWL","Zimbabwe Dollar","Zimbabwiansky dolár (nový)"
"sk","ZWN","Zimbabwe Dollar","Zimbabwiansky dolár (starý)"
"sk","ZWR","Zimbabwe Dollar","Zimbabwiansky dolár (starý)"