locale,code,name,descr
"cs","ADP","peseta","andorská peseta --> (stará --> EUR)"
"cs","AED","dirham","dirham SAE"
"cs","AFA","afghání","afghání (starý)"
"cs","AFN","afghání","afghání"
"cs","ALL","lek","albánský lek"
"cs","AMD","dram","arménský dram"
"cs","ANG","záp.ind. gulden","západoindický gulden"
"cs","AOA","kwanza","angolská kwanza"
"cs","AON","nová kwanza","angolská nová kwanza (stará)"
"cs","AOR","kwanza reajust.","angolská kwanza reajustado (stará)"
"cs","ARS","arg. peso","argentinské peso"
"cs","ATS","šilink","rakouský šilink (starý --> EUR)"
"cs","AUD","austral. dolar","australský dolar"
"cs","AWG","arubský florin","arubský florin"
"cs","AZM","manat","ázerbájdžánský manat (starý)"
"cs","AZN","manat","ázerbájdžánský manat"
"cs","BAM","konvert. marka","bosensko-hercegovin. konvertibilní marka"
"cs","BBD","dolar","barbados. dolar"
"cs","BDT","taka","bangladéš. taka"
"cs","BEF","belgický frank","belgický frank (starý --> EUR)"
"cs","BGN","lev","bulharský lev"
"cs","BHD","dinár","bahrajnský dinár"
"cs","BIF","burundský frank","burundský frank"
"cs","BMD","bermudský dolar","bermudský dolar"
"cs","BND","dolar","brunejský dolar"
"cs","BOB","boliviano","boliviano"
"cs","BRL","real","brazilský real"
"cs","BSD","dolar","bahamský dolar"
"cs","BTN","ngultrum","bhútán.ngultrum"
"cs","BWP","pula","botswanská pula"
"cs","BYB","běloruský rubl","běloruský rubl (starý)"
"cs","BYN","bělorus. rubl n.","běloruský rubl (nový)"
"cs","BYR","rubl","běloruský rubl"
"cs","BZD","dolar","belizský dolar"
"cs","CAD","kanadský dolar","kanadský dolar"
"cs","CDF","konžský frank","konžský frank"
"cs","CHF","švýcarský frank","švýcarský frank"
"cs","CLP","peso","chilské peso"
"cs","CNY","renminbi","čínské renminbi"
"cs","COP","peso","kolumbijské peso"
"cs","CRC","kostaric. colón","kostarický colón"
"cs","CSD","srbský dinár","srbský dinár (starý)"
"cs","CUC","konvertib. peso","konvertibilní peso"
"cs","CVE","escudo","kapverdské escudo"
"cs","CYP","kyperská libra","kyperská libra (stará --> EUR)"
"cs","CZK","koruna","česká koruna"
"cs","DEM","německá marka","německá marka (stará --> EUR)"
"cs","DJF","džibutský frank","džibutský frank"
"cs","DKK","dánská koruna","dánská koruna"
"cs","DOP","dominikán. peso","dominikánské peso"
"cs","DZD","dinár","alžírský dinár"
"cs","ECS","sucre","ekvádorský sucre (starý --> USD)"
"cs","EEK","koruna","estonská koruna (stará --> EUR)"
"cs","EGP","libra","egyptská libra"
"cs","ERN","nakfa","eriterj. nakfa"
"cs","ESP","peseta","španělská peseta --> (stará --> EUR)"
"cs","ETB","birr","etiopský birr"
"cs","EUR","euro","evropské euro"
"cs","FIM","finská marka","finská marka (stará --> EUR)"
"cs","FJD","dolar","fidžijský dolar"
"cs","FKP","falkland. libra","falklandská libra"
"cs","FRF","francouzský frank","francouzský frank (starý --> EUR)"
"cs","GBP","libra","britská libra"
"cs","GEL","lari","gruzínské lari"
"cs","GHC","cedi","ghanský cedi (starý)"
"cs","GHS","cedi","ghanský cedi"
"cs","GIP","gibraltar.libra","gibraltarská libra"
"cs","GMD","dalasi","gambijský dalasi"
"cs","GNF","frank","guinejský frank"
"cs","GRD","drachma","řecká drachma (stará --> EUR)"
"cs","GTQ","quetzal","guatemalský quetzal"
"cs","GWP","guinejské peso","guinejské peso (staré --> SHP)"
"cs","GYD","guyanský dolar","guyanský dolar"
"cs","HKD","H.K.dolar","hongkongský dolar"
"cs","HNL","lempira","honduraská lempira"
"cs","HRK","kuna","chorvatská kuna (staré --> EUR)"
"cs","HTG","gourde","haitský gourde"
"cs","HUF","forint","maďarský forint"
"cs","IDR","rupie","indonéská rupie"
"cs","IEP","irská libra","irská libra (stará --> EUR)"
"cs","ILS","šekel","izraelský šekel"
"cs","INR","rupie","indická rupie"
"cs","IQD","dinár","irácký dinár"
"cs","ISK","koruna","islandská koruna"
"cs","ITL","lira","italská lira (stará --> EUR)"
"cs","JMD","jamajský dolar","jamajský dolar"
"cs","JOD","jordánský dinár","jordánský dinár"
"cs","JPY","jen","japonský jen"
"cs","KES","šilink","keňský šilink"
"cs","KGS","som","kyrgyzský som"
"cs","KHR","riel","kambodžský riel"
"cs","KMF","komorský frank","komorský frank"
"cs","KRW","severokor. won","jihokorejský won"
"cs","KWD","dinár","kuvajtský dinár"
"cs","KYD","kajmanský dolar","kajmanský dolar"
"cs","KZT","tenge","kazašský tenge"
"cs","LAK","kip","laoský kip"
"cs","LBP","libanon. libra","libanonská libra"
"cs","LKR","srílanská rupie","srílanská rupie"
"cs","LRD","liberij. dolar","liberijský dolar"
"cs","LSL","loti","lesothský loti"
"cs","LTL","lita","litevská lita"
"cs","LUF","luc. frank","lucemburský frank (starý --> EUR)"
"cs","LVL","lat","lotyšský lat"
"cs","LYD","libyjský dinár","libyjský dinár"
"cs","MAD","dirham","marocký dirham"
"cs","MDL","leu","moldavský leu"
"cs","MGA","madagask.ariary","madagaskarský ariary"
"cs","MGF","madagas. frank","madagaskarský franky (starý)"
"cs","MKD","makedon. denár","makedonský denár"
"cs","MMK","kyat","myanmarský kyat"
"cs","MNT","tugrik","mongolský tugrik"
"cs","MOP","pataca","makajská pataca"
"cs","MRO","ouguiya","mauretánská ouguiya"
"cs","MRU","ouguiya","mauretánská ouguiya"
"cs","MTL","lira","maltézská lira (stará --> EUR)"
"cs","MUR","rupie","mauricijská rupie"
"cs","MVR","rupie","maledivská rupie"
"cs","MWK","malawis. kwacha","malawiská kwacha"
"cs","MXN","peso","mexické peso"
"cs","MYR","ringgit","malajsijský ringgit"
"cs","MZM","metical","mozambický metical (starý)"
"cs","MZN","metical","mozambický metical"
"cs","NAD","namibij. dolar","namibijský dolar"
"cs","NGN","naira","nigerijská naira"
"cs","NIO","nikaragujská córdoba","zlatá nikaragujská córdoba"
"cs","NLG","gulden","nizozemský gulden (starý --> EUR)"
"cs","NOK","norská koruna","norská koruna"
"cs","NPR","rupie","nepálská rupie"
"cs","NZD","novozél. dolar","novozélandský dolar"
"cs","OMR","ománský riál","ománský riál"
"cs","PAB","balboa","panamská balboa"
"cs","PEN","nový sol","peruánský nový sol"
"cs","PGK","kina","papujsko-guinejská kina"
"cs","PHP","peso","filipínské peso"
"cs","PKR","rupie","pákistánská rupie"
"cs","PLN","zlotý","polský zlotý (nový)"
"cs","PTE","escudo","portugalské escudo (staré --> EUR)"
"cs","PYG","guaraní","paraguayské guaraní"
"cs","QAR","riál","katarský riál"
"cs","ROL","leu (staré)","rumunský leu (staré)"
"cs","RON","leu","rumunské leu"
"cs","RSD","srbský dinár","srbský dinár"
"cs","RUB","rubl","ruský rubl"
"cs","RWF","frank","rwandský frank"
"cs","SAR","riál","saúdský riál"
"cs","SBD","šalam. dolar","šalamounský dolar"
"cs","SCR","rupie","seychelská rupie"
"cs","SDD","dinár","súdanský dinár (starý)"
"cs","SDG","libra","súdánská libra"
"cs","SDP","libra","súdánská libra (do 1992)"
"cs","SEK","švédská koruna","švédská koruna"
"cs","SGD","sing. dolar","singapurský dolar"
"cs","SHP","svatohel. libra","svatohelenská libra"
"cs","SIT","tolar","slovinský tolar (starý --> EUR)"
"cs","SKK","koruna","slovenská koruna (stará --> EUR)"
"cs","SLL","leone","sierra-leonský leone"
"cs","SOS","šilink","somálský šilink"
"cs","SRD","surinam. dolar","surinamský dolar"
"cs","SRG","surinamský gulden","surinamský gulden (starý)"
"cs","SSP","libra","jihosúdánská libra"
"cs","STD","dobra","dobra - Sv. Tomáš a Princův o."
"cs","SVC","colón","salvadorský colón"
"cs","SZL","lilangeni","swazijsky lilangeni"
"cs","THB","baht","thajský baht"
"cs","TJR","rubl","tádžický rubl (starý)"
"cs","TJS","somoni","tádžický somoni"
"cs","TMM","manat (starý)","turkménský manat (starý)"
"cs","TMT","manat","turkmenský manat"
"cs","TND","dinár","tuniský dinár"
"cs","TOP","pa'anga","tonžská pa'anga"
"cs","TPE","timorské escudo","timorské escudo --> USD"
"cs","TRL","lira (stará)","turecká lira (stará)"
"cs","TRY","lira","turecká lira"
"cs","TTD","dolar trin.tob.","dolar Trinidadu a Tobaga"
"cs","TWD","dolar","nový tchajwanský dolar"
"cs","TZS","šilink","tanzanský šilink"
"cs","UAH","hřivna","ukrajinská hřivna"
"cs","UGX","šilink","ugandský šilink"
"cs","USD","US dolar","americký dolar"
"cs","UYU","peso","uruguayské peso"
"cs","UZS","sum","uzbecký sum"
"cs","VEB","bolívar (starý)","venezuelský bolívar (starý)"
"cs","VEF","bolívar","venezuelský bolívar"
"cs","VES","bolívar","venezuelský bolívar"
"cs","VND","dong","vietnamský dong"
"cs","VUV","vatu","vanuatský vatu"
"cs","WST","tala","samojská tala"
"cs","XAF","CFA frank BEAC","gabonský frank CFA BEAC"
"cs","XCD","dolar","východokaribský dolar"
"cs","XEU","E.C.U.","European Currency Unit (E.C.U.)"
"cs","XOF","CFA frank BCEAO","beninský frank CFA BCEAO"
"cs","XPF","fr. frank (Pac.)","francouzský frank (Pacifické ostrovy)"
"cs","YER","jemenský riál","jemenský riál"
"cs","YUM","nový dinár","nový jugoslávský dinár (starý)"
"cs","ZAR","rand","jihoafrický rand"
"cs","ZMK","kwacha","zambijská kwacha (stará)"
"cs","ZMW","kwacha","zambijská kwacha (nová)"
"cs","ZRN","zaire","zaire (staré)"
"cs","ZWD","zimbabw. dolar","zimbabwský dolar (starý)"
"cs","ZWL","zimbabw. dolar","zimbabwský dolar (nový)"
"cs","ZWN","zimbabw. dolar","zimbabwský dolar (starý)"
"cs","ZWR","zimbabw. dolar","zimbabwský dolar (starý)"