locale,code,name,descr
"fr","ADP","Peseta","Peseta andorrane --> (ancien --> EUR)"
"fr","AED","Dirham","Dirham des Émirats arabes unis"
"fr","AFA","Afghani","Afghani (ancien)"
"fr","AFN","Afghani","Afghani"
"fr","ALL","Lek","Lek albanais"
"fr","AMD","Dram","Dram arménien"
"fr","ANG","Florin Ant. néérl.","Florin des Antilles néerlandaises"
"fr","AOA","Kwanza","Kwanza angolais"
"fr","AON","Nouveau kwanza","Nouveau kwanza angolais (ancien)"
"fr","AOR","Kwanza réajusté","Kwanza angolais réajusté (ancien)"
"fr","ARS","Peso arg.","Peso argentin"
"fr","ATS","Shilling","Shilling autrichien (ancien --> EUR)"
"fr","AUD","Dollar austr.","Dollar australien"
"fr","AWG","Florin arubais","Florin arubais"
"fr","AZM","Manat","Manat azerbaïdjanais (ancien)"
"fr","AZN","Manat","Manat azerbaïdjanais"
"fr","BAM","Mark convert.","Mark convertible de Bosnie-Herzégovine"
"fr","BBD","Dollar","Dollar de la Barbade"
"fr","BDT","Taka","Taka bangladais"
"fr","BEF","Franc belge","Franc belge (ancien --> EUR)"
"fr","BGN","Lev","Lev bulgare"
"fr","BHD","Dinar","Dinar bahreïni"
"fr","BIF","Franc burundais","Franc burundais"
"fr","BMD","Dollar bermudien","Dollar bermudien"
"fr","BND","Dollar","Dollar de Brunei"
"fr","BOB","Boliviano","Boliviano"
"fr","BRL","Réal","Réal brésilien"
"fr","BSD","Dollar","Dollar bahaméen"
"fr","BTN","Ngultrum","Ngultrum du Bhoutan"
"fr","BWP","Pula","Pula botswanais"
"fr","BYB","Rouble biélor.","Rouble biélorusse (ancienne)"
"fr","BYN","Nv. rouble biélor.","Rouble biélorusse (nouveau)"
"fr","BYR","Rouble","Rouble biélorusse"
"fr","BZD","Dollar","Dollar belizien"
"fr","CAD","Dollar canadien","Dollar canadien"
"fr","CDF","Franc congolais","Franc congolais"
"fr","CHF","Franc suisse","Franc suisse"
"fr","CLP","Peso","Peso chilien"
"fr","CNY","Yuan","Yuan chinois"
"fr","COP","Peso","Peso colombien"
"fr","CRC","Colon costar.","Colon costaricain"
"fr","CSD","Dinar serbe","Dinar serbe (ancien)"
"fr","CUC","Peso convert.","Peso convertible"
"fr","CVE","Escudo","Escudo cap-verdien"
"fr","CYP","Livre chypriote","Livre chypriote (ancien --> EUR)"
"fr","CZK","Couronne","Couronne tchèque"
"fr","DEM","Mark allemand","Mark allemand (ancien --> EUR)"
"fr","DJF","Franc de Djibouti","Franc de Djibouti"
"fr","DKK","Couronne danoise","Couronne danoise"
"fr","DOP","Peso dominicain","Peso dominicain"
"fr","DZD","Dinar","Dinar algérien"
"fr","ECS","Sucre","Sucre équatorien (ancien --> USD)"
"fr","EEK","Couronne","Couronne estonienne (ancien --> EUR)"
"fr","EGP","Livre","Livre égyptienne"
"fr","ERN","Nakfa","Nakfa érythréen"
"fr","ESP","Peseta","Peseta espagnole (ancien --> EUR)"
"fr","ETB","Birr","Birr éthiopien"
"fr","EUR","Euro","Euro européen"
"fr","FIM","Mark finlandais","Mark finlandais (ancien --> EUR)"
"fr","FJD","Dollar","Dollar fidjien"
"fr","FKP","Livre Îles Mal.","Livre des Îles Malouines"
"fr","FRF","Franc français","Franc français (ancien --> EUR)"
"fr","GBP","Livre","Livre britannique"
"fr","GEL","Lari","Lari géorgien"
"fr","GHC","Cedi","Cédi ghanéen (ancien)"
"fr","GHS","Cedi","Cédi ghanéen"
"fr","GIP","Livre Gibraltar","Livre de Gibraltar"
"fr","GMD","Dalasi","Dalasi gambien"
"fr","GNF","Franc","Franc guinéen"
"fr","GRD","Drachme","Drachme grecque (ancien --> EUR)"
"fr","GTQ","Quetzal","Quetzal guatémaltèque"
"fr","GWP","Peso guinéen","Peso guinéen (ancien --> SHP)"
"fr","GYD","Dollar guyanien","Dollar guyanien"
"fr","HKD","Dollar Hong K.","Dollar de Hong Kong"
"fr","HNL","Lempira","Lempira hondurien"
"fr","HRK","Kuna","Kuna croate (ancien --> EUR)"
"fr","HTG","Gourde","Gourde haïtienne"
"fr","HUF","Forint","Forint hongrois"
"fr","IDR","Roupie","Roupie indonésienne"
"fr","IEP","Livre irlandaise","Livre irlandaise (ancien --> EUR)"
"fr","ILS","Shekel","Shekel israélien"
"fr","INR","Roupie","Roupie indienne"
"fr","IQD","Dinar","Dinar irakien"
"fr","ISK","Couronne","Couronne islandaise"
"fr","ITL","Lire","Lire italienne (ancien --> EUR)"
"fr","JMD","Dollar jamaïcain","Dollar jamaïcain"
"fr","JOD","Dinar jordanien","Dinar jordanien"
"fr","JPY","Yen","Yen japonais"
"fr","KES","Shilling","Shilling kényan"
"fr","KGS","Som","Som kirghize"
"fr","KHR","Riel","Riel cambodgien"
"fr","KMF","Franc comorien","Franc comorien"
"fr","KRW","Won s.-coréen","Won sud-coréen"
"fr","KWD","Dinar","Dinar koweïtien"
"fr","KYD","Doll. Îles Cam.","Dollar des Îles Caïmans"
"fr","KZT","Tenge","Tenge kazakh"
"fr","LAK","Kip","Kip laotien"
"fr","LBP","Livre libanaise","Livre libanaise"
"fr","LKR","Roupie srilank.","Roupie de Sri Lanka"
"fr","LRD","Dollar libérien","Dollar libérien"
"fr","LSL","Loti","Loti du Lesotho"
"fr","LTL","Litas","Litas"
"fr","LUF","Litas lituanien","Franc luxembourgeois (ancien --> EUR)"
"fr","LVL","Lats","Lats letton"
"fr","LYD","Dinar libyen","Dinar libyen"
"fr","MAD","Dirham","Dirham marocain"
"fr","MDL","Leu","Leu moldave"
"fr","MGA","Ariary malgache","Ariary malgache"
"fr","MGF","Franc de Madagascar","Franc de Madagascar (ancien)"
"fr","MKD","Denar macédon.","Denar macédonien"
"fr","MMK","Kyat","Kyat de Myanmar"
"fr","MNT","Tugrik","Tugrik de Mongolie"
"fr","MOP","Pataca","Pataca de Macao"
"fr","MRO","Ouguiya","Ouguiya mauritanienne"
"fr","MRU","Ouguiya","Ouguiya mauritanienne"
"fr","MTL","Lire","Lire maltaise (ancien --> EUR)"
"fr","MUR","Roupie","Roupie mauricienne"
"fr","MVR","Rufiyaa","Rufiyaa maldivien"
"fr","MWK","Kwacha malawite","Kwacha malawite"
"fr","MXN","Peso","Peso mexicain"
"fr","MYR","Ringgit","Ringgit malaisien"
"fr","MZM","Metical","Metical mozambicain (ancien)"
"fr","MZN","Metical","Metical mozambicain"
"fr","NAD","Dollar namibien","Dollar namibien"
"fr","NGN","Naira","Naira nigérian"
"fr","NIO","Cordoba d'or","Cordoba d'or nicaraguayen"
"fr","NLG","Florin","Florin néerlandais (ancien --> EUR)"
"fr","NOK","Couronne norvégienne","Couronne norvégienne"
"fr","NPR","Roupie","Roupie népalaise"
"fr","NZD","Dollars néo-z.","Dollars néo-zélandais"
"fr","OMR","Rial omanais","Rial omanais"
"fr","PAB","Balboa","Balboa panaméen"
"fr","PEN","Nouveau sol","Nouveau sol péruvien"
"fr","PGK","Kina","Kina Papouasie-Nouvelle-Guinée"
"fr","PHP","Peso","Peso philippin"
"fr","PKR","Roupie","Roupie pakistanaise"
"fr","PLN","Zloty","Zloty polonais (nouveau)"
"fr","PTE","Escudo","Escudo portugais (ancien --> EUR)"
"fr","PYG","Guarani","Guarani paraguayen"
"fr","QAR","Riyal","Riyal qatari"
"fr","ROL","Leu (ancien)","Leu roumain (ancien)"
"fr","RON","Leu","Leu roumain"
"fr","RSD","Dinar serbe","Dinar serbe"
"fr","RUB","Rouble","Rouble russe"
"fr","RWF","Franc","Franc rwandais"
"fr","SAR","Riyal","Riyal saoudien"
"fr","SBD","Dollar Îles Sal.","Dollar des Îles Salomon"
"fr","SCR","Roupie","Roupie seychelloise"
"fr","SDD","Dinar","Dinar soudanais (ancien)"
"fr","SDG","Livre","Livre soudanaise"
"fr","SDP","Livre","Livre soudanaise (jusqu'en 1992)"
"fr","SEK","Couronne suédoise","Couronne suédoise"
"fr","SGD","Dollar sing.","Dollar singapourien"
"fr","SHP","Livre Sainte-Hélène","Livre Sainte-Hélène"
"fr","SIT","Tolar","Tolar slovène (ancien --> EUR)"
"fr","SKK","Couronne","Couronne slovaque (ancien --> EUR)"
"fr","SLL","Leone","Leone sierra-léonais"
"fr","SOS","Shilling","Shilling somalien"
"fr","SRD","Dollar surinamien","Dollar surinamien"
"fr","SRG","Florin du Suriname","Florin du Suriname (ancien)"
"fr","SSP","Livre","Livre sud-soudanaise"
"fr","STD","Dobra","Dobra São Tomé et Príncipe"
"fr","SVC","Colon","Colon salvadorien"
"fr","SZL","Lilangeni","Lilangeni Swaziland"
"fr","THB","Baht","Baht thaïlandais"
"fr","TJR","Rouble","Rouble tadjik (ancien)"
"fr","TJS","Somoni","Somoni tadjik"
"fr","TMM","Manat (ancien)","Manat turkmène (ancien)"
"fr","TMT","Manat","Manat turkmène"
"fr","TND","Dinar","Dinar tunisien"
"fr","TOP","Pa'anga","Pa'anga tongien"
"fr","TPE","Escudo timorais","Escudo timorais --> USD"
"fr","TRL","Livre (ancien)","Livre turque (ancien)"
"fr","TRY","Livre","Livre turque"
"fr","TTD","Dollar T.-et-T.","Dollar de Trinité-et-Tobago"
"fr","TWD","Dollar","Nouveau dollar taïwanais"
"fr","TZS","Shilling","Shilling tanzanien"
"fr","UAH","Hryvnia","Hryvnia ukrainienne"
"fr","UGX","Shilling","Shilling ougandais"
"fr","USD","Dollar US","Dollar des Etats-Unis"
"fr","UYU","Peso","Peso uruguayen"
"fr","UZS","Total","Sum d'Ouzbékistan"
"fr","VEB","Bolivar (ancien)","Bolivar vénézuélien (ancien)"
"fr","VEF","Bolivar","Bolivar vénézuélien"
"fr","VES","Bolivar","Bolivar vénézuélien"
"fr","VND","Dong","Dong vietnamien"
"fr","VUV","Vatu","Vatu Vanuatu"
"fr","WST","Tala","Tala Samoa"
"fr","XAF","Franc CFA BEAC","Franc CFA BEAC Gabon"
"fr","XCD","Dollar","Dollar des Caraïbes orientales"
"fr","XEU","E.C.U.","Unité de compte européenne (E.C.U.)"
"fr","XOF","Franc CFA BCEAO","Franc CFA BCEAO Bénin"
"fr","XPF","Franc Fr. (Pac.)","Franc Français (Îles du Pacifique)"
"fr","YER","Riyal yéménite","Riyal yéménite"
"fr","YUM","Nouveau dinar","Nouveau dinar yougoslave (ancien)"
"fr","ZAR","Rand","Rand sud-africain"
"fr","ZMK","Kwacha","Kwacha zambien (ancien)"
"fr","ZMW","Kwacha","Kwacha zambien (nouveau)"
"fr","ZRN","Zaïre","Zaïre (ancien)"
"fr","ZWD","Dollar du Zimbabwe","Dollar du Zimbabwe (ancien)"
"fr","ZWL","Dollar du Zimbabwe","Dollar du Zimbabwe (nouveau)"
"fr","ZWN","Dollar du Zimbabwe","Dollar du Zimbabwe (ancien)"
"fr","ZWR","Dollar du Zimbabwe","Dollar du Zimbabwe (ancien)"