locale,code,name,descr
"ar","ADP","بيزيتا","بيستا أندوري --> (قديم --> يورو)"
"ar","AED","درهم","درهم - الإمارات العربية المتحدة"
"ar","AFA","أفغاني","أفغاني (قديم)"
"ar","AFN","أفغاني","أفغاني"
"ar","ALL","ليك","ليك ألباني"
"ar","AMD","درهم","درام أرميني"
"ar","ANG","جيلدر - جزر الهند الغربية","جيلدر - جزر الهند الغربية"
"ar","AOA","كوانزا","كوانزا أنجولي"
"ar","AON","كوانزا جديدة","كوانزا الجديدة الأنغولية (قديم)"
"ar","AOR","كوانزا المعدلة","كوانزا الأنغولية المعدلة (قديم)"
"ar","ARS","بيزو أرجنتيني","بيزو أرجنتيني"
"ar","ATS","شيلينغ","شيلينغ نمساوي (قديم --> يورو)"
"ar","AUD","دولار أسترالي","دولار أسترالي"
"ar","AWG","فلورين أروبي","فلورين أروبي"
"ar","AZM","مانات","مانات الأذربيجانية (قديم)"
"ar","AZN","مانات","مانات أذربيجان"
"ar","BAM","مارك قابل للتحويل","مارك قابل للتحويل - البوسنة والهرسك"
"ar","BBD","دولار","دولار باربادوسي"
"ar","BDT","تاكا","تاكا بنجلاديشي"
"ar","BEF","فرنك بلجيكي","فرنك بلجيكي (قديم --> يورو)"
"ar","BGN","ليف","ليف بلغاري"
"ar","BHD","دينار","دينار بحريني"
"ar","BIF","فرنك بوروندي","فرنك بوروندي"
"ar","BMD","دولار برمودي","دولار برمودي"
"ar","BND","دولار","دولار بروناي"
"ar","BOB","بوليفيانو","بوليفيانو"
"ar","BRL","ريال","ريال برازيلي"
"ar","BSD","دولار","دولار بهامي"
"ar","BTN","نجولترم","نجولترم بوتاني"
"ar","BWP","بولا","بولا - بوتسوانا"
"ar","BYB","روبل بيلاروسي","روبل بيلاروسي (قديم)"
"ar","BYN","روبل بيلاروسي - جديد","روبل بيلاروسي (جديد)"
"ar","BYR","روبل","روبل بيلاروسي"
"ar","BZD","دولار","دولار بليزي"
"ar","CAD","دولار كندي","دولار كندي"
"ar","CDF","فرنك كونغولي","فرنك كونغولي"
"ar","CHF","فرنك سويسري","فرنك سويسري"
"ar","CLP","بيزو","بيزو شيلي"
"ar","CNY","رنمينبي","رنمينبي صيني"
"ar","COP","بيزو","بيزو كولومبي"
"ar","CRC","كولون كوستاريكي","كولون كوستاريكي"
"ar","CSD","دينار صربي","دينار صربي (قديم)"
"ar","CUC","بيزو قابلة للتحويل","بيزو قابلة للتحويل"
"ar","CVE","إسكودو","إسكودو الرأس الأخضر"
"ar","CYP","جنية قبرصي","جنية قبرصي (قديم --> يورو)"
"ar","CZK","كرونة","كرونة تشيكي"
"ar","DEM","مارك ألماني","مارك ألماني    (قديم --> يورو)"
"ar","DJF","فرنك جيبوتي","فرنك جيبوتي"
"ar","DKK","كرونة دانماركية","كرونة دانماركية"
"ar","DOP","بيزو دومينيكي","بيزو دومينيكي"
"ar","DZD","دينار","دينار جزائري"
"ar","ECS","سوكر","سوكر الاكوادوري (قديم --> دولار أمريكي)"
"ar","EEK","كرونة","كرونة إستونية (قديم --> يورو)"
"ar","EGP","جنية","جنيه مصري"
"ar","ERN","ناكفا","ناكفا إيرترية"
"ar","ESP","بيزيتا","بيستا إسباني (قديم --> يورو)"
"ar","ETB","بير","بير إثيوبي"
"ar","EUR","يورو","يورو أوروبي"
"ar","FIM","ماركا فنلندي","ماركا فنلندي (قديم --> يورو)"
"ar","FJD","دولار","دولار فيجي"
"ar","FKP","جنيه فوكلاندي","جنيه فوكلاندي"
"ar","FRF","فرنك فرنسي","فرنك فرنسي (قديم --> يورو)"
"ar","GBP","جنية","جنيه بريطاني"
"ar","GEL","لاري","لاري جورجي"
"ar","GHC","سيدي","سيدي غاني (قديم)"
"ar","GHS","سيدي","سيدي غاني"
"ar","GIP","جنيه جبل طارق","جنيه جبل طارق"
"ar","GMD","دالاسي","دالاسي غامبي"
"ar","GNF","فرنك","فرنك غيني"
"ar","GRD","دراخما","دراخما يوناني (قديم --> يورو)"
"ar","GTQ","كتزال","كتزال جواتيمالي"
"ar","GWP","بيزو غينيا","بيزو غينيا (قديم --> SHP)"
"ar","GYD","دولار غويانا","دولار غويانا"
"ar","HKD","دولار هونج كونج","دولار هونج كونج"
"ar","HNL","لمبيرة","لمبيرة هندوراسية"
"ar","HRK","كونا","كونا كرواتية (قديم --> يورو)"
"ar","HTG","جوردة","جوردة هايتية"
"ar","HUF","فورنت","فورنت مجري"
"ar","IDR","روبية","روبية إندونيسية"
"ar","IEP","جنيه أيرلندي","جنيه أيرلندي (قديم --> يورو)"
"ar","ILS","شيكل","شيكل إسرائيلي"
"ar","INR","روبية","روبية هندية"
"ar","IQD","دينار","دينار عراقي"
"ar","ISK","كرونة","كرونا أيسلندية"
"ar","ITL","ليرا","ليرا إيطالية (قديم --> يورو)"
"ar","JMD","دولار جامايكي","دولار جامايكي"
"ar","JOD","دينار أردني","دينار أردني"
"ar","JPY","ين","ين ياباني"
"ar","KES","شيلينغ","شلن كيني"
"ar","KGS","سوم","سوم قرغيزستاني"
"ar","KHR","ريال","ريال كمبودي"
"ar","KMF","فرنك جزر القمر","فرنك جزر القمر"
"ar","KRW","ون كوريا الجنوبية","ون كوريا الجنوبية"
"ar","KWD","دينار","دينار كويتي"
"ar","KYD","دولار كايمان","دولار جزر كايمان"
"ar","KZT","تينغ","تينغ كازاخستاني"
"ar","LAK","كيب","كيب لاوي"
"ar","LBP","ليرة لبنانية","ليرة لبنانية"
"ar","LKR","روبية سريلانكية","روبية سريلانكية"
"ar","LRD","دولار ليبيري","دولار ليبيري"
"ar","LSL","لوتي","لوتي ليسوتو"
"ar","LTL","ليتاس","ليتاس ليتواني"
"ar","LUF","فرنك لوكسمبورغ","فرنك لوكسمبورغ (قديم --> يورو)"
"ar","LVL","لات","لات لاتفيا"
"ar","LYD","دينار ليبي","دينار ليبي"
"ar","MAD","درهم","درهم مغربي"
"ar","MDL","ليو","ليو مولدوفي"
"ar","MGA","أرياري مدغشقري","أرياري مدغشقري"
"ar","MGF","فرنك مدغشقر","فرنك مدغشقر (قديم"
"ar","MKD","دينار مقدوني","دينار مقدوني"
"ar","MMK","كيات","كيات ميانماري"
"ar","MNT","توجريك","توجريك منغولي"
"ar","MOP","باتاكا","باتاكا ماكاوية"
"ar","MRO","أوقية","أوقية موريتانية"
"ar","MRU","أوقية","أوقية موريتانية"
"ar","MTL","مقاطعة ليرا","ليرا مالطية (قديم --> يورو)"
"ar","MUR","روبية","روبية موريتانية"
"ar","MVR","روفيه","روفيه جزر المالديف"
"ar","MWK","كواشا ملاوية","كواشا ملاوية"
"ar","MXN","بيزو","بيزو مكسيكي"
"ar","MYR","رينغيت","رينغيت ماليزي"
"ar","MZM","متكال","متكال موزمبيقي (قديم)"
"ar","MZN","متكال","متكال موزمبيقي"
"ar","NAD","دولار ناميبي","دولار ناميبي"
"ar","NGN","نيرا","نيرا نيجيرية"
"ar","NIO","كوردوبة أورو","كوردوبة أورو - نيكاراجوا"
"ar","NLG","خولده","خولده هولندي (قديم --> يورو)"
"ar","NOK","كرونة نرويجية","كرونة نرويجية"
"ar","NPR","روبية","روبية نيبالية"
"ar","NZD","دولار نيوزيلاندي","دولار نيوزيلاندي"
"ar","OMR","ريال عُماني","ريال عُماني"
"ar","PAB","بالبوا","بالبوا بنمية"
"ar","PEN","سول الجديد","سول الجديد - بيرو"
"ar","PGK","كينا","كينا - بابوا غينيا الجديدة"
"ar","PHP","بيزو","بيزو فلبيني"
"ar","PKR","روبية","روبية باكستانية"
"ar","PLN","زلوتي","زلوتي بولندي (جديد)"
"ar","PTE","إسكودو","اسكود برتغالي (قديم --> يورو)"
"ar","PYG","الغوارانية","جواراني - باراجواي"
"ar","QAR","ريال","ريال قطري"
"ar","ROL","ليو (قديم)","ليو روماني (قديم)"
"ar","RON","ليو","ليو روماني"
"ar","RSD","دينار صربي","دينار صربي"
"ar","RUB","روبل","روبل روسي"
"ar","RWF","فرنك","فرنك رواندي"
"ar","SAR","ريال","ريال سعودي"
"ar","SBD","دولار جزر سليمان","دولار جزر سليمان"
"ar","SCR","روبية","روبية سيشيلية"
"ar","SDD","دينار","دينار سوداني (قديم)"
"ar","SDG","جنية","جنيه سوداني"
"ar","SDP","جنية","جنيه سوداني (حتى 1992)"
"ar","SEK","كرونة سويدية","كرونة سويدية"
"ar","SGD","دولار سنغافوري","دولار سنغافوري"
"ar","SHP","جنيه س. هيليني","جنيه سانت هيليني"
"ar","SIT","تولار","تولار سلوفيني (قديم --> يورو)"
"ar","SKK","كرونة","كرونة سلوفاكية (قديم --> يورو)"
"ar","SLL","ليون","ليون سيراليوني"
"ar","SOS","شيلينغ","شلن صومالي"
"ar","SRD","دولار سورينامي","دولار سورينامي"
"ar","SRG","جلدر سورينامي","جلدر سورينامي (قديم)"
"ar","SSP","جنية","جنيه جنوب سوداني"
"ar","STD","دوبرا","دوبرا ساو توميه وبرينسيب"
"ar","SVC","كولون","كولون سلفادوري"
"ar","SZL","ليلانجيني","ليلانجيني سوازيلندي"
"ar","THB","بات","بات تايلاندي"
"ar","TJR","روبل","روبل طاجيكستاني (قديم)"
"ar","TJS","ساماني","ساماني طاجيكي"
"ar","TMM","منات (قديم)","منات تركمانستاني (قديم)"
"ar","TMT","مانات","منات تركمانستاني"
"ar","TND","دينار","دينار تونسي"
"ar","TOP","بانجا","بانجا تونجي"
"ar","TPE","اسكود تيموري","اسكود تيموري --> دولار أمريكي"
"ar","TRL","ليرا (قديم)","ليرا تركية (قديم)"
"ar","TRY","مقاطعة ليرا","ليرة تركية"
"ar","TTD","دولار ترينيدادي + توباغوي","دولار ترينيدادي وتوباغوي"
"ar","TWD","دولار","دولار تايواني جديد"
"ar","TZS","شيلينغ","شلن تنزاني"
"ar","UAH","هريفنا","هريفنا أوكرانية"
"ar","UGX","شيلينغ","شلن أوغندي"
"ar","USD","دولار أمريكي","دولار أمريكي"
"ar","UYU","بيزو","بيزو أوروجواي"
"ar","UZS","الإجمالي","سوم أوزبكستاني"
"ar","VEB","بوليفار (قديم)","بوليفار فنزويلي (قديم)"
"ar","VEF","بوليفار","بوليفار فنزويلي"
"ar","VES","بوليفار","بوليفار فنزويلي"
"ar","VND","دونج","دونج فيتنامي"
"ar","VUV","فاتو","فاتو فانواتي"
"ar","WST","تالا","تالا ساموي"
"ar","XAF","فرنك س.ف.أ","فرنك س.ف.أ وسط إفريقيا - الجابون"
"ar","XCD","دولار","دولار شرق الكاريبي"
"ar","XEU","E.C.U.","وحدة العملة الأوروبية (E.C.U.)"
"ar","XOF","فرنك غرب أفريقي","فرنك غرب أفريقي - بنين"
"ar","XPF","فرنك فرنسي (جزر المحيط الهادئ)","فرنك فرنسي (جزر المحيط الهادئ)"
"ar","YER","ريال يمني","ريال يمني"
"ar","YUM","دينار جديد","دينار يوغوسلافي جديد (قديم)"
"ar","ZAR","راند","راند جنوب أفريقي"
"ar","ZMK","كواشا","كواشا زامبي (قديم)"
"ar","ZMW","كواشا","كواشا زامبي (جديد)"
"ar","ZRN","زائير","زائير (قديم)"
"ar","ZWD","دولار زيمبابوي","دولار زيمبابوي (قديم)"
"ar","ZWL","دولار زيمبابوي","دولار زيمبابوي (جديد)"
"ar","ZWN","دولار زيمبابوي","دولار زيمبابوي (قديم)"
"ar","ZWR","دولار زيمبابوي","دولار زيمبابوي (قديم)"