locale,code,name,descr
"es_MX","ADP","Peseta","Peseta de Andorra --> (antigua --> EUR)"
"es_MX","AED","Dírham","Dírham de Emiratos Árabes Unidos"
"es_MX","AFA","Afgani","Afgani (antiguo)"
"es_MX","AFN","Afgani","Afgani"
"es_MX","ALL","Lek","Lek albanés"
"es_MX","AMD","Dram","Dram armenio"
"es_MX","ANG","Florín antillano","Florín antillano"
"es_MX","AOA","Kuanza","Kuanza angolano"
"es_MX","AON","Nueva kuanza","Nueva kuanza de Angola (antigua)"
"es_MX","AOR","Kuanza reajustada","Kuanza de Angola reajustada (antigua)"
"es_MX","ARS","Peso arg.","Peso argentino"
"es_MX","ATS","Chelín","Chelín austriaco (antiguo --> EUR)"
"es_MX","AUD","Dólar austral.","Dólar australiano"
"es_MX","AWG","Florín arubeño","Florín arubeño"
"es_MX","AZM","Manat","Manat azerbaiyano (antiguo)"
"es_MX","AZN","Manat","Manat azerbaiyano"
"es_MX","BAM","Marco convertible","Marco convertible bosnioherzegovino"
"es_MX","BBD","Dólar","Dólar barbad."
"es_MX","BDT","Taka","Taka de Bangladesh"
"es_MX","BEF","Franco belga","Franco belga (antiguo --> EUR)"
"es_MX","BGN","Leva","Leva búlgara"
"es_MX","BHD","Dinar","Dinar bareiní"
"es_MX","BIF","Franco burundés","Franco burundés"
"es_MX","BMD","Dólar bermudeño","Dólar bermudeño"
"es_MX","BND","Dólar","Dólar bruneano"
"es_MX","BOB","Boliviano","Boliviano"
"es_MX","BRL","Real","Real brasileño"
"es_MX","BSD","Dólar","Dólar bahameño"
"es_MX","BTN","Gultrum","Gultrum butanés"
"es_MX","BWP","Pula","Pula de Botsuana"
"es_MX","BYB","Rublo bieloruso","Rublo bieloruso (antiguo)"
"es_MX","BYN","Rublo bieloruso","Rublo bieloruso (nuevo)"
"es_MX","BYR","Rublo","Rublo bieloruso"
"es_MX","BZD","Dólar","Dólar beliceño"
"es_MX","CAD","Dólar canadien.","Dólar canadiense"
"es_MX","CDF","Franco congol.","Franco congoleño"
"es_MX","CHF","Franco suizo","Franco suizo"
"es_MX","CLP","Peso","Peso chileno"
"es_MX","CNY","Yuan","Yuan chino"
"es_MX","COP","Peso","Peso colombiano"
"es_MX","CRC","Colón costarr.","Colón costarricense"
"es_MX","CSD","Dinar serbio","Dinar serbio (antiguo)"
"es_MX","CUC","Peso convertib.","Peso convertible"
"es_MX","CVE","Escudo","Escudo de Cabo Verde"
"es_MX","CYP","Libra chipriota","Libra chipriota (antigua --> EUR)"
"es_MX","CZK","Corona","Corona checa"
"es_MX","DEM","Marco alemán","Marco alemán (antiguo --> EUR)"
"es_MX","DJF","Franco yibutiano","Franco yibutiano"
"es_MX","DKK","Corona danesa","Corona danesa"
"es_MX","DOP","Peso dominicano","Peso dominicano"
"es_MX","DZD","Dinar","Dinar argelino"
"es_MX","ECS","Sucre","Sucre ecuatoriano (antiguo --> USD)"
"es_MX","EEK","Corona","Corona estonia (antigua --> EUR)"
"es_MX","EGP","Libra","Libra egipcia"
"es_MX","ERN","Nakfa","Nakfa eritreo"
"es_MX","ESP","Peseta","Peseta española (antigua --> EUR)"
"es_MX","ETB","Bir","Bir etíope"
"es_MX","EUR","Euro","Euro europeo"
"es_MX","FIM","Marco finlandés","Marco finlandés (antiguo --> EUR)"
"es_MX","FJD","Dólar","Dólar fiyiano"
"es_MX","FKP","Libra isl.malv.","Libra de las Islas Malvinas"
"es_MX","FRF","Franco francés","Franco francés (antiguo --> EUR)"
"es_MX","GBP","Libra","Libra esterlina"
"es_MX","GEL","Lari","Lari georgiano"
"es_MX","GHC","Cedi","Cedi ghanés (antiguo)"
"es_MX","GHS","Cedi","Cedi ghanés"
"es_MX","GIP","Libra gibralt.","Libra gibraltareña"
"es_MX","GMD","Dalasi","Dalasi gambiano"
"es_MX","GNF","Franco","Franco guineano"
"es_MX","GRD","Dracma","Dracma griega (antigua --> EUR)"
"es_MX","GTQ","Quetzal","Quetzal guatemalteco"
"es_MX","GWP","Peso de Guinea","Peso de Guinea (antiguo --> SHP)"
"es_MX","GYD","Dólar guyanés","Dólar guyanés"
"es_MX","HKD","Dólar hongkonés","Dólar hongkonés"
"es_MX","HNL","Lempira","Lempira hondureño"
"es_MX","HRK","Kuna","Kuna croata (antigua --> EUR)"
"es_MX","HTG","Gurde","Gurde haitiano"
"es_MX","HUF","Forinto","Forinto húngaro"
"es_MX","IDR","Rupia","Rupia indonesia"
"es_MX","IEP","Libra irlandesa","Libra irlandesa (antigua --> EUR)"
"es_MX","ILS","Séquel","Séquel israelí"
"es_MX","INR","Rupia","Rupia india"
"es_MX","IQD","Dinar","Dinar iraquí"
"es_MX","ISK","Corona","Corona islandesa"
"es_MX","ITL","Lira","Lira italiana (antigua --> EUR)"
"es_MX","JMD","Dólar jamaicano","Dólar jamaicano"
"es_MX","JOD","Dinar jordano","Dinar jordano"
"es_MX","JPY","Yen","Yen japonés"
"es_MX","KES","Chelín","Chelín keniata"
"es_MX","KGS","Som","Som kirguís"
"es_MX","KHR","Riel","Riel camboyano"
"es_MX","KMF","Franco comoren.","Franco comorense"
"es_MX","KRW","Won surcoreano","Won surcoreano"
"es_MX","KWD","Dinar","Dinar kuwaití"
"es_MX","KYD","Dolar caimanés","Dólar caimanés"
"es_MX","KZT","Tenge","Tenge kazajo"
"es_MX","LAK","Kip","Kip laosiano"
"es_MX","LBP","Libra libanesa","Libra libanesa"
"es_MX","LKR","Rupia esrilanq.","Rupia esrilanquesa"
"es_MX","LRD","Dólar liberiano","Dólar liberiano"
"es_MX","LSL","Loti","Loti de Lesoto"
"es_MX","LTL","Litas","Litas lituana"
"es_MX","LUF","Franco luxemburgués","Franco luxemburgués (antiguo --> EUR)"
"es_MX","LVL","Lats","Lats letón"
"es_MX","LYD","Dinar libio","Dinar libio"
"es_MX","MAD","Dírham","Dírham marroquí"
"es_MX","MDL","Leu","Leu moldavo"
"es_MX","MGA","Ariari malgache","Ariari malgache"
"es_MX","MGF","Franco malgache","Franco malgache (antiguo)"
"es_MX","MKD","Denar macedonio","Denar macedonio"
"es_MX","MMK","Kiat","Kiat birmano"
"es_MX","MNT","Tugrik","Tugrik mongol"
"es_MX","MOP","Pataca","Pataca de Macao"
"es_MX","MRO","Uguiya","Uguiya mauritana"
"es_MX","MRU","Uguiya","Uguiya mauritana"
"es_MX","MTL","Lira","Lira maltesa (antigua --> EUR)"
"es_MX","MUR","Rupia","Rupia mauriciana"
"es_MX","MVR","Rufiya","Rufiya"
"es_MX","MWK","Kuacha malauí","Kuacha malauí"
"es_MX","MXN","Peso","Pesos mexicanos"
"es_MX","MYR","Ringit","Ringit malasio"
"es_MX","MZM","Metical","Metical mozambiqueño (antiguo)"
"es_MX","MZN","Metical","Metical de Mozambique"
"es_MX","NAD","Dólar namibio","Dólar namibio"
"es_MX","NGN","Naira","Naira"
"es_MX","NIO","Oro de Córdoba","Oro de Córdoba de Nicaragua"
"es_MX","NLG","Florín","Florín neerlandés (antiguo --> EUR)"
"es_MX","NOK","Corona noruega","Corona noruega"
"es_MX","NPR","Rupia","Rupia nepalesa"
"es_MX","NZD","Dólar neozelandés","Dólar neozelandés"
"es_MX","OMR","Rial omaní","Rial omaní"
"es_MX","PAB","Balboa","Balboa panameño"
"es_MX","PEN","Nuevo sol","Nuevo sol peruano"
"es_MX","PGK","Kina","Kina de Papúa Nueva Guinea"
"es_MX","PHP","Peso","Peso filipino"
"es_MX","PKR","Rupia","Rupia pakistaní"
"es_MX","PLN","Zloty","Zloty polaco (nuevo)"
"es_MX","PTE","Escudo","Escudo portugués (antiguo --> EUR)"
"es_MX","PYG","Guaraní","Guaraní paraguayo"
"es_MX","QAR","Rial","Rial catarí"
"es_MX","ROL","Leu (antiguo)","Leu rumano (antiguo)"
"es_MX","RON","Leu","Leu rumano"
"es_MX","RSD","Dinar serbio","Dinar serbio"
"es_MX","RUB","Rublo","Rublo ruso"
"es_MX","RWF","Franco","Franco ruandés"
"es_MX","SAR","Rial","Riyal saudí"
"es_MX","SBD","Dólar salomon.","Dólar salomonense"
"es_MX","SCR","Rupia","Rupia seychellense"
"es_MX","SDD","Dinar","Dinar sudanés (antiguo)"
"es_MX","SDG","Libra","Libra sudanesa"
"es_MX","SDP","Libra","Libra sudanesa (hasta 1992)"
"es_MX","SEK","Corona sueca","Corona sueca"
"es_MX","SGD","Dólar singap.","Dólar singapurense"
"es_MX","SHP","Libra St.Helena","Libra de Santa Helena"
"es_MX","SIT","Tólar","Tólar esloveno (antiguo --> EUR)"
"es_MX","SKK","Corona","Corona eslovaca (antigua --> EUR)"
"es_MX","SLL","Leone","Leone de Sierra Leona"
"es_MX","SOS","Chelín","Chelín somalí"
"es_MX","SRD","Dólar surinamés","Dólar surinamés"
"es_MX","SRG","Florín surinamés","Florín surinamés (antiguo)"
"es_MX","SSP","Libra","Libra sursudanesa"
"es_MX","STD","Dobra","Dobra de Santo Tomé y Príncipe"
"es_MX","SVC","Colón","Colón salvadoreño"
"es_MX","SZL","Lilangeni","Lilangeni de Suazilandia"
"es_MX","THB","Baht","Baht tailandés"
"es_MX","TJR","Rublo","Rublo tayiko (antiguo)"
"es_MX","TJS","Somoni","Somoni tayiko"
"es_MX","TMM","Manat (antiguo)","Manat turcomano"
"es_MX","TMT","Manat","Manat turkmeno"
"es_MX","TND","Dinar","Dinar tunecino"
"es_MX","TOP","Paanga","Paanga tongano"
"es_MX","TPE","Escudo timorense","Escudo timorense --> USD"
"es_MX","TRL","Lira (antigua)","Lira turca (antigua)"
"es_MX","TRY","Lira","Lira turca"
"es_MX","TTD","Dólar trinit.","Dólar trinitense"
"es_MX","TWD","Dólar","Dólar taiwanés"
"es_MX","TZS","Chelín","Chelín tanzano"
"es_MX","UAH","Grivna","Grivna de Ucrania"
"es_MX","UGX","Chelín","Chelín ugandés"
"es_MX","USD","Dólar estadoun.","Dólar estadounidense"
"es_MX","UYU","Peso","Peso uruguayo"
"es_MX","UZS","Total","Sum uzbeko"
"es_MX","VEB","Bolívar (antiguo)","Bolívar venezolano (antiguo)"
"es_MX","VEF","Bolívar","Bolívar venezolano"
"es_MX","VES","Bolívar","Bolívar venezolano"
"es_MX","VND","Dong","Dong vietnamita"
"es_MX","VUV","Vatu","Vatu de Vanuatu"
"es_MX","WST","Tala","Tala de Samoa"
"es_MX","XAF","Franco CFA BEAC","Franco CFA de Gabón BEAC"
"es_MX","XCD","Dólar","Dólar del Caribe Oriental"
"es_MX","XEU","E.C.U.","Unidad Monetaria Europea (E.C.U.)"
"es_MX","XOF","Franc.CFA BCEAO","Franco de Benín [CFA (BCEAO)]"
"es_MX","XPF","Franco fr.(Isl.Pac.)","Franco francés (Islas del Pacífico)"
"es_MX","YER","Riyal yemení","Riyal yemení"
"es_MX","YUM","Nuevo dinar","Nuevo dinar yugoslavo"
"es_MX","ZAR","Rand","Rand sudafricano"
"es_MX","ZMK","Kwacha","Kwacha zambiano (antiguo)"
"es_MX","ZMW","Kwacha","Kwacha zambiano (nuevo)"
"es_MX","ZRN","Zaire","Zaire (antiguo)"
"es_MX","ZWD","Dólar zimbab.","Dólar zimbabuense (antiguo)"
"es_MX","ZWL","Dólar zimbab.","Dólar zimbabuense (nuevo)"
"es_MX","ZWN","Dólar zimbab.","Dólar zimbabuense (antiguo)"
"es_MX","ZWR","Dólar zimbab.","Dólar zimbabuense (antiguo)"