locale,code,name,descr
"fi","ADP","peseta","Andorran peseta --> (vanha --> EUR)"
"fi","AED","dirhami","Yhdistyneiden arabiemiirikuntien dirhami"
"fi","AFA","afgaani","afgaani (vanha)"
"fi","AFN","afgaani","afgaani"
"fi","ALL","lek","Albanian lek"
"fi","AMD","dram","Armenian dram"
"fi","ANG","L-Intian guldeni","Länsi-Intian guldeni"
"fi","AOA","kwanza","Angolan kwanza"
"fi","AON","uusi kwanza","Angolan uusi kwanza (vanha)"
"fi","AOR","kwanza reajust.","Angolan kwanza reajustado (vanha)"
"fi","ARS","Arg. peso","Argentiinan peso"
"fi","ATS","šillinki","Itävallan šillinki (vanha --> EUR)"
"fi","AUD","Austr. dollari","Australian dollari"
"fi","AWG","Aruban floriini","Aruban floriini"
"fi","AZM","manat","Azerbaidžanin manat (vanha)"
"fi","AZN","manat","Azerbaidžanin manat"
"fi","BAM","Vaihd. markka","Bosnian ja Hertsegovinan vaihd. markka"
"fi","BBD","dollari","Barbadosin dollari"
"fi","BDT","taka","Bangladeshin taka"
"fi","BEF","Belgian frangi","Belgian frangi (vanha --> EUR)"
"fi","BGN","lev","Bulgarian lev"
"fi","BHD","dinaari","Bahrainin dinaari"
"fi","BIF","Burundin frangi","Burundin frangi"
"fi","BMD","Bermudan doll.","Bermudan dollari"
"fi","BND","dollari","Brunein dollari"
"fi","BOB","boliviano","boliviano"
"fi","BRL","real","Brasilian real"
"fi","BSD","dollari","Bahaman dollari"
"fi","BTN","ngultrum","Bhutanin ngultrum"
"fi","BWP","pula","Botswanan pula"
"fi","BYB","Valko-V. rupla","Valko-Venäjän rupla (vanha)"
"fi","BYN","Valko-V. uusi rupla","Valko-Venäjän rupla (uusi)"
"fi","BYR","rupla","Valko-Venäjän rupla"
"fi","BZD","dollari","Belizen dollari"
"fi","CAD","Kanadan dollari","Kanadan dollari"
"fi","CDF","Kongon frangi","Kongon frangi"
"fi","CHF","Sveitsin frangi","Sveitsin frangi"
"fi","CLP","peso","Chilen peso"
"fi","CNY","renminbi","Kiinan renminbi"
"fi","COP","peso","Kolumbian peso"
"fi","CRC","Cost.Rica colon","Costa Rican colon"
"fi","CSD","Serbian dinaari","Serbian dinaari (vanha)"
"fi","CUC","Vaihdett. peso","Vaihdettava peso"
"fi","CVE","escudo","Kap Verden escudo"
"fi","CYP","Kyproksen punta","Kyproksen punta (vanha --> EUR)"
"fi","CZK","kruunu","Tšekin kruunu"
"fi","DEM","Saksan markka","Saksan markka (vanha --> EUR)"
"fi","DJF","Djiboutin frangi","Djiboutin frangi"
"fi","DKK","Tanskan kruunu","Tanskan kruunu"
"fi","DOP","Dom.tasav. peso","Dominikaanisen tasavallan peso"
"fi","DZD","dinaari","Algerian dinaari"
"fi","ECS","sucre","Ecuadorin sucre (vanha --> USD)"
"fi","EEK","kruunu","Viron kruunu (vanha --> EUR)"
"fi","EGP","punta","Egyptin punta"
"fi","ERN","nakfa","Eritrean nakfa"
"fi","ESP","peseta","Espanjan peseta (vanha --> EUR)"
"fi","ETB","birr","Etiopian birr"
"fi","EUR","euro","Euroopan euro"
"fi","FIM","Suomen markka","Suomen markka (vanha --> EUR)"
"fi","FJD","dollari","Fidžin dollari"
"fi","FKP","Falkland punta","Falklandin punta"
"fi","FRF","Ranskan frangi","Ranskan frangi (vanha --> EUR)"
"fi","GBP","punta","Englannin punta"
"fi","GEL","lari","Georgian lari"
"fi","GHC","cedi","Ghanan cedi (vanha)"
"fi","GHS","cedi","Ghanan cedi"
"fi","GIP","Gibraltar punta","Gibraltarin punta"
"fi","GMD","dalasi","Gambian dalasi"
"fi","GNF","frangi","Guinean frangi"
"fi","GRD","drakma","Kreikan drakma (vanha --> EUR)"
"fi","GTQ","quetzal","Guatemalan quetzal"
"fi","GWP","Guinean peso","Guinean peso (vanha --> SHP)"
"fi","GYD","Guyanan dollari","Guyanan dollari"
"fi","HKD","Hongk. dollari","Hongkongin dollari"
"fi","HNL","lempira","Hondurasin lempira"
"fi","HRK","kuna","Kroatian kuna (vanha --> EUR)"
"fi","HTG","gourde","Haitin gourde"
"fi","HUF","forintti","Unkarin forintti"
"fi","IDR","rupia","Indonesian rupia"
"fi","IEP","Irlannin punta","Irlannin punta (vanha --> EUR)"
"fi","ILS","sekeli","Israelin sekeli"
"fi","INR","rupia","Intian rupia"
"fi","IQD","dinaari","Irakin dinaari"
"fi","ISK","kruunu","Islannin kruunu"
"fi","ITL","liira","Italian liira (vanha --> EUR)"
"fi","JMD","Jamaikan dollari","Jamaikan dollari"
"fi","JOD","Jordanian din.","Jordanian dinaari"
"fi","JPY","jeni","Japanin jeni"
"fi","KES","šillinki","Kenian šillinki"
"fi","KGS","som","Kirgisian som"
"fi","KHR","riel","Kambodžan riel"
"fi","KMF","Komorien frangi","Komorien frangi"
"fi","KRW","E-Korean won","Etelä-Korean won"
"fi","KWD","dinaari","Kuwaitin dinaari"
"fi","KYD","Caymans. doll.","Caymansaarten dollari"
"fi","KZT","tenge","Kazakstanin tenge"
"fi","LAK","kip","Laosin kip"
"fi","LBP","Libanonin punta","Libanonin punta"
"fi","LKR","Sri Lanka rupia","Sri Lankan rupia"
"fi","LRD","Liberian doll.","Liberian dollari"
"fi","LSL","loti","Lesothon loti"
"fi","LTL","lita","Liettuan lita"
"fi","LUF","Lux. frangi","Luxemburgin frangi (vanha --> EUR)"
"fi","LVL","lat","Latvian lat"
"fi","LYD","Libyan dinaari","Libyan dinaari"
"fi","MAD","dirhami","Marokon dirhami"
"fi","MDL","leu","Moldovan leu"
"fi","MGA","Madagask.Ariary","Madagaskarin ariary"
"fi","MGF","Madagaskarin fr.","Madagaskarin frangi (vanha)"
"fi","MKD","Maked. denaari","Makedonian denaari"
"fi","MMK","kyat","Myanmarin kyat"
"fi","MNT","tugrik","Mongolian tugrik"
"fi","MOP","pataca","Macaon pataca"
"fi","MRO","ouguiya","Mauritanian ouguiya"
"fi","MRU","ouguiya","Mauritanian ouguiya"
"fi","MTL","liira","Maltan liira (vanha --> EUR)"
"fi","MUR","rupia","Mauritiuksen rupia"
"fi","MVR","rufiyaa","Malediivien rufiyaa"
"fi","MWK","Malawin kwacha","Malawin kwacha"
"fi","MXN","peso","Meksikon peso"
"fi","MYR","ringgit","Malesian ringgit"
"fi","MZM","metical","Mosambikin metical (vanha)"
"fi","MZN","metical","Mosambikin metical"
"fi","NAD","Namibian doll.","Namibian dollari"
"fi","NGN","naira","Nigerian naira"
"fi","NIO","córdoba oro","Nicaraguan córdoba oro"
"fi","NLG","guldeni","Alankomaiden guldeni (vanha --> EUR)"
"fi","NOK","Norjan kruunu","Norjan kruunu"
"fi","NPR","rupia","Nepalin rupia"
"fi","NZD","U-Seel. dollari","Uuden-Seelannin dollari"
"fi","OMR","Omanin rial","Omanin rial"
"fi","PAB","balboa","Panaman balboa"
"fi","PEN","uusi sol","Perun uusi sol"
"fi","PGK","kina","Papua-Uuden-Guinean kina"
"fi","PHP","peso","Filippiinien peso"
"fi","PKR","rupia","Pakistanin rupia"
"fi","PLN","zloty","Puolan zloty (uusi)"
"fi","PTE","escudo","Portugalin escudo (vanha --> EUR)"
"fi","PYG","guarani","Paraguayn guarani"
"fi","QAR","rial","Qatarin rial"
"fi","ROL","leu (vanha)","Romanian leu (vanha)"
"fi","RON","leu","Romanian leu"
"fi","RSD","Serbian dinaari","Serbian dinaari"
"fi","RUB","rupla","Venäjän rupla"
"fi","RWF","frangi","Ruandan frangi"
"fi","SAR","rial","Saudi-Arabian rial"
"fi","SBD","Salomons. dollari","Salomonsaarten dollari"
"fi","SCR","rupia","Seychellien rupia"
"fi","SDD","dinaari","Sudanin dinaari (vanha)"
"fi","SDG","punta","Sudanin punta"
"fi","SDP","punta","Sudanin punta (v. 1992 asti)"
"fi","SEK","Ruotsin kruunu","Ruotsin kruunu"
"fi","SGD","Sing. dollari","Singaporen dollari"
"fi","SHP","St. Hel. punta","Saint Helenan punta"
"fi","SIT","tolar","Slovenian tolar (vanha --> EUR)"
"fi","SKK","kruunu","Slovakian kruunu (vanha --> EUR)"
"fi","SLL","leone","Sierra Leonen leone"
"fi","SOS","šillinki","Somalian šillinki"
"fi","SRD","Surinamin doll.","Surinamin dollari"
"fi","SRG","Surinamin guldeni","Surinamin guldeni (vanha)"
"fi","SSP","punta","Etelä-Sudanin punta"
"fi","STD","dobra","São Tomén ja Príncipen dobra"
"fi","SVC","colon","El Salvadorin colon"
"fi","SZL","lilangeni","Swazimaan lilangeni"
"fi","THB","baht","Thaimaan baht"
"fi","TJR","rupla","Tadžikistanin rupla (vanha)"
"fi","TJS","somoni","Tadžikistanin somoni"
"fi","TMM","manat (vanha)","Turkmenistanin manat (vanha)"
"fi","TMT","manat","Turkmenistanin manat"
"fi","TND","dinaari","Tunisian dinaari"
"fi","TOP","pa'anga","Tongan pa'anga"
"fi","TPE","Timorin escudo","Timorin escudo --> USD"
"fi","TRL","liira (vanha)","Turkin liira (vanha)"
"fi","TRY","liira","Turkin liira"
"fi","TTD","T. + T. dollari","Trinidadin ja Tobagon dollari"
"fi","TWD","dollari","Taiwanin uusi dollari"
"fi","TZS","šillinki","Tansanian šillinki"
"fi","UAH","hryvnia","Ukrainan hryvnia"
"fi","UGX","šillinki","Ugandan šillinki"
"fi","USD","USA:n dollari","Yhdysvaltain dollari"
"fi","UYU","peso","Uruguayn peso"
"fi","UZS","Summa","Uzbekistanin som"
"fi","VEB","bolivar (vanha)","Venezuelan bolivar (vanha)"
"fi","VEF","bolivar","Venezuelan bolivar"
"fi","VES","bolivar","Venezuelan bolivar"
"fi","VND","dong","Vietnamin dong"
"fi","VUV","vatu","Vanuatun vatu"
"fi","WST","tala","Samoan tala"
"fi","XAF","CFA-frangi BEAC","Gabonin CFA-frangi BEAC"
"fi","XCD","dollari","Itä-Karibian dollari"
"fi","XEU","ECU","Euroopan valuuttayksikkö (ECU)"
"fi","XOF","CFA-frangi BCEAO","Beninin CFA-frangi BCEAO"
"fi","XPF","Ranskan fr. (Tyynenm.)","Ranskan frangi (Tyynenmeren saaret)"
"fi","YER","Jemenin rial","Jemenin rial"
"fi","YUM","Uusi dinaari","Jugoslavian uusi dinaari (vanha)"
"fi","ZAR","randi","Etelä-Afrikan randi"
"fi","ZMK","kwacha","Sambian kwacha (vanha)"
"fi","ZMW","kwacha","Sambian kwacha (uusi)"
"fi","ZRN","zaire","zaire (vanha)"
"fi","ZWD","Zimbabwen dollari","Zimbabwen dollari (vanha)"
"fi","ZWL","Zimbabwen dollari","Zimbabwen dollari (uusi)"
"fi","ZWN","Zimbabwen dollari","Zimbabwen dollari (vanha)"
"fi","ZWR","Zimbabwen dollari","Zimbabwen dollari (vanha)"